date,contract,board,rank,member_enc,qty,chg,member
2024-08-26,CU2409,volume,1,%D6%D0%D0%C5%C6%DA%BB%F5,12139,1914.0,中信期货
2024-08-26,CU2409,volume,2,%B6%AB%D6%A4%C6%DA%BB%F5,11474,3203.0,东证期货
2024-08-26,CU2409,volume,3,%B9%FA%CC%A9%BE%FD%B0%B2,8275,1112.0,国泰君安
2024-08-26,CU2409,volume,4,%BD%F0%C8%F0%C6%DA%BB%F5,7672,2623.0,金瑞期货
2024-08-26,CU2409,volume,5,%BA%A3%CD%A8%C6%DA%BB%F5,5018,919.0,海通期货
2024-08-26,CU2409,volume,6,%B9%FA%CD%B6%B0%B2%D0%C5,3779,3399.0,国投安信
2024-08-26,CU2409,volume,7,%B7%BD%D5%FD%D6%D0%C6%DA,3434,939.0,方正中期
2024-08-26,CU2409,volume,8,%D2%F8%BA%D3%C6%DA%BB%F5,3198,1817.0,银河期货
2024-08-26,CU2409,volume,9,%BB%AA%CC%A9%C6%DA%BB%F5,3007,-2038.0,华泰期货
2024-08-26,CU2409,volume,10,%D5%E3%C9%CC%C6%DA%BB%F5,2847,1579.0,浙商期货
2024-08-26,CU2409,volume,11,%D6%D0%CC%A9%C6%DA%BB%F5,2719,336.0,中泰期货
2024-08-26,CU2409,volume,12,%CE%E5%BF%F3%C6%DA%BB%F5,2306,-881.0,五矿期货
2024-08-26,CU2409,volume,13,%C4%CF%BB%AA%C6%DA%BB%F5,1886,-196.0,南华期货
2024-08-26,CU2409,volume,14,%CD%AD%B9%DA%BD%F0%D4%B4,1881,452.0,铜冠金源
2024-08-26,CU2409,volume,15,%D3%C0%B0%B2%C6%DA%BB%F5,1858,1035.0,永安期货
2024-08-26,CU2409,volume,16,%B9%FA%D0%C5%C6%DA%BB%F5,1765,88.0,国信期货
2024-08-26,CU2409,volume,17,%B1%A6%B3%C7%C6%DA%BB%F5,1680,1200.0,宝城期货
2024-08-26,CU2409,volume,18,%C9%EA%CD%F2%C6%DA%BB%F5,1654,634.0,申万期货
2024-08-26,CU2409,volume,19,%BD%F0%D4%AA%C6%DA%BB%F5,1610,1263.0,金元期货
2024-08-26,CU2409,volume,20,%B9%E3%B7%A2%C6%DA%BB%F5,1586,575.0,广发期货
2024-08-26,CU2409,volume,999,TOTAL,79788,,TOTAL
2024-08-26,CU2409,long,1,%CD%AD%B9%DA%BD%F0%D4%B4,8458,-394.0,铜冠金源
2024-08-26,CU2409,long,2,%BD%F0%C8%F0%C6%DA%BB%F5,8072,367.0,金瑞期货
2024-08-26,CU2409,long,3,%B9%FA%CC%A9%BE%FD%B0%B2,7321,-432.0,国泰君安
2024-08-26,CU2409,long,4,%BD%A8%D0%C5%C6%DA%BB%F5,5930,-106.0,建信期货
2024-08-26,CU2409,long,5,%D6%D0%D0%C5%C6%DA%BB%F5,5587,-1014.0,中信期货
2024-08-26,CU2409,long,6,%B6%AB%D6%A4%C6%DA%BB%F5,4481,1027.0,东证期货
2024-08-26,CU2409,long,7,%CE%E5%BF%F3%C6%DA%BB%F5,3413,-784.0,五矿期货
2024-08-26,CU2409,long,8,%D6%D0%C1%B8%C6%DA%BB%F5,3246,-215.0,中粮期货
2024-08-26,CU2409,long,9,%B7%BD%D5%FD%D6%D0%C6%DA,2952,-1911.0,方正中期
2024-08-26,CU2409,long,10,%B9%E3%D6%DD%C6%DA%BB%F5,2764,-248.0,广州期货
2024-08-26,CU2409,long,11,%D6%D0%BA%BD%C6%DA%BB%F5,2742,-93.0,中航期货
2024-08-26,CU2409,long,12,%B1%A6%B3%C7%C6%DA%BB%F5,2283,-381.0,宝城期货
2024-08-26,CU2409,long,13,%BA%EB%D2%B5%C6%DA%BB%F5,2188,-140.0,弘业期货
2024-08-26,CU2409,long,14,%D2%F8%BA%D3%C6%DA%BB%F5,2037,12.0,银河期货
2024-08-26,CU2409,long,15,%B9%E2%B4%F3%C6%DA%BB%F5,1925,-437.0,光大期货
2024-08-26,CU2409,long,16,%BB%AA%CC%A9%C6%DA%BB%F5,1740,-326.0,华泰期货
2024-08-26,CU2409,long,17,%B9%E3%B7%A2%C6%DA%BB%F5,1444,256.0,广发期货
2024-08-26,CU2409,long,18,%B6%AB%CE%E2%C6%DA%BB%F5,1416,-63.0,东吴期货
2024-08-26,CU2409,long,19,%D6%D0%D0%C5%BD%A8%CD%B6,1403,55.0,中信建投
2024-08-26,CU2409,long,20,%C8%F0%B4%EF%C6%DA%BB%F5,1395,-10.0,瑞达期货
2024-08-26,CU2409,long,999,TOTAL,70797,,TOTAL
2024-08-26,CU2409,short,1,%BD%F0%C8%F0%C6%DA%BB%F5,11052,-3353.0,金瑞期货
2024-08-26,CU2409,short,2,%D6%D0%D0%C5%C6%DA%BB%F5,10096,-1673.0,中信期货
2024-08-26,CU2409,short,3,%B9%FA%CC%A9%BE%FD%B0%B2,4807,-641.0,国泰君安
2024-08-26,CU2409,short,4,%CE%E5%BF%F3%C6%DA%BB%F5,4096,-215.0,五矿期货
2024-08-26,CU2409,short,5,%C9%BD%BD%F0%C6%DA%BB%F5,4045,-201.0,山金期货
2024-08-26,CU2409,short,6,%B6%AB%D6%A4%C6%DA%BB%F5,3556,149.0,东证期货
2024-08-26,CU2409,short,7,%D2%F8%BA%D3%C6%DA%BB%F5,2989,-265.0,银河期货
2024-08-26,CU2409,short,8,%BB%AA%CC%A9%C6%DA%BB%F5,2828,-281.0,华泰期货
2024-08-26,CU2409,short,9,%D6%D0%CC%A9%C6%DA%BB%F5,2653,139.0,中泰期货
2024-08-26,CU2409,short,10,%B9%FA%CD%B6%B0%B2%D0%C5,2356,-475.0,国投安信
2024-08-26,CU2409,short,11,%CD%AD%B9%DA%BD%F0%D4%B4,2235,293.0,铜冠金源
2024-08-26,CU2409,short,12,%B9%FA%C3%B3%C6%DA%BB%F5,2134,-22.0,国贸期货
2024-08-26,CU2409,short,13,%D6%D0%C1%B8%C6%DA%BB%F5,2060,4.0,中粮期货
2024-08-26,CU2409,short,14,%D4%C6%B3%BF%C6%DA%BB%F5,1762,-59.0,云晨期货
2024-08-26,CU2409,short,15,%C4%CF%BB%AA%C6%DA%BB%F5,1679,202.0,南华期货
2024-08-26,CU2409,short,16,%B9%E2%B4%F3%C6%DA%BB%F5,1462,468.0,光大期货
2024-08-26,CU2409,short,17,%D2%BB%B5%C2%C6%DA%BB%F5,1413,-718.0,一德期货
2024-08-26,CU2409,short,18,%D3%C0%B0%B2%C6%DA%BB%F5,1385,-774.0,永安期货
2024-08-26,CU2409,short,19,%D7%CF%BD%F0%CC%EC%B7%E7,1253,-155.0,紫金天风
2024-08-26,CU2409,short,20,%BA%EB%D2%B5%C6%DA%BB%F5,1210,182.0,弘业期货
2024-08-26,CU2409,short,999,TOTAL,65071,,TOTAL
2024-08-27,CU2409,volume,1,%D6%D0%D0%C5%C6%DA%BB%F5,7416,-4723.0,中信期货
2024-08-27,CU2409,volume,2,%B6%AB%D6%A4%C6%DA%BB%F5,6258,-5216.0,东证期货
2024-08-27,CU2409,volume,3,%BD%F0%C8%F0%C6%DA%BB%F5,5154,-2518.0,金瑞期货
2024-08-27,CU2409,volume,4,%B9%FA%CC%A9%BE%FD%B0%B2,5094,-3181.0,国泰君安
2024-08-27,CU2409,volume,5,%BA%A3%CD%A8%C6%DA%BB%F5,2758,-2260.0,海通期货
2024-08-27,CU2409,volume,6,%D6%D0%CC%A9%C6%DA%BB%F5,2020,-699.0,中泰期货
2024-08-27,CU2409,volume,7,%B7%BD%D5%FD%D6%D0%C6%DA,1811,-1623.0,方正中期
2024-08-27,CU2409,volume,8,%D4%C6%B3%BF%C6%DA%BB%F5,1595,950.0,云晨期货
2024-08-27,CU2409,volume,9,%CE%E5%BF%F3%C6%DA%BB%F5,1577,-729.0,五矿期货
2024-08-27,CU2409,volume,10,%C4%CF%BB%AA%C6%DA%BB%F5,1547,-339.0,南华期货
2024-08-27,CU2409,volume,11,%B9%E2%B4%F3%C6%DA%BB%F5,1464,185.0,光大期货
2024-08-27,CU2409,volume,12,%D6%D0%BB%D4%C6%DA%BB%F5,1186,84.0,中辉期货
2024-08-27,CU2409,volume,13,%C9%BD%BD%F0%C6%DA%BB%F5,1181,466.0,山金期货
2024-08-27,CU2409,volume,14,%D6%D0%C1%B8%C6%DA%BB%F5,1142,471.0,中粮期货
2024-08-27,CU2409,volume,15,%BB%AA%CC%A9%C6%DA%BB%F5,1113,-1894.0,华泰期货
2024-08-27,CU2409,volume,16,%B9%FA%C3%B3%C6%DA%BB%F5,1069,286.0,国贸期货
2024-08-27,CU2409,volume,17,%D2%F8%BA%D3%C6%DA%BB%F5,1036,-2162.0,银河期货
2024-08-27,CU2409,volume,18,%CD%AD%B9%DA%BD%F0%D4%B4,979,-902.0,铜冠金源
2024-08-27,CU2409,volume,19,%BB%AA%CE%C5%C6%DA%BB%F5,903,96.0,华闻期货
2024-08-27,CU2409,volume,20,%B1%A6%B3%C7%C6%DA%BB%F5,893,-787.0,宝城期货
2024-08-27,CU2409,volume,999,TOTAL,46196,,TOTAL
2024-08-27,CU2409,long,1,%CD%AD%B9%DA%BD%F0%D4%B4,8155,-303.0,铜冠金源
2024-08-27,CU2409,long,2,%BD%F0%C8%F0%C6%DA%BB%F5,7184,-888.0,金瑞期货
2024-08-27,CU2409,long,3,%B9%FA%CC%A9%BE%FD%B0%B2,5990,-1331.0,国泰君安
2024-08-27,CU2409,long,4,%BD%A8%D0%C5%C6%DA%BB%F5,5925,-5.0,建信期货
2024-08-27,CU2409,long,5,%D6%D0%D0%C5%C6%DA%BB%F5,4640,-947.0,中信期货
2024-08-27,CU2409,long,6,%B6%AB%D6%A4%C6%DA%BB%F5,3289,-1192.0,东证期货
2024-08-27,CU2409,long,7,%B7%BD%D5%FD%D6%D0%C6%DA,2869,-83.0,方正中期
2024-08-27,CU2409,long,8,%B9%E3%D6%DD%C6%DA%BB%F5,2757,-7.0,广州期货
2024-08-27,CU2409,long,9,%CE%E5%BF%F3%C6%DA%BB%F5,2756,-657.0,五矿期货
2024-08-27,CU2409,long,10,%D6%D0%C1%B8%C6%DA%BB%F5,2756,-490.0,中粮期货
2024-08-27,CU2409,long,11,%D6%D0%BA%BD%C6%DA%BB%F5,2627,-115.0,中航期货
2024-08-27,CU2409,long,12,%B1%A6%B3%C7%C6%DA%BB%F5,2293,10.0,宝城期货
2024-08-27,CU2409,long,13,%BA%EB%D2%B5%C6%DA%BB%F5,2046,-142.0,弘业期货
2024-08-27,CU2409,long,14,%D2%F8%BA%D3%C6%DA%BB%F5,1812,-225.0,银河期货
2024-08-27,CU2409,long,15,%BB%AA%CC%A9%C6%DA%BB%F5,1563,-177.0,华泰期货
2024-08-27,CU2409,long,16,%C8%F0%B4%EF%C6%DA%BB%F5,1399,4.0,瑞达期货
2024-08-27,CU2409,long,17,%B6%AB%CE%E2%C6%DA%BB%F5,1369,-47.0,东吴期货
2024-08-27,CU2409,long,18,%D6%D0%D0%C5%BD%A8%CD%B6,1354,-49.0,中信建投
2024-08-27,CU2409,long,19,%D5%E3%C9%CC%C6%DA%BB%F5,1342,30.0,浙商期货
2024-08-27,CU2409,long,20,%C9%EA%CD%F2%C6%DA%BB%F5,1286,-72.0,申万期货
2024-08-27,CU2409,long,999,TOTAL,63412,,TOTAL
2024-08-27,CU2409,short,1,%BD%F0%C8%F0%C6%DA%BB%F5,9312,-1740.0,金瑞期货
2024-08-27,CU2409,short,2,%D6%D0%D0%C5%C6%DA%BB%F5,8633,-1463.0,中信期货
2024-08-27,CU2409,short,3,%B9%FA%CC%A9%BE%FD%B0%B2,4664,-143.0,国泰君安
2024-08-27,CU2409,short,4,%CE%E5%BF%F3%C6%DA%BB%F5,3746,-350.0,五矿期货
2024-08-27,CU2409,short,5,%C9%BD%BD%F0%C6%DA%BB%F5,3745,-300.0,山金期货
2024-08-27,CU2409,short,6,%B6%AB%D6%A4%C6%DA%BB%F5,2958,-598.0,东证期货
2024-08-27,CU2409,short,7,%D2%F8%BA%D3%C6%DA%BB%F5,2610,-379.0,银河期货
2024-08-27,CU2409,short,8,%CD%AD%B9%DA%BD%F0%D4%B4,2501,266.0,铜冠金源
2024-08-27,CU2409,short,9,%D6%D0%CC%A9%C6%DA%BB%F5,2434,-219.0,中泰期货
2024-08-27,CU2409,short,10,%BB%AA%CC%A9%C6%DA%BB%F5,2178,-650.0,华泰期货
2024-08-27,CU2409,short,11,%D6%D0%C1%B8%C6%DA%BB%F5,1980,-80.0,中粮期货
2024-08-27,CU2409,short,12,%B9%FA%CD%B6%B0%B2%D0%C5,1749,-607.0,国投安信
2024-08-27,CU2409,short,13,%B9%FA%C3%B3%C6%DA%BB%F5,1649,-485.0,国贸期货
2024-08-27,CU2409,short,14,%D2%BB%B5%C2%C6%DA%BB%F5,1433,20.0,一德期货
2024-08-27,CU2409,short,15,%B9%E2%B4%F3%C6%DA%BB%F5,1416,-46.0,光大期货
2024-08-27,CU2409,short,16,%C4%CF%BB%AA%C6%DA%BB%F5,1410,-269.0,南华期货
2024-08-27,CU2409,short,17,%D4%C6%B3%BF%C6%DA%BB%F5,1409,-353.0,云晨期货
2024-08-27,CU2409,short,18,%D3%C0%B0%B2%C6%DA%BB%F5,1337,-48.0,永安期货
2024-08-27,CU2409,short,19,%BA%A3%CD%A8%C6%DA%BB%F5,1211,94.0,海通期货
2024-08-27,CU2409,short,20,%CE%EF%B2%FA%D6%D0%B4%F3,1132,57.0,物产中大
2024-08-27,CU2409,short,999,TOTAL,57507,,TOTAL
2024-08-30,CU2409,volume,1,%BD%F0%C8%F0%C6%DA%BB%F5,5365,-239.0,金瑞期货
2024-08-30,CU2409,volume,2,%D6%D0%D0%C5%C6%DA%BB%F5,5291,-579.0,中信期货
2024-08-30,CU2409,volume,3,%B6%AB%D6%A4%C6%DA%BB%F5,4243,-1210.0,东证期货
2024-08-30,CU2409,volume,4,%B9%FA%CC%A9%BE%FD%B0%B2,3204,-3146.0,国泰君安
2024-08-30,CU2409,volume,5,%D2%F8%BA%D3%C6%DA%BB%F5,2694,1393.0,银河期货
2024-08-30,CU2409,volume,6,%CE%E5%BF%F3%C6%DA%BB%F5,2622,349.0,五矿期货
2024-08-30,CU2409,volume,7,%D4%C6%B3%BF%C6%DA%BB%F5,2551,1159.0,云晨期货
2024-08-30,CU2409,volume,8,%B7%BD%D5%FD%D6%D0%C6%DA,2084,627.0,方正中期
2024-08-30,CU2409,volume,9,%BA%A3%CD%A8%C6%DA%BB%F5,1936,-1686.0,海通期货
2024-08-30,CU2409,volume,10,%D6%D0%C1%B8%C6%DA%BB%F5,1709,97.0,中粮期货
2024-08-30,CU2409,volume,11,%B9%FA%C3%B3%C6%DA%BB%F5,1660,761.0,国贸期货
2024-08-30,CU2409,volume,12,%BB%AA%CE%C5%C6%DA%BB%F5,1532,1100.0,华闻期货
2024-08-30,CU2409,volume,13,%BD%A8%D0%C5%C6%DA%BB%F5,1357,-355.0,建信期货
2024-08-30,CU2409,volume,14,%D6%D0%BB%D4%C6%DA%BB%F5,1172,139.0,中辉期货
2024-08-30,CU2409,volume,15,%D5%E3%C9%CC%C6%DA%BB%F5,1114,204.0,浙商期货
2024-08-30,CU2409,volume,16,%CE%EF%B2%FA%D6%D0%B4%F3,1035,-30.0,物产中大
2024-08-30,CU2409,volume,17,%BA%EB%D2%B5%C6%DA%BB%F5,995,424.0,弘业期货
2024-08-30,CU2409,volume,18,%CD%AD%B9%DA%BD%F0%D4%B4,960,168.0,铜冠金源
2024-08-30,CU2409,volume,19,%BB%AA%CC%A9%C6%DA%BB%F5,875,-188.0,华泰期货
2024-08-30,CU2409,volume,20,%BB%AA%B0%B2%C6%DA%BB%F5,807,678.0,华安期货
2024-08-30,CU2409,volume,999,TOTAL,43206,,TOTAL
2024-08-30,CU2409,long,1,%CD%AD%B9%DA%BD%F0%D4%B4,8265,52.0,铜冠金源
2024-08-30,CU2409,long,2,%BD%F0%C8%F0%C6%DA%BB%F5,5245,-1819.0,金瑞期货
2024-08-30,CU2409,long,3,%BD%A8%D0%C5%C6%DA%BB%F5,3960,-1012.0,建信期货
2024-08-30,CU2409,long,4,%B9%FA%CC%A9%BE%FD%B0%B2,3870,211.0,国泰君安
2024-08-30,CU2409,long,5,%D6%D0%D0%C5%C6%DA%BB%F5,3310,-269.0,中信期货
2024-08-30,CU2409,long,6,%D6%D0%BA%BD%C6%DA%BB%F5,2680,5.0,中航期货
2024-08-30,CU2409,long,7,%CE%E5%BF%F3%C6%DA%BB%F5,2610,358.0,五矿期货
2024-08-30,CU2409,long,8,%B9%E3%D6%DD%C6%DA%BB%F5,2330,-115.0,广州期货
2024-08-30,CU2409,long,9,%BA%EB%D2%B5%C6%DA%BB%F5,1490,-260.0,弘业期货
2024-08-30,CU2409,long,10,%C8%F0%B4%EF%C6%DA%BB%F5,1360,-69.0,瑞达期货
2024-08-30,CU2409,long,11,%B6%AB%D6%A4%C6%DA%BB%F5,1305,-639.0,东证期货
2024-08-30,CU2409,long,12,%B7%BD%D5%FD%D6%D0%C6%DA,1250,-526.0,方正中期
2024-08-30,CU2409,long,13,%BB%AA%CC%A9%C6%DA%BB%F5,1210,-121.0,华泰期货
2024-08-30,CU2409,long,14,%D6%D0%D0%C5%BD%A8%CD%B6,1159,-83.0,中信建投
2024-08-30,CU2409,long,15,%BB%AA%F6%CE%C6%DA%BB%F5,1140,-23.0,华鑫期货
2024-08-30,CU2409,long,16,%D2%F8%BA%D3%C6%DA%BB%F5,1015,-558.0,银河期货
2024-08-30,CU2409,long,17,%C9%EA%CD%F2%C6%DA%BB%F5,995,-276.0,申万期货
2024-08-30,CU2409,long,18,%D2%BB%B5%C2%C6%DA%BB%F5,955,-250.0,一德期货
2024-08-30,CU2409,long,19,%B9%E2%B4%F3%C6%DA%BB%F5,935,-8.0,光大期货
2024-08-30,CU2409,long,20,%B6%AB%CE%E2%C6%DA%BB%F5,890,-100.0,东吴期货
2024-08-30,CU2409,long,999,TOTAL,45974,,TOTAL
2024-08-30,CU2409,short,1,%BD%F0%C8%F0%C6%DA%BB%F5,8535,-1252.0,金瑞期货
2024-08-30,CU2409,short,2,%D6%D0%D0%C5%C6%DA%BB%F5,6405,-1578.0,中信期货
2024-08-30,CU2409,short,3,%C9%BD%BD%F0%C6%DA%BB%F5,3520,-64.0,山金期货
2024-08-30,CU2409,short,4,%B9%FA%CC%A9%BE%FD%B0%B2,2755,-231.0,国泰君安
2024-08-30,CU2409,short,5,%CD%AD%B9%DA%BD%F0%D4%B4,2730,56.0,铜冠金源
2024-08-30,CU2409,short,6,%D2%F8%BA%D3%C6%DA%BB%F5,2495,-4.0,银河期货
2024-08-30,CU2409,short,7,%D6%D0%C1%B8%C6%DA%BB%F5,2119,375.0,中粮期货
2024-08-30,CU2409,short,8,%CE%E5%BF%F3%C6%DA%BB%F5,1932,-402.0,五矿期货
2024-08-30,CU2409,short,9,%B6%AB%D6%A4%C6%DA%BB%F5,1505,-404.0,东证期货
2024-08-30,CU2409,short,10,%D4%C6%B3%BF%C6%DA%BB%F5,1470,979.0,云晨期货
2024-08-30,CU2409,short,11,%B9%FA%CD%B6%B0%B2%D0%C5,1410,-279.0,国投安信
2024-08-30,CU2409,short,12,%B9%FA%C3%B3%C6%DA%BB%F5,1380,-46.0,国贸期货
2024-08-30,CU2409,short,13,%BB%AA%CC%A9%C6%DA%BB%F5,1365,-222.0,华泰期货
2024-08-30,CU2409,short,14,%D2%BB%B5%C2%C6%DA%BB%F5,1060,-171.0,一德期货
2024-08-30,CU2409,short,15,%C4%CF%BB%AA%C6%DA%BB%F5,1055,-81.0,南华期货
2024-08-30,CU2409,short,16,%BA%A3%CD%A8%C6%DA%BB%F5,1025,-189.0,海通期货
2024-08-30,CU2409,short,17,%D6%D0%CC%A9%C6%DA%BB%F5,946,-460.0,中泰期货
2024-08-30,CU2409,short,18,%D6%D0%D0%C5%BD%A8%CD%B6,741,-83.0,中信建投
2024-08-30,CU2409,short,19,%D6%D0%BD%F0%C6%DA%BB%F5,695,-3.0,中金期货
2024-08-30,CU2409,short,20,%B3%A4%BD%AD%C6%DA%BB%F5,635,-53.0,长江期货
2024-08-30,CU2409,short,999,TOTAL,43778,,TOTAL
2024-09-02,CU2409,volume,1,%BD%F0%C8%F0%C6%DA%BB%F5,5365,0.0,金瑞期货
2024-09-02,CU2409,volume,2,%BB%AA%CE%C5%C6%DA%BB%F5,2770,1238.0,华闻期货
2024-09-02,CU2409,volume,3,%B9%FA%CC%A9%BE%FD%B0%B2,2480,-724.0,国泰君安
2024-09-02,CU2409,volume,4,%D4%C6%B3%BF%C6%DA%BB%F5,2200,-351.0,云晨期货
2024-09-02,CU2409,volume,5,%B7%BD%D5%FD%D6%D0%C6%DA,2165,81.0,方正中期
2024-09-02,CU2409,volume,6,%D6%D0%D0%C5%C6%DA%BB%F5,1850,-3441.0,中信期货
2024-09-02,CU2409,volume,7,%CE%E5%BF%F3%C6%DA%BB%F5,1717,-905.0,五矿期货
2024-09-02,CU2409,volume,8,%CD%AD%B9%DA%BD%F0%D4%B4,1645,685.0,铜冠金源
2024-09-02,CU2409,volume,9,%B9%FA%C3%B3%C6%DA%BB%F5,1590,-70.0,国贸期货
2024-09-02,CU2409,volume,10,%B6%AB%D6%A4%C6%DA%BB%F5,1480,-2763.0,东证期货
2024-09-02,CU2409,volume,11,%D2%F8%BA%D3%C6%DA%BB%F5,1450,-1244.0,银河期货
2024-09-02,CU2409,volume,12,%BD%A8%D0%C5%C6%DA%BB%F5,1115,-242.0,建信期货
2024-09-02,CU2409,volume,13,%B9%E3%D6%DD%C6%DA%BB%F5,1070,877.0,广州期货
2024-09-02,CU2409,volume,14,%D6%D0%BB%D4%C6%DA%BB%F5,1065,-107.0,中辉期货
2024-09-02,CU2409,volume,15,%D6%D0%BA%BD%C6%DA%BB%F5,955,694.0,中航期货
2024-09-02,CU2409,volume,16,%B9%E2%B4%F3%C6%DA%BB%F5,905,211.0,光大期货
2024-09-02,CU2409,volume,17,%D7%CF%BD%F0%CC%EC%B7%E7,875,381.0,紫金天风
2024-09-02,CU2409,volume,18,%B6%AB%CE%E2%C6%DA%BB%F5,755,473.0,东吴期货
2024-09-02,CU2409,volume,19,%C9%BD%BD%F0%C6%DA%BB%F5,705,600.0,山金期货
2024-09-02,CU2409,volume,20,%C9%EA%CD%F2%C6%DA%BB%F5,695,231.0,申万期货
2024-09-02,CU2409,volume,999,TOTAL,32852,,TOTAL
2024-09-02,CU2409,long,1,%CD%AD%B9%DA%BD%F0%D4%B4,7280,-985.0,铜冠金源
2024-09-02,CU2409,long,2,%BD%F0%C8%F0%C6%DA%BB%F5,4305,-940.0,金瑞期货
2024-09-02,CU2409,long,3,%B9%FA%CC%A9%BE%FD%B0%B2,4060,190.0,国泰君安
2024-09-02,CU2409,long,4,%D6%D0%D0%C5%C6%DA%BB%F5,3370,60.0,中信期货
2024-09-02,CU2409,long,5,%BD%A8%D0%C5%C6%DA%BB%F5,3300,-660.0,建信期货
2024-09-02,CU2409,long,6,%CE%E5%BF%F3%C6%DA%BB%F5,2350,-260.0,五矿期货
2024-09-02,CU2409,long,7,%D6%D0%BA%BD%C6%DA%BB%F5,1930,-750.0,中航期货
2024-09-02,CU2409,long,8,%B7%BD%D5%FD%D6%D0%C6%DA,1455,205.0,方正中期
2024-09-02,CU2409,long,9,%B9%E3%D6%DD%C6%DA%BB%F5,1440,-890.0,广州期货
2024-09-02,CU2409,long,10,%B6%AB%D6%A4%C6%DA%BB%F5,1435,130.0,东证期货
2024-09-02,CU2409,long,11,%C8%F0%B4%EF%C6%DA%BB%F5,1340,-20.0,瑞达期货
2024-09-02,CU2409,long,12,%BA%EB%D2%B5%C6%DA%BB%F5,1265,-225.0,弘业期货
2024-09-02,CU2409,long,13,%C9%EA%CD%F2%C6%DA%BB%F5,1105,110.0,申万期货
2024-09-02,CU2409,long,14,%D6%D0%D0%C5%BD%A8%CD%B6,1070,-89.0,中信建投
2024-09-02,CU2409,long,15,%BB%AA%CC%A9%C6%DA%BB%F5,1055,-155.0,华泰期货
2024-09-02,CU2409,long,16,%B9%E2%B4%F3%C6%DA%BB%F5,970,35.0,光大期货
2024-09-02,CU2409,long,17,%BB%AA%F6%CE%C6%DA%BB%F5,875,-265.0,华鑫期货
2024-09-02,CU2409,long,18,%B9%FA%C3%B3%C6%DA%BB%F5,850,30.0,国贸期货
2024-09-02,CU2409,long,19,%D2%F8%BA%D3%C6%DA%BB%F5,835,-180.0,银河期货
2024-09-02,CU2409,long,20,%D2%BB%B5%C2%C6%DA%BB%F5,785,-170.0,一德期货
2024-09-02,CU2409,long,999,TOTAL,41075,,TOTAL
2024-09-02,CU2409,short,1,%BD%F0%C8%F0%C6%DA%BB%F5,8300,-235.0,金瑞期货
2024-09-02,CU2409,short,2,%D6%D0%D0%C5%C6%DA%BB%F5,6005,-400.0,中信期货
2024-09-02,CU2409,short,3,%C9%BD%BD%F0%C6%DA%BB%F5,3155,-365.0,山金期货
2024-09-02,CU2409,short,4,%B9%FA%CC%A9%BE%FD%B0%B2,2555,-200.0,国泰君安
2024-09-02,CU2409,short,5,%CD%AD%B9%DA%BD%F0%D4%B4,2360,-370.0,铜冠金源
2024-09-02,CU2409,short,6,%D2%F8%BA%D3%C6%DA%BB%F5,2325,-170.0,银河期货
2024-09-02,CU2409,short,7,%D6%D0%C1%B8%C6%DA%BB%F5,1985,-134.0,中粮期货
2024-09-02,CU2409,short,8,%CE%E5%BF%F3%C6%DA%BB%F5,1555,-377.0,五矿期货
2024-09-02,CU2409,short,9,%B6%AB%D6%A4%C6%DA%BB%F5,1375,-130.0,东证期货
2024-09-02,CU2409,short,10,%B9%FA%C3%B3%C6%DA%BB%F5,1340,-40.0,国贸期货
2024-09-02,CU2409,short,11,%B9%FA%CD%B6%B0%B2%D0%C5,1315,-95.0,国投安信
2024-09-02,CU2409,short,12,%BB%AA%CC%A9%C6%DA%BB%F5,1205,-160.0,华泰期货
2024-09-02,CU2409,short,13,%D2%BB%B5%C2%C6%DA%BB%F5,1010,-50.0,一德期货
2024-09-02,CU2409,short,14,%C4%CF%BB%AA%C6%DA%BB%F5,1005,-50.0,南华期货
2024-09-02,CU2409,short,15,%D6%D0%CC%A9%C6%DA%BB%F5,840,-106.0,中泰期货
2024-09-02,CU2409,short,16,%D6%D0%D0%C5%BD%A8%CD%B6,775,34.0,中信建投
2024-09-02,CU2409,short,17,%BA%A3%CD%A8%C6%DA%BB%F5,765,-260.0,海通期货
2024-09-02,CU2409,short,18,%B9%E2%B4%F3%C6%DA%BB%F5,565,0.0,光大期货
2024-09-02,CU2409,short,19,%B3%A4%BD%AD%C6%DA%BB%F5,545,-90.0,长江期货
2024-09-02,CU2409,short,20,%B9%E3%B7%A2%C6%DA%BB%F5,515,-30.0,广发期货
2024-09-02,CU2409,short,999,TOTAL,39495,,TOTAL
2024-09-03,CU2409,volume,1,%BD%F0%C8%F0%C6%DA%BB%F5,4620,-745.0,金瑞期货
2024-09-03,CU2409,volume,2,%CD%AD%B9%DA%BD%F0%D4%B4,3265,1620.0,铜冠金源
2024-09-03,CU2409,volume,3,%D4%C6%B3%BF%C6%DA%BB%F5,3020,820.0,云晨期货
2024-09-03,CU2409,volume,4,%B9%FA%CC%A9%BE%FD%B0%B2,2835,355.0,国泰君安
2024-09-03,CU2409,volume,5,%D6%D0%D0%C5%C6%DA%BB%F5,2790,940.0,中信期货
2024-09-03,CU2409,volume,6,%BB%AA%CE%C5%C6%DA%BB%F5,2070,-700.0,华闻期货
2024-09-03,CU2409,volume,7,%B9%E2%B4%F3%C6%DA%BB%F5,2045,1140.0,光大期货
2024-09-03,CU2409,volume,8,%D2%F8%BA%D3%C6%DA%BB%F5,1860,410.0,银河期货
2024-09-03,CU2409,volume,9,%B6%AB%D6%A4%C6%DA%BB%F5,1730,250.0,东证期货
2024-09-03,CU2409,volume,10,%CE%E5%BF%F3%C6%DA%BB%F5,1665,-52.0,五矿期货
2024-09-03,CU2409,volume,11,%B9%FA%C3%B3%C6%DA%BB%F5,1575,-15.0,国贸期货
2024-09-03,CU2409,volume,12,%B7%BD%D5%FD%D6%D0%C6%DA,1560,-605.0,方正中期
2024-09-03,CU2409,volume,13,%BD%A8%D0%C5%C6%DA%BB%F5,1550,435.0,建信期货
2024-09-03,CU2409,volume,14,%CE%EF%B2%FA%D6%D0%B4%F3,1275,900.0,物产中大
2024-09-03,CU2409,volume,15,%C9%EA%CD%F2%C6%DA%BB%F5,980,285.0,申万期货
2024-09-03,CU2409,volume,16,%BA%A3%CD%A8%C6%DA%BB%F5,955,510.0,海通期货
2024-09-03,CU2409,volume,17,%C9%BD%BD%F0%C6%DA%BB%F5,840,135.0,山金期货
2024-09-03,CU2409,volume,18,%B9%FA%C1%AA%C6%DA%BB%F5,800,575.0,国联期货
2024-09-03,CU2409,volume,19,%BB%AA%F6%CE%C6%DA%BB%F5,765,459.0,华鑫期货
2024-09-03,CU2409,volume,20,%B6%AB%CE%E2%C6%DA%BB%F5,690,-65.0,东吴期货
2024-09-03,CU2409,volume,999,TOTAL,36890,,TOTAL
2024-09-03,CU2409,long,1,%CD%AD%B9%DA%BD%F0%D4%B4,5775,-1505.0,铜冠金源
2024-09-03,CU2409,long,2,%B9%FA%CC%A9%BE%FD%B0%B2,4495,435.0,国泰君安
2024-09-03,CU2409,long,3,%BD%F0%C8%F0%C6%DA%BB%F5,4390,85.0,金瑞期货
2024-09-03,CU2409,long,4,%BD%A8%D0%C5%C6%DA%BB%F5,2435,-865.0,建信期货
2024-09-03,CU2409,long,5,%D6%D0%D0%C5%C6%DA%BB%F5,2355,-1015.0,中信期货
2024-09-03,CU2409,long,6,%CE%E5%BF%F3%C6%DA%BB%F5,2190,-160.0,五矿期货
2024-09-03,CU2409,long,7,%D6%D0%BA%BD%C6%DA%BB%F5,1930,0.0,中航期货
2024-09-03,CU2409,long,8,%B6%AB%D6%A4%C6%DA%BB%F5,1425,-10.0,东证期货
2024-09-03,CU2409,long,9,%C8%F0%B4%EF%C6%DA%BB%F5,1380,40.0,瑞达期货
2024-09-03,CU2409,long,10,%BA%EB%D2%B5%C6%DA%BB%F5,1270,5.0,弘业期货
2024-09-03,CU2409,long,11,%D4%C6%B3%BF%C6%DA%BB%F5,1180,1180.0,云晨期货
2024-09-03,CU2409,long,12,%D6%D0%D0%C5%BD%A8%CD%B6,1040,-30.0,中信建投
2024-09-03,CU2409,long,13,%B9%E3%D6%DD%C6%DA%BB%F5,1035,-405.0,广州期货
2024-09-03,CU2409,long,14,%C9%EA%CD%F2%C6%DA%BB%F5,1015,-90.0,申万期货
2024-09-03,CU2409,long,15,%BB%AA%CC%A9%C6%DA%BB%F5,1015,-40.0,华泰期货
2024-09-03,CU2409,long,16,%D2%BB%B5%C2%C6%DA%BB%F5,950,165.0,一德期货
2024-09-03,CU2409,long,17,%D2%F8%BA%D3%C6%DA%BB%F5,915,80.0,银河期货
2024-09-03,CU2409,long,18,%B9%FA%C3%B3%C6%DA%BB%F5,835,-15.0,国贸期货
2024-09-03,CU2409,long,19,%B6%AB%CE%E2%C6%DA%BB%F5,735,30.0,东吴期货
2024-09-03,CU2409,long,20,%B7%BD%D5%FD%D6%D0%C6%DA,720,-735.0,方正中期
2024-09-03,CU2409,long,999,TOTAL,37085,,TOTAL
2024-09-03,CU2409,short,1,%BD%F0%C8%F0%C6%DA%BB%F5,8525,225.0,金瑞期货
2024-09-03,CU2409,short,2,%D6%D0%D0%C5%C6%DA%BB%F5,5300,-705.0,中信期货
2024-09-03,CU2409,short,3,%C9%BD%BD%F0%C6%DA%BB%F5,2950,-205.0,山金期货
2024-09-03,CU2409,short,4,%B9%FA%CC%A9%BE%FD%B0%B2,2235,-320.0,国泰君安
2024-09-03,CU2409,short,5,%D2%F8%BA%D3%C6%DA%BB%F5,2235,-90.0,银河期货
2024-09-03,CU2409,short,6,%D6%D0%C1%B8%C6%DA%BB%F5,2205,220.0,中粮期货
2024-09-03,CU2409,short,7,%CD%AD%B9%DA%BD%F0%D4%B4,1580,-780.0,铜冠金源
2024-09-03,CU2409,short,8,%CE%E5%BF%F3%C6%DA%BB%F5,1570,15.0,五矿期货
2024-09-03,CU2409,short,9,%BB%AA%CC%A9%C6%DA%BB%F5,1245,40.0,华泰期货
2024-09-03,CU2409,short,10,%B6%AB%D6%A4%C6%DA%BB%F5,1225,-150.0,东证期货
2024-09-03,CU2409,short,11,%B9%FA%C3%B3%C6%DA%BB%F5,1170,-170.0,国贸期货
2024-09-03,CU2409,short,12,%D4%C6%B3%BF%C6%DA%BB%F5,1120,750.0,云晨期货
2024-09-03,CU2409,short,13,%D2%BB%B5%C2%C6%DA%BB%F5,965,-45.0,一德期货
2024-09-03,CU2409,short,14,%B9%FA%CD%B6%B0%B2%D0%C5,935,-380.0,国投安信
2024-09-03,CU2409,short,15,%C4%CF%BB%AA%C6%DA%BB%F5,890,-115.0,南华期货
2024-09-03,CU2409,short,16,%D6%D0%CC%A9%C6%DA%BB%F5,800,-40.0,中泰期货
2024-09-03,CU2409,short,17,%D6%D0%D0%C5%BD%A8%CD%B6,775,0.0,中信建投
2024-09-03,CU2409,short,18,%BA%A3%CD%A8%C6%DA%BB%F5,695,-70.0,海通期货
2024-09-03,CU2409,short,19,%B9%E3%B7%A2%C6%DA%BB%F5,685,170.0,广发期货
2024-09-03,CU2409,short,20,%B9%E2%B4%F3%C6%DA%BB%F5,540,-25.0,光大期货
2024-09-03,CU2409,short,999,TOTAL,37645,,TOTAL
2024-09-04,CU2409,volume,1,%BD%F0%C8%F0%C6%DA%BB%F5,5650,1030.0,金瑞期货
2024-09-04,CU2409,volume,2,%D4%C6%B3%BF%C6%DA%BB%F5,3455,435.0,云晨期货
2024-09-04,CU2409,volume,3,%B9%FA%CC%A9%BE%FD%B0%B2,3445,610.0,国泰君安
2024-09-04,CU2409,volume,4,%D6%D0%D0%C5%C6%DA%BB%F5,2705,-85.0,中信期货
2024-09-04,CU2409,volume,5,%BB%AA%CE%C5%C6%DA%BB%F5,2560,490.0,华闻期货
2024-09-04,CU2409,volume,6,%B9%E2%B4%F3%C6%DA%BB%F5,2075,30.0,光大期货
2024-09-04,CU2409,volume,7,%B9%FA%C1%AA%C6%DA%BB%F5,2040,1240.0,国联期货
2024-09-04,CU2409,volume,8,%B6%AB%D6%A4%C6%DA%BB%F5,1965,235.0,东证期货
2024-09-04,CU2409,volume,9,%CE%E5%BF%F3%C6%DA%BB%F5,1910,245.0,五矿期货
2024-09-04,CU2409,volume,10,%BD%A8%D0%C5%C6%DA%BB%F5,1855,305.0,建信期货
2024-09-04,CU2409,volume,11,%D2%F8%BA%D3%C6%DA%BB%F5,1755,-105.0,银河期货
2024-09-04,CU2409,volume,12,%B9%FA%C3%B3%C6%DA%BB%F5,1680,105.0,国贸期货
2024-09-04,CU2409,volume,13,%D6%D0%C1%B8%C6%DA%BB%F5,1615,1005.0,中粮期货
2024-09-04,CU2409,volume,14,%CD%AD%B9%DA%BD%F0%D4%B4,1440,-1825.0,铜冠金源
2024-09-04,CU2409,volume,15,%B7%BD%D5%FD%D6%D0%C6%DA,1125,-435.0,方正中期
2024-09-04,CU2409,volume,16,%C9%EA%CD%F2%C6%DA%BB%F5,945,-35.0,申万期货
2024-09-04,CU2409,volume,17,%D6%D0%D6%DD%C6%DA%BB%F5,870,700.0,中州期货
2024-09-04,CU2409,volume,18,%BA%A3%CD%A8%C6%DA%BB%F5,820,-135.0,海通期货
2024-09-04,CU2409,volume,19,%D6%D0%BB%D4%C6%DA%BB%F5,760,375.0,中辉期货
2024-09-04,CU2409,volume,20,%C9%BD%BD%F0%C6%DA%BB%F5,715,-125.0,山金期货
2024-09-04,CU2409,volume,999,TOTAL,39385,,TOTAL
2024-09-04,CU2409,long,1,%B9%FA%CC%A9%BE%FD%B0%B2,4895,400.0,国泰君安
2024-09-04,CU2409,long,2,%CD%AD%B9%DA%BD%F0%D4%B4,4665,-1110.0,铜冠金源
2024-09-04,CU2409,long,3,%BD%F0%C8%F0%C6%DA%BB%F5,4045,-345.0,金瑞期货
2024-09-04,CU2409,long,4,%D6%D0%BA%BD%C6%DA%BB%F5,1705,-225.0,中航期货
2024-09-04,CU2409,long,5,%CE%E5%BF%F3%C6%DA%BB%F5,1700,-490.0,五矿期货
2024-09-04,CU2409,long,6,%D6%D0%D0%C5%C6%DA%BB%F5,1695,-660.0,中信期货
2024-09-04,CU2409,long,7,%BD%A8%D0%C5%C6%DA%BB%F5,1435,-1000.0,建信期货
2024-09-04,CU2409,long,8,%C8%F0%B4%EF%C6%DA%BB%F5,1390,10.0,瑞达期货
2024-09-04,CU2409,long,9,%D4%C6%B3%BF%C6%DA%BB%F5,1305,125.0,云晨期货
2024-09-04,CU2409,long,10,%B6%AB%D6%A4%C6%DA%BB%F5,1290,-135.0,东证期货
2024-09-04,CU2409,long,11,%D2%BB%B5%C2%C6%DA%BB%F5,1115,165.0,一德期货
2024-09-04,CU2409,long,12,%D6%D0%D0%C5%BD%A8%CD%B6,1080,40.0,中信建投
2024-09-04,CU2409,long,13,%BA%EB%D2%B5%C6%DA%BB%F5,1040,-230.0,弘业期货
2024-09-04,CU2409,long,14,%B9%E3%D6%DD%C6%DA%BB%F5,1000,-35.0,广州期货
2024-09-04,CU2409,long,15,%BB%AA%CC%A9%C6%DA%BB%F5,975,-40.0,华泰期货
2024-09-04,CU2409,long,16,%C9%EA%CD%F2%C6%DA%BB%F5,955,-60.0,申万期货
2024-09-04,CU2409,long,17,%D2%F8%BA%D3%C6%DA%BB%F5,930,15.0,银河期货
2024-09-04,CU2409,long,18,%B7%BD%D5%FD%D6%D0%C6%DA,760,40.0,方正中期
2024-09-04,CU2409,long,19,%B9%FA%C3%B3%C6%DA%BB%F5,660,-175.0,国贸期货
2024-09-04,CU2409,long,20,%BB%AA%F6%CE%C6%DA%BB%F5,635,-25.0,华鑫期货
2024-09-04,CU2409,long,999,TOTAL,33275,,TOTAL
2024-09-04,CU2409,short,1,%BD%F0%C8%F0%C6%DA%BB%F5,8520,-5.0,金瑞期货
2024-09-04,CU2409,short,2,%D6%D0%D0%C5%C6%DA%BB%F5,4845,-455.0,中信期货
2024-09-04,CU2409,short,3,%C9%BD%BD%F0%C6%DA%BB%F5,2680,-270.0,山金期货
2024-09-04,CU2409,short,4,%D2%F8%BA%D3%C6%DA%BB%F5,2195,-40.0,银河期货
2024-09-04,CU2409,short,5,%CE%E5%BF%F3%C6%DA%BB%F5,1870,300.0,五矿期货
2024-09-04,CU2409,short,6,%B9%FA%CC%A9%BE%FD%B0%B2,1700,-535.0,国泰君安
2024-09-04,CU2409,short,7,%D6%D0%C1%B8%C6%DA%BB%F5,1665,-540.0,中粮期货
2024-09-04,CU2409,short,8,%CD%AD%B9%DA%BD%F0%D4%B4,1480,-100.0,铜冠金源
2024-09-04,CU2409,short,9,%BB%AA%CC%A9%C6%DA%BB%F5,1195,-50.0,华泰期货
2024-09-04,CU2409,short,10,%B6%AB%D6%A4%C6%DA%BB%F5,915,-310.0,东证期货
2024-09-04,CU2409,short,11,%B9%FA%CD%B6%B0%B2%D0%C5,880,-55.0,国投安信
2024-09-04,CU2409,short,12,%D2%BB%B5%C2%C6%DA%BB%F5,815,-150.0,一德期货
2024-09-04,CU2409,short,13,%C4%CF%BB%AA%C6%DA%BB%F5,795,-95.0,南华期货
2024-09-04,CU2409,short,14,%D6%D0%CC%A9%C6%DA%BB%F5,790,-10.0,中泰期货
2024-09-04,CU2409,short,15,%B9%FA%C3%B3%C6%DA%BB%F5,775,-395.0,国贸期货
2024-09-04,CU2409,short,16,%BA%A3%CD%A8%C6%DA%BB%F5,690,-5.0,海通期货
2024-09-04,CU2409,short,17,%D6%D0%D0%C5%BD%A8%CD%B6,685,-90.0,中信建投
2024-09-04,CU2409,short,18,%B9%E3%B7%A2%C6%DA%BB%F5,595,-90.0,广发期货
2024-09-04,CU2409,short,19,%B9%E2%B4%F3%C6%DA%BB%F5,545,5.0,光大期货
2024-09-04,CU2409,short,20,%D7%CF%BD%F0%CC%EC%B7%E7,370,125.0,紫金天风
2024-09-04,CU2409,short,999,TOTAL,34005,,TOTAL
2024-09-24,CU2410,volume,1,%D6%D0%D0%C5%C6%DA%BB%F5,26318,6317.0,中信期货
2024-09-24,CU2410,volume,2,%B9%FA%CC%A9%BE%FD%B0%B2,17417,42.0,国泰君安
2024-09-24,CU2410,volume,3,%B6%AB%D6%A4%C6%DA%BB%F5,14296,1396.0,东证期货
2024-09-24,CU2410,volume,4,%BD%F0%C8%F0%C6%DA%BB%F5,8478,-459.0,金瑞期货
2024-09-24,CU2410,volume,5,%BA%A3%CD%A8%C6%DA%BB%F5,6892,-2324.0,海通期货
2024-09-24,CU2410,volume,6,%B9%FA%CD%B6%B0%B2%D0%C5,6707,3994.0,国投安信
2024-09-24,CU2410,volume,7,%CE%E5%BF%F3%C6%DA%BB%F5,6172,3496.0,五矿期货
2024-09-24,CU2410,volume,8,%BB%AA%CC%A9%C6%DA%BB%F5,4880,-1513.0,华泰期货
2024-09-24,CU2410,volume,9,%C4%CF%BB%AA%C6%DA%BB%F5,4878,2248.0,南华期货
2024-09-24,CU2410,volume,10,%D2%F8%BA%D3%C6%DA%BB%F5,4717,1566.0,银河期货
2024-09-24,CU2410,volume,11,%B7%BD%D5%FD%D6%D0%C6%DA,3995,-708.0,方正中期
2024-09-24,CU2410,volume,12,%B9%FA%D0%C5%C6%DA%BB%F5,2755,-1263.0,国信期货
2024-09-24,CU2410,volume,13,%D6%D0%CC%A9%C6%DA%BB%F5,2722,583.0,中泰期货
2024-09-24,CU2410,volume,14,%CD%AD%B9%DA%BD%F0%D4%B4,2647,585.0,铜冠金源
2024-09-24,CU2410,volume,15,%D5%D0%C9%CC%C6%DA%BB%F5,2521,1792.0,招商期货
2024-09-24,CU2410,volume,16,%D5%E3%C9%CC%C6%DA%BB%F5,2416,540.0,浙商期货
2024-09-24,CU2410,volume,17,%BD%F0%D4%AA%C6%DA%BB%F5,2311,1915.0,金元期货
2024-09-24,CU2410,volume,18,%BD%A8%D0%C5%C6%DA%BB%F5,2161,482.0,建信期货
2024-09-24,CU2410,volume,19,%B9%E3%B7%A2%C6%DA%BB%F5,2153,-152.0,广发期货
2024-09-24,CU2410,volume,20,%BB%AA%CE%C5%C6%DA%BB%F5,2102,44.0,华闻期货
2024-09-24,CU2410,volume,999,TOTAL,126538,,TOTAL
2024-09-24,CU2410,long,1,%B9%FA%CC%A9%BE%FD%B0%B2,11147,-567.0,国泰君安
2024-09-24,CU2410,long,2,%BD%F0%C8%F0%C6%DA%BB%F5,9563,139.0,金瑞期货
2024-09-24,CU2410,long,3,%D6%D0%D0%C5%C6%DA%BB%F5,6247,-5202.0,中信期货
2024-09-24,CU2410,long,4,%CD%AD%B9%DA%BD%F0%D4%B4,5510,-1292.0,铜冠金源
2024-09-24,CU2410,long,5,%B6%AB%D6%A4%C6%DA%BB%F5,4639,-347.0,东证期货
2024-09-24,CU2410,long,6,%D4%C6%B3%BF%C6%DA%BB%F5,4317,-117.0,云晨期货
2024-09-24,CU2410,long,7,%CE%E5%BF%F3%C6%DA%BB%F5,3754,448.0,五矿期货
2024-09-24,CU2410,long,8,%D6%D0%C1%B8%C6%DA%BB%F5,3623,-63.0,中粮期货
2024-09-24,CU2410,long,9,%D2%F8%BA%D3%C6%DA%BB%F5,2943,-383.0,银河期货
2024-09-24,CU2410,long,10,%B9%E3%D6%DD%C6%DA%BB%F5,2406,430.0,广州期货
2024-09-24,CU2410,long,11,%BA%A3%CD%A8%C6%DA%BB%F5,2391,-457.0,海通期货
2024-09-24,CU2410,long,12,%B7%BD%D5%FD%D6%D0%C6%DA,2101,-332.0,方正中期
2024-09-24,CU2410,long,13,%D6%D0%BA%BD%C6%DA%BB%F5,1821,-138.0,中航期货
2024-09-24,CU2410,long,14,%C4%CF%BB%AA%C6%DA%BB%F5,1769,-377.0,南华期货
2024-09-24,CU2410,long,15,%C8%F0%B4%EF%C6%DA%BB%F5,1698,-25.0,瑞达期货
2024-09-24,CU2410,long,16,%BA%EB%D2%B5%C6%DA%BB%F5,1674,-105.0,弘业期货
2024-09-24,CU2410,long,17,%B9%FA%CD%B6%B0%B2%D0%C5,1634,-949.0,国投安信
2024-09-24,CU2410,long,18,%B1%A6%B3%C7%C6%DA%BB%F5,1504,17.0,宝城期货
2024-09-24,CU2410,long,19,%BD%A8%D0%C5%C6%DA%BB%F5,1452,-828.0,建信期货
2024-09-24,CU2410,long,20,%D6%D0%D0%C5%BD%A8%CD%B6,1405,-179.0,中信建投
2024-09-24,CU2410,long,999,TOTAL,71598,,TOTAL
2024-09-24,CU2410,short,1,%D6%D0%D0%C5%C6%DA%BB%F5,8951,-3508.0,中信期货
2024-09-24,CU2410,short,2,%BD%F0%C8%F0%C6%DA%BB%F5,7490,-3278.0,金瑞期货
2024-09-24,CU2410,short,3,%CE%E5%BF%F3%C6%DA%BB%F5,4581,-739.0,五矿期货
2024-09-24,CU2410,short,4,%B9%FA%CC%A9%BE%FD%B0%B2,4440,-595.0,国泰君安
2024-09-24,CU2410,short,5,%C4%CF%BB%AA%C6%DA%BB%F5,3131,549.0,南华期货
2024-09-24,CU2410,short,6,%D2%BB%B5%C2%C6%DA%BB%F5,3123,-64.0,一德期货
2024-09-24,CU2410,short,7,%D6%D0%D0%C5%BD%A8%CD%B6,2883,-88.0,中信建投
2024-09-24,CU2410,short,8,%CE%EF%B2%FA%D6%D0%B4%F3,2877,-511.0,物产中大
2024-09-24,CU2410,short,9,%D3%C0%B0%B2%C6%DA%BB%F5,2674,-981.0,永安期货
2024-09-24,CU2410,short,10,%C9%BD%BD%F0%C6%DA%BB%F5,2478,210.0,山金期货
2024-09-24,CU2410,short,11,%B7%BD%D5%FD%D6%D0%C6%DA,2476,-433.0,方正中期
2024-09-24,CU2410,short,12,%BD%A8%D0%C5%C6%DA%BB%F5,2263,-152.0,建信期货
2024-09-24,CU2410,short,13,%B9%E2%B4%F3%C6%DA%BB%F5,2251,397.0,光大期货
2024-09-24,CU2410,short,14,%D2%F8%BA%D3%C6%DA%BB%F5,2250,-643.0,银河期货
2024-09-24,CU2410,short,15,%D7%CF%BD%F0%CC%EC%B7%E7,2136,129.0,紫金天风
2024-09-24,CU2410,short,16,%D4%C6%B3%BF%C6%DA%BB%F5,1998,3.0,云晨期货
2024-09-24,CU2410,short,17,%B6%AB%D6%A4%C6%DA%BB%F5,1982,-1060.0,东证期货
2024-09-24,CU2410,short,18,%B9%E3%B7%A2%C6%DA%BB%F5,1958,-175.0,广发期货
2024-09-24,CU2410,short,19,%BA%A3%CD%A8%C6%DA%BB%F5,1943,11.0,海通期货
2024-09-24,CU2410,short,20,%D6%D0%CC%A9%C6%DA%BB%F5,1819,-54.0,中泰期货
2024-09-24,CU2410,short,999,TOTAL,63704,,TOTAL
2024-09-27,CU2410,volume,1,%D6%D0%D0%C5%C6%DA%BB%F5,9553,793.0,中信期货
2024-09-27,CU2410,volume,2,%B9%FA%CC%A9%BE%FD%B0%B2,9398,1041.0,国泰君安
2024-09-27,CU2410,volume,3,%BD%F0%C8%F0%C6%DA%BB%F5,6970,1266.0,金瑞期货
2024-09-27,CU2410,volume,4,%B6%AB%D6%A4%C6%DA%BB%F5,6105,1254.0,东证期货
2024-09-27,CU2410,volume,5,%BA%A3%CD%A8%C6%DA%BB%F5,4458,373.0,海通期货
2024-09-27,CU2410,volume,6,%D6%D0%CC%A9%C6%DA%BB%F5,4376,876.0,中泰期货
2024-09-27,CU2410,volume,7,%D4%C6%B3%BF%C6%DA%BB%F5,4172,2088.0,云晨期货
2024-09-27,CU2410,volume,8,%D6%D0%C1%B8%C6%DA%BB%F5,2413,764.0,中粮期货
2024-09-27,CU2410,volume,9,%D5%E3%C9%CC%C6%DA%BB%F5,2196,117.0,浙商期货
2024-09-27,CU2410,volume,10,%D0%C2%BA%FE%C6%DA%BB%F5,2191,1495.0,新湖期货
2024-09-27,CU2410,volume,11,%C4%CF%BB%AA%C6%DA%BB%F5,1588,-750.0,南华期货
2024-09-27,CU2410,volume,12,%D2%F8%BA%D3%C6%DA%BB%F5,1559,0.0,银河期货
2024-09-27,CU2410,volume,13,%B7%BD%D5%FD%D6%D0%C6%DA,1453,-1967.0,方正中期
2024-09-27,CU2410,volume,14,%B9%FA%C3%B3%C6%DA%BB%F5,1353,547.0,国贸期货
2024-09-27,CU2410,volume,15,%CE%E5%BF%F3%C6%DA%BB%F5,1335,-1583.0,五矿期货
2024-09-27,CU2410,volume,16,%B9%E3%D6%DD%C6%DA%BB%F5,1233,1051.0,广州期货
2024-09-27,CU2410,volume,17,%D3%C0%B0%B2%C6%DA%BB%F5,1212,-439.0,永安期货
2024-09-27,CU2410,volume,18,%CD%AD%B9%DA%BD%F0%D4%B4,1148,-748.0,铜冠金源
2024-09-27,CU2410,volume,19,%BB%AA%CC%A9%C6%DA%BB%F5,1041,489.0,华泰期货
2024-09-27,CU2410,volume,20,%BB%AA%CE%C5%C6%DA%BB%F5,956,-73.0,华闻期货
2024-09-27,CU2410,volume,999,TOTAL,64710,,TOTAL
2024-09-27,CU2410,long,1,%BD%F0%C8%F0%C6%DA%BB%F5,8384,-2704.0,金瑞期货
2024-09-27,CU2410,long,2,%B9%FA%CC%A9%BE%FD%B0%B2,7167,-568.0,国泰君安
2024-09-27,CU2410,long,3,%D4%C6%B3%BF%C6%DA%BB%F5,3975,-265.0,云晨期货
2024-09-27,CU2410,long,4,%CD%AD%B9%DA%BD%F0%D4%B4,3850,-294.0,铜冠金源
2024-09-27,CU2410,long,5,%D6%D0%D0%C5%C6%DA%BB%F5,3610,-658.0,中信期货
2024-09-27,CU2410,long,6,%CE%E5%BF%F3%C6%DA%BB%F5,3143,75.0,五矿期货
2024-09-27,CU2410,long,7,%B6%AB%D6%A4%C6%DA%BB%F5,3012,-680.0,东证期货
2024-09-27,CU2410,long,8,%D6%D0%C1%B8%C6%DA%BB%F5,2244,-592.0,中粮期货
2024-09-27,CU2410,long,9,%D2%F8%BA%D3%C6%DA%BB%F5,1969,-179.0,银河期货
2024-09-27,CU2410,long,10,%D6%D0%BA%BD%C6%DA%BB%F5,1394,-280.0,中航期货
2024-09-27,CU2410,long,11,%BA%A3%CD%A8%C6%DA%BB%F5,1343,-130.0,海通期货
2024-09-27,CU2410,long,12,%C8%F0%B4%EF%C6%DA%BB%F5,1098,-237.0,瑞达期货
2024-09-27,CU2410,long,13,%B9%FA%CD%B6%B0%B2%D0%C5,1064,-49.0,国投安信
2024-09-27,CU2410,long,14,%BA%EB%D2%B5%C6%DA%BB%F5,999,-430.0,弘业期货
2024-09-27,CU2410,long,15,%B1%A6%B3%C7%C6%DA%BB%F5,998,-177.0,宝城期货
2024-09-27,CU2410,long,16,%B6%AB%CE%E2%C6%DA%BB%F5,977,-111.0,东吴期货
2024-09-27,CU2410,long,17,%B9%E3%D6%DD%C6%DA%BB%F5,932,-1145.0,广州期货
2024-09-27,CU2410,long,18,%D6%D0%D0%C5%BD%A8%CD%B6,911,-122.0,中信建投
2024-09-27,CU2410,long,19,%C9%EA%CD%F2%C6%DA%BB%F5,891,-446.0,申万期货
2024-09-27,CU2410,long,20,%D2%BB%B5%C2%C6%DA%BB%F5,737,-114.0,一德期货
2024-09-27,CU2410,long,999,TOTAL,48698,,TOTAL
2024-09-27,CU2410,short,1,%BD%F0%C8%F0%C6%DA%BB%F5,4738,-658.0,金瑞期货
2024-09-27,CU2410,short,2,%D6%D0%D0%C5%C6%DA%BB%F5,3950,-293.0,中信期货
2024-09-27,CU2410,short,3,%CE%E5%BF%F3%C6%DA%BB%F5,3409,-398.0,五矿期货
2024-09-27,CU2410,short,4,%C9%BD%BD%F0%C6%DA%BB%F5,2780,-113.0,山金期货
2024-09-27,CU2410,short,5,%D2%BB%B5%C2%C6%DA%BB%F5,2692,-31.0,一德期货
2024-09-27,CU2410,short,6,%B6%AB%D6%A4%C6%DA%BB%F5,2677,905.0,东证期货
2024-09-27,CU2410,short,7,%B9%FA%CC%A9%BE%FD%B0%B2,2240,-848.0,国泰君安
2024-09-27,CU2410,short,8,%D7%CF%BD%F0%CC%EC%B7%E7,1821,-93.0,紫金天风
2024-09-27,CU2410,short,9,%B9%E2%B4%F3%C6%DA%BB%F5,1806,97.0,光大期货
2024-09-27,CU2410,short,10,%D6%D0%D0%C5%BD%A8%CD%B6,1744,-225.0,中信建投
2024-09-27,CU2410,short,11,%C4%CF%BB%AA%C6%DA%BB%F5,1691,-635.0,南华期货
2024-09-27,CU2410,short,12,%BD%A8%D0%C5%C6%DA%BB%F5,1647,-376.0,建信期货
2024-09-27,CU2410,short,13,%B7%BD%D5%FD%D6%D0%C6%DA,1582,-441.0,方正中期
2024-09-27,CU2410,short,14,%CE%EF%B2%FA%D6%D0%B4%F3,1540,-261.0,物产中大
2024-09-27,CU2410,short,15,%D2%F8%BA%D3%C6%DA%BB%F5,1260,-156.0,银河期货
2024-09-27,CU2410,short,16,%B9%FA%C3%B3%C6%DA%BB%F5,1212,-248.0,国贸期货
2024-09-27,CU2410,short,17,%D6%D0%CC%A9%C6%DA%BB%F5,1178,-318.0,中泰期货
2024-09-27,CU2410,short,18,%D6%D0%C1%B8%C6%DA%BB%F5,1022,-141.0,中粮期货
2024-09-27,CU2410,short,19,%B6%AB%BA%A3%C6%DA%BB%F5,975,-321.0,东海期货
2024-09-27,CU2410,short,20,%B9%E3%B7%A2%C6%DA%BB%F5,951,-205.0,广发期货
2024-09-27,CU2410,short,999,TOTAL,40915,,TOTAL
2024-09-30,CU2410,volume,1,%BD%F0%C8%F0%C6%DA%BB%F5,8099,1129.0,金瑞期货
2024-09-30,CU2410,volume,2,%B9%FA%CC%A9%BE%FD%B0%B2,5326,-4072.0,国泰君安
2024-09-30,CU2410,volume,3,%B6%AB%D6%A4%C6%DA%BB%F5,4894,-1211.0,东证期货
2024-09-30,CU2410,volume,4,%D6%D0%D0%C5%C6%DA%BB%F5,4083,-5470.0,中信期货
2024-09-30,CU2410,volume,5,%D6%D0%CC%A9%C6%DA%BB%F5,3521,-855.0,中泰期货
2024-09-30,CU2410,volume,6,%D4%C6%B3%BF%C6%DA%BB%F5,2553,-1619.0,云晨期货
2024-09-30,CU2410,volume,7,%B7%BD%D5%FD%D6%D0%C6%DA,2031,578.0,方正中期
2024-09-30,CU2410,volume,8,%D2%F8%BA%D3%C6%DA%BB%F5,1883,324.0,银河期货
2024-09-30,CU2410,volume,9,%BA%A3%CD%A8%C6%DA%BB%F5,1743,-2715.0,海通期货
2024-09-30,CU2410,volume,10,%D6%D0%C1%B8%C6%DA%BB%F5,1463,-950.0,中粮期货
2024-09-30,CU2410,volume,11,%BB%AA%CE%C5%C6%DA%BB%F5,1300,344.0,华闻期货
2024-09-30,CU2410,volume,12,%B9%FA%C3%B3%C6%DA%BB%F5,1281,-72.0,国贸期货
2024-09-30,CU2410,volume,13,%CE%E5%BF%F3%C6%DA%BB%F5,1251,-84.0,五矿期货
2024-09-30,CU2410,volume,14,%D5%E3%C9%CC%C6%DA%BB%F5,1058,-1138.0,浙商期货
2024-09-30,CU2410,volume,15,%CD%AD%B9%DA%BD%F0%D4%B4,1043,-105.0,铜冠金源
2024-09-30,CU2410,volume,16,%B9%E3%B7%A2%C6%DA%BB%F5,962,21.0,广发期货
2024-09-30,CU2410,volume,17,%CE%EF%B2%FA%D6%D0%B4%F3,936,358.0,物产中大
2024-09-30,CU2410,volume,18,%C9%BD%BD%F0%C6%DA%BB%F5,902,-19.0,山金期货
2024-09-30,CU2410,volume,19,%D2%BB%B5%C2%C6%DA%BB%F5,831,456.0,一德期货
2024-09-30,CU2410,volume,20,%B6%AB%BA%A3%C6%DA%BB%F5,777,-97.0,东海期货
2024-09-30,CU2410,volume,999,TOTAL,45937,,TOTAL
2024-09-30,CU2410,long,1,%B9%FA%CC%A9%BE%FD%B0%B2,6065,-1102.0,国泰君安
2024-09-30,CU2410,long,2,%BD%F0%C8%F0%C6%DA%BB%F5,5475,-2909.0,金瑞期货
2024-09-30,CU2410,long,3,%D4%C6%B3%BF%C6%DA%BB%F5,3670,-305.0,云晨期货
2024-09-30,CU2410,long,4,%CD%AD%B9%DA%BD%F0%D4%B4,3540,-310.0,铜冠金源
2024-09-30,CU2410,long,5,%CE%E5%BF%F3%C6%DA%BB%F5,3170,27.0,五矿期货
2024-09-30,CU2410,long,6,%D6%D0%D0%C5%C6%DA%BB%F5,2955,-655.0,中信期货
2024-09-30,CU2410,long,7,%B6%AB%D6%A4%C6%DA%BB%F5,1798,-1214.0,东证期货
2024-09-30,CU2410,long,8,%D2%F8%BA%D3%C6%DA%BB%F5,1794,-175.0,银河期货
2024-09-30,CU2410,long,9,%D6%D0%C1%B8%C6%DA%BB%F5,1440,-804.0,中粮期货
2024-09-30,CU2410,long,10,%BA%A3%CD%A8%C6%DA%BB%F5,1335,-8.0,海通期货
2024-09-30,CU2410,long,11,%D6%D0%BA%BD%C6%DA%BB%F5,1300,-94.0,中航期货
2024-09-30,CU2410,long,12,%B9%FA%CD%B6%B0%B2%D0%C5,1010,-54.0,国投安信
2024-09-30,CU2410,long,13,%B6%AB%CE%E2%C6%DA%BB%F5,970,-7.0,东吴期货
2024-09-30,CU2410,long,14,%B1%A6%B3%C7%C6%DA%BB%F5,955,-43.0,宝城期货
2024-09-30,CU2410,long,15,%BA%EB%D2%B5%C6%DA%BB%F5,915,-84.0,弘业期货
2024-09-30,CU2410,long,16,%D6%D0%D0%C5%BD%A8%CD%B6,896,-15.0,中信建投
2024-09-30,CU2410,long,17,%C9%EA%CD%F2%C6%DA%BB%F5,880,-11.0,申万期货
2024-09-30,CU2410,long,18,%C8%F0%B4%EF%C6%DA%BB%F5,830,-268.0,瑞达期货
2024-09-30,CU2410,long,19,%D0%CB%D6%A4%C6%DA%BB%F5,560,-14.0,兴证期货
2024-09-30,CU2410,long,20,%D2%BB%B5%C2%C6%DA%BB%F5,530,-207.0,一德期货
2024-09-30,CU2410,long,999,TOTAL,40088,,TOTAL
2024-09-30,CU2410,short,1,%BD%F0%C8%F0%C6%DA%BB%F5,3334,-1404.0,金瑞期货
2024-09-30,CU2410,short,2,%D6%D0%D0%C5%C6%DA%BB%F5,3200,-750.0,中信期货
2024-09-30,CU2410,short,3,%CE%E5%BF%F3%C6%DA%BB%F5,2825,-584.0,五矿期货
2024-09-30,CU2410,short,4,%B6%AB%D6%A4%C6%DA%BB%F5,2585,-92.0,东证期货
2024-09-30,CU2410,short,5,%C9%BD%BD%F0%C6%DA%BB%F5,2270,-510.0,山金期货
2024-09-30,CU2410,short,6,%D2%BB%B5%C2%C6%DA%BB%F5,2250,-442.0,一德期货
2024-09-30,CU2410,short,7,%D7%CF%BD%F0%CC%EC%B7%E7,1980,159.0,紫金天风
2024-09-30,CU2410,short,8,%B9%FA%CC%A9%BE%FD%B0%B2,1886,-354.0,国泰君安
2024-09-30,CU2410,short,9,%D6%D0%D0%C5%BD%A8%CD%B6,1700,-44.0,中信建投
2024-09-30,CU2410,short,10,%B9%E2%B4%F3%C6%DA%BB%F5,1530,-276.0,光大期货
2024-09-30,CU2410,short,11,%C4%CF%BB%AA%C6%DA%BB%F5,1385,-306.0,南华期货
2024-09-30,CU2410,short,12,%B7%BD%D5%FD%D6%D0%C6%DA,1271,-311.0,方正中期
2024-09-30,CU2410,short,13,%BD%A8%D0%C5%C6%DA%BB%F5,1230,-417.0,建信期货
2024-09-30,CU2410,short,14,%D2%F8%BA%D3%C6%DA%BB%F5,1010,-250.0,银河期货
2024-09-30,CU2410,short,15,%CE%EF%B2%FA%D6%D0%B4%F3,1000,-540.0,物产中大
2024-09-30,CU2410,short,16,%D6%D0%C1%B8%C6%DA%BB%F5,935,-87.0,中粮期货
2024-09-30,CU2410,short,17,%B9%FA%C3%B3%C6%DA%BB%F5,910,-302.0,国贸期货
2024-09-30,CU2410,short,18,%B6%AB%BA%A3%C6%DA%BB%F5,820,-155.0,东海期货
2024-09-30,CU2410,short,19,%BA%EB%D2%B5%C6%DA%BB%F5,820,-74.0,弘业期货
2024-09-30,CU2410,short,20,%CD%AD%B9%DA%BD%F0%D4%B4,790,-9.0,铜冠金源
2024-09-30,CU2410,short,999,TOTAL,33731,,TOTAL
2024-10-08,CU2410,volume,1,%BD%F0%C8%F0%C6%DA%BB%F5,7674,-425.0,金瑞期货
2024-10-08,CU2410,volume,2,%B9%FA%CC%A9%BE%FD%B0%B2,5611,285.0,国泰君安
2024-10-08,CU2410,volume,3,%D2%F8%BA%D3%C6%DA%BB%F5,4194,2311.0,银河期货
2024-10-08,CU2410,volume,4,%D6%D0%D0%C5%C6%DA%BB%F5,2580,-1503.0,中信期货
2024-10-08,CU2410,volume,5,%BB%AA%CE%C5%C6%DA%BB%F5,2580,1280.0,华闻期货
2024-10-08,CU2410,volume,6,%B9%E2%B4%F3%C6%DA%BB%F5,2335,1647.0,光大期货
2024-10-08,CU2410,volume,7,%B9%FA%C3%B3%C6%DA%BB%F5,2260,979.0,国贸期货
2024-10-08,CU2410,volume,8,%CE%E5%BF%F3%C6%DA%BB%F5,1750,499.0,五矿期货
2024-10-08,CU2410,volume,9,%D4%C6%B3%BF%C6%DA%BB%F5,1611,-942.0,云晨期货
2024-10-08,CU2410,volume,10,%B6%AB%D6%A4%C6%DA%BB%F5,1583,-3311.0,东证期货
2024-10-08,CU2410,volume,11,%BA%A3%CD%A8%C6%DA%BB%F5,1390,-353.0,海通期货
2024-10-08,CU2410,volume,12,%CE%EF%B2%FA%D6%D0%B4%F3,1245,309.0,物产中大
2024-10-08,CU2410,volume,13,%D2%BB%B5%C2%C6%DA%BB%F5,1235,404.0,一德期货
2024-10-08,CU2410,volume,14,%C9%EA%CD%F2%C6%DA%BB%F5,1208,929.0,申万期货
2024-10-08,CU2410,volume,15,%D5%E3%C9%CC%C6%DA%BB%F5,1120,62.0,浙商期货
2024-10-08,CU2410,volume,16,%CD%AD%B9%DA%BD%F0%D4%B4,1075,32.0,铜冠金源
2024-10-08,CU2410,volume,17,%D6%D0%CC%A9%C6%DA%BB%F5,1038,-2483.0,中泰期货
2024-10-08,CU2410,volume,18,%C4%CF%BB%AA%C6%DA%BB%F5,915,511.0,南华期货
2024-10-08,CU2410,volume,19,%D3%C0%B0%B2%C6%DA%BB%F5,810,384.0,永安期货
2024-10-08,CU2410,volume,20,%D6%D0%D2%F8%C6%DA%BB%F5,750,575.0,中银期货
2024-10-08,CU2410,volume,999,TOTAL,42964,,TOTAL
2024-10-08,CU2410,long,1,%B9%FA%CC%A9%BE%FD%B0%B2,5560,-505.0,国泰君安
2024-10-08,CU2410,long,2,%D4%C6%B3%BF%C6%DA%BB%F5,4500,830.0,云晨期货
2024-10-08,CU2410,long,3,%BD%F0%C8%F0%C6%DA%BB%F5,3770,-1705.0,金瑞期货
2024-10-08,CU2410,long,4,%CD%AD%B9%DA%BD%F0%D4%B4,3180,-360.0,铜冠金源
2024-10-08,CU2410,long,5,%CE%E5%BF%F3%C6%DA%BB%F5,2725,-445.0,五矿期货
2024-10-08,CU2410,long,6,%D6%D0%D0%C5%C6%DA%BB%F5,2705,-250.0,中信期货
2024-10-08,CU2410,long,7,%D6%D0%C1%B8%C6%DA%BB%F5,1525,85.0,中粮期货
2024-10-08,CU2410,long,8,%D6%D0%BA%BD%C6%DA%BB%F5,1255,-45.0,中航期货
2024-10-08,CU2410,long,9,%B6%AB%D6%A4%C6%DA%BB%F5,1245,-553.0,东证期货
2024-10-08,CU2410,long,10,%D2%F8%BA%D3%C6%DA%BB%F5,1105,-689.0,银河期货
2024-10-08,CU2410,long,11,%BA%EB%D2%B5%C6%DA%BB%F5,1065,150.0,弘业期货
2024-10-08,CU2410,long,12,%B9%FA%CD%B6%B0%B2%D0%C5,1010,0.0,国投安信
2024-10-08,CU2410,long,13,%D6%D0%D0%C5%BD%A8%CD%B6,875,-21.0,中信建投
2024-10-08,CU2410,long,14,%B6%AB%CE%E2%C6%DA%BB%F5,830,-140.0,东吴期货
2024-10-08,CU2410,long,15,%BA%A3%CD%A8%C6%DA%BB%F5,735,-600.0,海通期货
2024-10-08,CU2410,long,16,%B1%A6%B3%C7%C6%DA%BB%F5,710,-245.0,宝城期货
2024-10-08,CU2410,long,17,%C9%EA%CD%F2%C6%DA%BB%F5,545,-335.0,申万期货
2024-10-08,CU2410,long,18,%D3%C0%B0%B2%C6%DA%BB%F5,520,390.0,永安期货
2024-10-08,CU2410,long,19,%B9%E3%D6%DD%C6%DA%BB%F5,470,20.0,广州期货
2024-10-08,CU2410,long,20,%D0%CB%D6%A4%C6%DA%BB%F5,460,-100.0,兴证期货
2024-10-08,CU2410,long,999,TOTAL,34790,,TOTAL
2024-10-08,CU2410,short,1,%BD%F0%C8%F0%C6%DA%BB%F5,4085,751.0,金瑞期货
2024-10-08,CU2410,short,2,%D6%D0%D0%C5%C6%DA%BB%F5,2510,-690.0,中信期货
2024-10-08,CU2410,short,3,%B6%AB%D6%A4%C6%DA%BB%F5,2175,-410.0,东证期货
2024-10-08,CU2410,short,4,%D2%BB%B5%C2%C6%DA%BB%F5,2165,-85.0,一德期货
2024-10-08,CU2410,short,5,%CE%E5%BF%F3%C6%DA%BB%F5,1970,-855.0,五矿期货
2024-10-08,CU2410,short,6,%C9%BD%BD%F0%C6%DA%BB%F5,1915,-355.0,山金期货
2024-10-08,CU2410,short,7,%D7%CF%BD%F0%CC%EC%B7%E7,1770,-210.0,紫金天风
2024-10-08,CU2410,short,8,%D6%D0%D0%C5%BD%A8%CD%B6,1430,-270.0,中信建投
2024-10-08,CU2410,short,9,%B9%E2%B4%F3%C6%DA%BB%F5,1345,-185.0,光大期货
2024-10-08,CU2410,short,10,%B9%FA%CC%A9%BE%FD%B0%B2,1210,-676.0,国泰君安
2024-10-08,CU2410,short,11,%C4%CF%BB%AA%C6%DA%BB%F5,1170,-215.0,南华期货
2024-10-08,CU2410,short,12,%B7%BD%D5%FD%D6%D0%C6%DA,1090,-181.0,方正中期
2024-10-08,CU2410,short,13,%D6%D0%D2%F8%C6%DA%BB%F5,1010,710.0,中银期货
2024-10-08,CU2410,short,14,%D2%F8%BA%D3%C6%DA%BB%F5,1005,-5.0,银河期货
2024-10-08,CU2410,short,15,%BD%A8%D0%C5%C6%DA%BB%F5,975,-255.0,建信期货
2024-10-08,CU2410,short,16,%BA%EB%D2%B5%C6%DA%BB%F5,805,-15.0,弘业期货
2024-10-08,CU2410,short,17,%CD%AD%B9%DA%BD%F0%D4%B4,785,-5.0,铜冠金源
2024-10-08,CU2410,short,18,%B9%FA%C3%B3%C6%DA%BB%F5,775,-135.0,国贸期货
2024-10-08,CU2410,short,19,%BB%AA%B0%B2%C6%DA%BB%F5,720,340.0,华安期货
2024-10-08,CU2410,short,20,%C2%F5%BF%C6%C6%DA%BB%F5,660,-10.0,迈科期货
2024-10-08,CU2410,short,999,TOTAL,29570,,TOTAL
2024-10-09,CU2410,volume,1,%BD%F0%C8%F0%C6%DA%BB%F5,4400,-3274.0,金瑞期货
2024-10-09,CU2410,volume,2,%B9%FA%CC%A9%BE%FD%B0%B2,4300,-1311.0,国泰君安
2024-10-09,CU2410,volume,3,%CE%E5%BF%F3%C6%DA%BB%F5,2250,500.0,五矿期货
2024-10-09,CU2410,volume,4,%D6%D0%D0%C5%C6%DA%BB%F5,1915,-665.0,中信期货
2024-10-09,CU2410,volume,5,%D4%C6%B3%BF%C6%DA%BB%F5,1910,299.0,云晨期货
2024-10-09,CU2410,volume,6,%CD%AD%B9%DA%BD%F0%D4%B4,1650,575.0,铜冠金源
2024-10-09,CU2410,volume,7,%B6%AB%D6%A4%C6%DA%BB%F5,1315,-268.0,东证期货
2024-10-09,CU2410,volume,8,%D2%F8%BA%D3%C6%DA%BB%F5,1250,-2944.0,银河期货
2024-10-09,CU2410,volume,9,%D2%BB%B5%C2%C6%DA%BB%F5,1200,-35.0,一德期货
2024-10-09,CU2410,volume,10,%D6%D0%C1%B8%C6%DA%BB%F5,1170,505.0,中粮期货
2024-10-09,CU2410,volume,11,%BA%EB%D2%B5%C6%DA%BB%F5,1095,840.0,弘业期货
2024-10-09,CU2410,volume,12,%CE%EF%B2%FA%D6%D0%B4%F3,955,-290.0,物产中大
2024-10-09,CU2410,volume,13,%C9%EA%CD%F2%C6%DA%BB%F5,640,-568.0,申万期货
2024-10-09,CU2410,volume,14,%B7%BD%D5%FD%D6%D0%C6%DA,600,-51.0,方正中期
2024-10-09,CU2410,volume,15,%BB%AA%F6%CE%C6%DA%BB%F5,560,239.0,华鑫期货
2024-10-09,CU2410,volume,16,%B6%AB%BA%A3%C6%DA%BB%F5,560,-76.0,东海期货
2024-10-09,CU2410,volume,17,%B9%E2%B4%F3%C6%DA%BB%F5,520,-1815.0,光大期货
2024-10-09,CU2410,volume,18,%C9%CF%BA%A3%D6%D0%C6%DA,430,50.0,上海中期
2024-10-09,CU2410,volume,19,%D7%CF%BD%F0%CC%EC%B7%E7,425,-115.0,紫金天风
2024-10-09,CU2410,volume,20,%B9%E3%B7%A2%C6%DA%BB%F5,405,-286.0,广发期货
2024-10-09,CU2410,volume,999,TOTAL,27550,,TOTAL
2024-10-09,CU2410,long,1,%BD%F0%C8%F0%C6%DA%BB%F5,3655,-115.0,金瑞期货
2024-10-09,CU2410,long,2,%D4%C6%B3%BF%C6%DA%BB%F5,3505,-995.0,云晨期货
2024-10-09,CU2410,long,3,%B9%FA%CC%A9%BE%FD%B0%B2,2515,-3045.0,国泰君安
2024-10-09,CU2410,long,4,%D6%D0%D0%C5%C6%DA%BB%F5,2495,-210.0,中信期货
2024-10-09,CU2410,long,5,%CD%AD%B9%DA%BD%F0%D4%B4,2340,-840.0,铜冠金源
2024-10-09,CU2410,long,6,%CE%E5%BF%F3%C6%DA%BB%F5,2070,-655.0,五矿期货
2024-10-09,CU2410,long,7,%D6%D0%C1%B8%C6%DA%BB%F5,1720,195.0,中粮期货
2024-10-09,CU2410,long,8,%D2%F8%BA%D3%C6%DA%BB%F5,1110,5.0,银河期货
2024-10-09,CU2410,long,9,%B9%FA%CD%B6%B0%B2%D0%C5,1090,80.0,国投安信
2024-10-09,CU2410,long,10,%B6%AB%D6%A4%C6%DA%BB%F5,975,-270.0,东证期货
2024-10-09,CU2410,long,11,%D6%D0%BA%BD%C6%DA%BB%F5,965,-290.0,中航期货
2024-10-09,CU2410,long,12,%D6%D0%D0%C5%BD%A8%CD%B6,830,-45.0,中信建投
2024-10-09,CU2410,long,13,%D3%C0%B0%B2%C6%DA%BB%F5,815,295.0,永安期货
2024-10-09,CU2410,long,14,%BA%EB%D2%B5%C6%DA%BB%F5,745,-320.0,弘业期货
2024-10-09,CU2410,long,15,%BA%A3%CD%A8%C6%DA%BB%F5,645,-90.0,海通期货
2024-10-09,CU2410,long,16,%B1%A6%B3%C7%C6%DA%BB%F5,570,-140.0,宝城期货
2024-10-09,CU2410,long,17,%B6%AB%CE%E2%C6%DA%BB%F5,560,-270.0,东吴期货
2024-10-09,CU2410,long,18,%B9%E3%D6%DD%C6%DA%BB%F5,490,20.0,广州期货
2024-10-09,CU2410,long,19,%C8%F0%B4%EF%C6%DA%BB%F5,340,-20.0,瑞达期货
2024-10-09,CU2410,long,20,%D0%CB%D2%B5%C6%DA%BB%F5,320,-135.0,兴业期货
2024-10-09,CU2410,long,999,TOTAL,27755,,TOTAL
2024-10-09,CU2410,short,1,%BD%F0%C8%F0%C6%DA%BB%F5,2300,-1785.0,金瑞期货
2024-10-09,CU2410,short,2,%B6%AB%D6%A4%C6%DA%BB%F5,1850,-325.0,东证期货
2024-10-09,CU2410,short,3,%CE%E5%BF%F3%C6%DA%BB%F5,1835,-135.0,五矿期货
2024-10-09,CU2410,short,4,%C9%BD%BD%F0%C6%DA%BB%F5,1725,-190.0,山金期货
2024-10-09,CU2410,short,5,%D2%BB%B5%C2%C6%DA%BB%F5,1565,-600.0,一德期货
2024-10-09,CU2410,short,6,%B9%FA%CC%A9%BE%FD%B0%B2,1445,235.0,国泰君安
2024-10-09,CU2410,short,7,%D7%CF%BD%F0%CC%EC%B7%E7,1415,-355.0,紫金天风
2024-10-09,CU2410,short,8,%D6%D0%D0%C5%C6%DA%BB%F5,1385,-1125.0,中信期货
2024-10-09,CU2410,short,9,%B7%BD%D5%FD%D6%D0%C6%DA,1360,270.0,方正中期
2024-10-09,CU2410,short,10,%B9%E2%B4%F3%C6%DA%BB%F5,1285,-60.0,光大期货
2024-10-09,CU2410,short,11,%D6%D0%D0%C5%BD%A8%CD%B6,1210,-220.0,中信建投
2024-10-09,CU2410,short,12,%C4%CF%BB%AA%C6%DA%BB%F5,965,-205.0,南华期货
2024-10-09,CU2410,short,13,%BD%A8%D0%C5%C6%DA%BB%F5,855,-120.0,建信期货
2024-10-09,CU2410,short,14,%CE%EF%B2%FA%D6%D0%B4%F3,750,205.0,物产中大
2024-10-09,CU2410,short,15,%B9%FA%C3%B3%C6%DA%BB%F5,735,-40.0,国贸期货
2024-10-09,CU2410,short,16,%D2%F8%BA%D3%C6%DA%BB%F5,720,-285.0,银河期货
2024-10-09,CU2410,short,17,%B9%E3%B7%A2%C6%DA%BB%F5,700,85.0,广发期货
2024-10-09,CU2410,short,18,%D6%D0%D2%F8%C6%DA%BB%F5,680,-330.0,中银期货
2024-10-09,CU2410,short,19,%D6%D0%C1%B8%C6%DA%BB%F5,510,-145.0,中粮期货
2024-10-09,CU2410,short,20,%CD%AD%B9%DA%BD%F0%D4%B4,505,-280.0,铜冠金源
2024-10-09,CU2410,short,999,TOTAL,23795,,TOTAL
2024-10-10,CU2410,volume,1,%BD%F0%C8%F0%C6%DA%BB%F5,6095,1695.0,金瑞期货
2024-10-10,CU2410,volume,2,%D4%C6%B3%BF%C6%DA%BB%F5,3510,1600.0,云晨期货
2024-10-10,CU2410,volume,3,%B9%FA%CC%A9%BE%FD%B0%B2,3445,-855.0,国泰君安
2024-10-10,CU2410,volume,4,%D6%D0%D0%C5%C6%DA%BB%F5,2340,425.0,中信期货
2024-10-10,CU2410,volume,5,%CE%E5%BF%F3%C6%DA%BB%F5,2065,-185.0,五矿期货
2024-10-10,CU2410,volume,6,%D2%F8%BA%D3%C6%DA%BB%F5,1780,530.0,银河期货
2024-10-10,CU2410,volume,7,%B6%AB%D6%A4%C6%DA%BB%F5,1495,180.0,东证期货
2024-10-10,CU2410,volume,8,%CD%AD%B9%DA%BD%F0%D4%B4,1335,-315.0,铜冠金源
2024-10-10,CU2410,volume,9,%D6%D0%C1%B8%C6%DA%BB%F5,1115,-55.0,中粮期货
2024-10-10,CU2410,volume,10,%CE%EF%B2%FA%D6%D0%B4%F3,1065,110.0,物产中大
2024-10-10,CU2410,volume,11,%D5%E3%C9%CC%C6%DA%BB%F5,1050,830.0,浙商期货
2024-10-10,CU2410,volume,12,%D2%BB%B5%C2%C6%DA%BB%F5,930,-270.0,一德期货
2024-10-10,CU2410,volume,13,%D7%CF%BD%F0%CC%EC%B7%E7,820,395.0,紫金天风
2024-10-10,CU2410,volume,14,%D3%C0%B0%B2%C6%DA%BB%F5,730,375.0,永安期货
2024-10-10,CU2410,volume,15,%BA%A3%CD%A8%C6%DA%BB%F5,725,530.0,海通期货
2024-10-10,CU2410,volume,16,%BD%A8%D0%C5%C6%DA%BB%F5,720,490.0,建信期货
2024-10-10,CU2410,volume,17,%B7%BD%D5%FD%D6%D0%C6%DA,655,55.0,方正中期
2024-10-10,CU2410,volume,18,%C9%EA%CD%F2%C6%DA%BB%F5,635,-5.0,申万期货
2024-10-10,CU2410,volume,19,%C8%F0%B4%EF%C6%DA%BB%F5,555,425.0,瑞达期货
2024-10-10,CU2410,volume,20,%B9%E2%B4%F3%C6%DA%BB%F5,490,-30.0,光大期货
2024-10-10,CU2410,volume,999,TOTAL,31555,,TOTAL
2024-10-10,CU2410,long,1,%D4%C6%B3%BF%C6%DA%BB%F5,2375,-1130.0,云晨期货
2024-10-10,CU2410,long,2,%BD%F0%C8%F0%C6%DA%BB%F5,2285,-1370.0,金瑞期货
2024-10-10,CU2410,long,3,%CE%E5%BF%F3%C6%DA%BB%F5,1805,-265.0,五矿期货
2024-10-10,CU2410,long,4,%CD%AD%B9%DA%BD%F0%D4%B4,1680,-660.0,铜冠金源
2024-10-10,CU2410,long,5,%D6%D0%C1%B8%C6%DA%BB%F5,1620,-100.0,中粮期货
2024-10-10,CU2410,long,6,%B9%FA%CC%A9%BE%FD%B0%B2,1490,-1025.0,国泰君安
2024-10-10,CU2410,long,7,%B9%FA%CD%B6%B0%B2%D0%C5,1375,285.0,国投安信
2024-10-10,CU2410,long,8,%D6%D0%D0%C5%C6%DA%BB%F5,1165,-1330.0,中信期货
2024-10-10,CU2410,long,9,%D6%D0%BA%BD%C6%DA%BB%F5,985,20.0,中航期货
2024-10-10,CU2410,long,10,%D6%D0%D0%C5%BD%A8%CD%B6,835,5.0,中信建投
2024-10-10,CU2410,long,11,%D2%F8%BA%D3%C6%DA%BB%F5,755,-355.0,银河期货
2024-10-10,CU2410,long,12,%B6%AB%D6%A4%C6%DA%BB%F5,670,-305.0,东证期货
2024-10-10,CU2410,long,13,%D3%C0%B0%B2%C6%DA%BB%F5,660,-155.0,永安期货
2024-10-10,CU2410,long,14,%BA%EB%D2%B5%C6%DA%BB%F5,625,-120.0,弘业期货
2024-10-10,CU2410,long,15,%B9%E3%D6%DD%C6%DA%BB%F5,500,10.0,广州期货
2024-10-10,CU2410,long,16,%C8%F0%B4%EF%C6%DA%BB%F5,390,50.0,瑞达期货
2024-10-10,CU2410,long,17,%B1%A6%B3%C7%C6%DA%BB%F5,350,-220.0,宝城期货
2024-10-10,CU2410,long,18,%B6%AB%CE%E2%C6%DA%BB%F5,350,-210.0,东吴期货
2024-10-10,CU2410,long,19,%BA%A3%CD%A8%C6%DA%BB%F5,300,-345.0,海通期货
2024-10-10,CU2410,long,20,%C9%EA%CD%F2%C6%DA%BB%F5,275,-30.0,申万期货
2024-10-10,CU2410,long,999,TOTAL,20490,,TOTAL
2024-10-10,CU2410,short,1,%B9%FA%CC%A9%BE%FD%B0%B2,1895,450.0,国泰君安
2024-10-10,CU2410,short,2,%D2%BB%B5%C2%C6%DA%BB%F5,1730,165.0,一德期货
2024-10-10,CU2410,short,3,%C9%BD%BD%F0%C6%DA%BB%F5,1645,-80.0,山金期货
2024-10-10,CU2410,short,4,%BD%F0%C8%F0%C6%DA%BB%F5,1265,-1035.0,金瑞期货
2024-10-10,CU2410,short,5,%B6%AB%D6%A4%C6%DA%BB%F5,1260,-590.0,东证期货
2024-10-10,CU2410,short,6,%CE%E5%BF%F3%C6%DA%BB%F5,1255,-580.0,五矿期货
2024-10-10,CU2410,short,7,%D6%D0%D0%C5%BD%A8%CD%B6,1195,-15.0,中信建投
2024-10-10,CU2410,short,8,%B7%BD%D5%FD%D6%D0%C6%DA,1130,-230.0,方正中期
2024-10-10,CU2410,short,9,%B9%E2%B4%F3%C6%DA%BB%F5,1115,-170.0,光大期货
2024-10-10,CU2410,short,10,%C4%CF%BB%AA%C6%DA%BB%F5,910,-55.0,南华期货
2024-10-10,CU2410,short,11,%D6%D0%D0%C5%C6%DA%BB%F5,730,-655.0,中信期货
2024-10-10,CU2410,short,12,%B9%E3%B7%A2%C6%DA%BB%F5,725,25.0,广发期货
2024-10-10,CU2410,short,13,%B9%FA%C3%B3%C6%DA%BB%F5,695,-40.0,国贸期货
2024-10-10,CU2410,short,14,%D7%CF%BD%F0%CC%EC%B7%E7,655,-760.0,紫金天风
2024-10-10,CU2410,short,15,%CE%EF%B2%FA%D6%D0%B4%F3,565,-185.0,物产中大
2024-10-10,CU2410,short,16,%D6%D0%C1%B8%C6%DA%BB%F5,395,-115.0,中粮期货
2024-10-10,CU2410,short,17,%BB%AA%B0%B2%C6%DA%BB%F5,380,-95.0,华安期货
2024-10-10,CU2410,short,18,%BD%A8%D0%C5%C6%DA%BB%F5,340,-515.0,建信期货
2024-10-10,CU2410,short,19,%C2%F5%BF%C6%C6%DA%BB%F5,340,-40.0,迈科期货
2024-10-10,CU2410,short,20,%D0%CB%D2%B5%C6%DA%BB%F5,315,70.0,兴业期货
2024-10-10,CU2410,short,999,TOTAL,18540,,TOTAL
2024-10-24,CU2411,volume,1,%D6%D0%D0%C5%C6%DA%BB%F5,9540,-593.0,中信期货
2024-10-24,CU2411,volume,2,%B6%AB%D6%A4%C6%DA%BB%F5,7491,1696.0,东证期货
2024-10-24,CU2411,volume,3,%B9%FA%CC%A9%BE%FD%B0%B2,7222,1650.0,国泰君安
2024-10-24,CU2411,volume,4,%BB%AA%CC%A9%C6%DA%BB%F5,4971,499.0,华泰期货
2024-10-24,CU2411,volume,5,%BD%F0%C8%F0%C6%DA%BB%F5,4438,-562.0,金瑞期货
2024-10-24,CU2411,volume,6,%D4%C6%B3%BF%C6%DA%BB%F5,3702,1043.0,云晨期货
2024-10-24,CU2411,volume,7,%BA%A3%CD%A8%C6%DA%BB%F5,3688,319.0,海通期货
2024-10-24,CU2411,volume,8,%B7%BD%D5%FD%D6%D0%C6%DA,2435,600.0,方正中期
2024-10-24,CU2411,volume,9,%D2%F8%BA%D3%C6%DA%BB%F5,2301,534.0,银河期货
2024-10-24,CU2411,volume,10,%CE%E5%BF%F3%C6%DA%BB%F5,2064,-459.0,五矿期货
2024-10-24,CU2411,volume,11,%D6%D0%CC%A9%C6%DA%BB%F5,2059,440.0,中泰期货
2024-10-24,CU2411,volume,12,%CD%AD%B9%DA%BD%F0%D4%B4,1910,-642.0,铜冠金源
2024-10-24,CU2411,volume,13,%D2%BB%B5%C2%C6%DA%BB%F5,1848,1362.0,一德期货
2024-10-24,CU2411,volume,14,%B9%FA%CD%B6%B0%B2%D0%C5,1494,744.0,国投安信
2024-10-24,CU2411,volume,15,%B9%E2%B4%F3%C6%DA%BB%F5,1433,-352.0,光大期货
2024-10-24,CU2411,volume,16,%B9%FA%D0%C5%C6%DA%BB%F5,1379,-833.0,国信期货
2024-10-24,CU2411,volume,17,%C9%EA%CD%F2%C6%DA%BB%F5,1109,783.0,申万期货
2024-10-24,CU2411,volume,18,%C4%CF%BB%AA%C6%DA%BB%F5,1051,-559.0,南华期货
2024-10-24,CU2411,volume,19,%D3%C0%B0%B2%C6%DA%BB%F5,978,354.0,永安期货
2024-10-24,CU2411,volume,20,%B9%FA%C3%B3%C6%DA%BB%F5,957,-140.0,国贸期货
2024-10-24,CU2411,volume,999,TOTAL,62070,,TOTAL
2024-10-24,CU2411,long,1,%BD%F0%C8%F0%C6%DA%BB%F5,11880,-407.0,金瑞期货
2024-10-24,CU2411,long,2,%CD%AD%B9%DA%BD%F0%D4%B4,9085,280.0,铜冠金源
2024-10-24,CU2411,long,3,%D6%D0%D0%C5%C6%DA%BB%F5,5681,-476.0,中信期货
2024-10-24,CU2411,long,4,%D4%C6%B3%BF%C6%DA%BB%F5,5256,-722.0,云晨期货
2024-10-24,CU2411,long,5,%B9%FA%CC%A9%BE%FD%B0%B2,3831,-1430.0,国泰君安
2024-10-24,CU2411,long,6,%CE%E5%BF%F3%C6%DA%BB%F5,3785,-488.0,五矿期货
2024-10-24,CU2411,long,7,%D6%D0%C1%B8%C6%DA%BB%F5,3287,-71.0,中粮期货
2024-10-24,CU2411,long,8,%C4%CF%BB%AA%C6%DA%BB%F5,2990,-92.0,南华期货
2024-10-24,CU2411,long,9,%BD%A8%D0%C5%C6%DA%BB%F5,2776,-97.0,建信期货
2024-10-24,CU2411,long,10,%B6%AB%D6%A4%C6%DA%BB%F5,2707,24.0,东证期货
2024-10-24,CU2411,long,11,%D2%F8%BA%D3%C6%DA%BB%F5,2403,-81.0,银河期货
2024-10-24,CU2411,long,12,%B6%AB%CE%E2%C6%DA%BB%F5,2259,14.0,东吴期货
2024-10-24,CU2411,long,13,%BA%A3%CD%A8%C6%DA%BB%F5,1951,-145.0,海通期货
2024-10-24,CU2411,long,14,%D2%BB%B5%C2%C6%DA%BB%F5,1872,-1015.0,一德期货
2024-10-24,CU2411,long,15,%B9%FA%CD%B6%B0%B2%D0%C5,1668,33.0,国投安信
2024-10-24,CU2411,long,16,%C8%F0%B4%EF%C6%DA%BB%F5,1601,-97.0,瑞达期货
2024-10-24,CU2411,long,17,%B7%BD%D5%FD%D6%D0%C6%DA,1564,372.0,方正中期
2024-10-24,CU2411,long,18,%B9%E3%D6%DD%C6%DA%BB%F5,1547,-75.0,广州期货
2024-10-24,CU2411,long,19,%D6%D0%B9%FA%B9%FA%BC%CA,1427,0.0,中国国际
2024-10-24,CU2411,long,20,%D6%D0%D2%F8%C6%DA%BB%F5,1361,-6.0,中银期货
2024-10-24,CU2411,long,999,TOTAL,68931,,TOTAL
2024-10-24,CU2411,short,1,%BD%F0%C8%F0%C6%DA%BB%F5,7804,-218.0,金瑞期货
2024-10-24,CU2411,short,2,%D6%D0%D0%C5%C6%DA%BB%F5,7139,-372.0,中信期货
2024-10-24,CU2411,short,3,%B9%FA%CC%A9%BE%FD%B0%B2,5588,-183.0,国泰君安
2024-10-24,CU2411,short,4,%D2%BB%B5%C2%C6%DA%BB%F5,4720,-36.0,一德期货
2024-10-24,CU2411,short,5,%CE%E5%BF%F3%C6%DA%BB%F5,3777,-218.0,五矿期货
2024-10-24,CU2411,short,6,%C9%BD%BD%F0%C6%DA%BB%F5,3190,7.0,山金期货
2024-10-24,CU2411,short,7,%D6%D0%D0%C5%BD%A8%CD%B6,2830,-65.0,中信建投
2024-10-24,CU2411,short,8,%D2%F8%BA%D3%C6%DA%BB%F5,2702,238.0,银河期货
2024-10-24,CU2411,short,9,%B9%E2%B4%F3%C6%DA%BB%F5,2690,251.0,光大期货
2024-10-24,CU2411,short,10,%B7%BD%D5%FD%D6%D0%C6%DA,2225,-237.0,方正中期
2024-10-24,CU2411,short,11,%D6%D0%C1%B8%C6%DA%BB%F5,2197,-216.0,中粮期货
2024-10-24,CU2411,short,12,%B9%FA%CD%B6%B0%B2%D0%C5,2136,108.0,国投安信
2024-10-24,CU2411,short,13,%B9%FA%C3%B3%C6%DA%BB%F5,2133,-307.0,国贸期货
2024-10-24,CU2411,short,14,%D3%C0%B0%B2%C6%DA%BB%F5,2110,-747.0,永安期货
2024-10-24,CU2411,short,15,%CE%EF%B2%FA%D6%D0%B4%F3,2010,-263.0,物产中大
2024-10-24,CU2411,short,16,%B9%E3%B7%A2%C6%DA%BB%F5,1949,-124.0,广发期货
2024-10-24,CU2411,short,17,%BD%A8%D0%C5%C6%DA%BB%F5,1869,63.0,建信期货
2024-10-24,CU2411,short,18,%BA%EB%D2%B5%C6%DA%BB%F5,1840,-64.0,弘业期货
2024-10-24,CU2411,short,19,%B6%AB%D6%A4%C6%DA%BB%F5,1783,-1461.0,东证期货
2024-10-24,CU2411,short,20,%BA%E3%C1%A6%C6%DA%BB%F5,1587,-51.0,恒力期货
2024-10-24,CU2411,short,999,TOTAL,62279,,TOTAL
2024-10-28,CU2411,volume,1,%D6%D0%D0%C5%C6%DA%BB%F5,6942,-1861.0,中信期货
2024-10-28,CU2411,volume,2,%BD%F0%C8%F0%C6%DA%BB%F5,5069,-1788.0,金瑞期货
2024-10-28,CU2411,volume,3,%B6%AB%D6%A4%C6%DA%BB%F5,4439,-4096.0,东证期货
2024-10-28,CU2411,volume,4,%B9%FA%CC%A9%BE%FD%B0%B2,4179,-1408.0,国泰君安
2024-10-28,CU2411,volume,5,%BA%A3%CD%A8%C6%DA%BB%F5,3344,-440.0,海通期货
2024-10-28,CU2411,volume,6,%D4%C6%B3%BF%C6%DA%BB%F5,2183,-1026.0,云晨期货
2024-10-28,CU2411,volume,7,%CD%AD%B9%DA%BD%F0%D4%B4,1900,-883.0,铜冠金源
2024-10-28,CU2411,volume,8,%B9%E2%B4%F3%C6%DA%BB%F5,1503,-801.0,光大期货
2024-10-28,CU2411,volume,9,%BB%AA%CC%A9%C6%DA%BB%F5,1384,-1641.0,华泰期货
2024-10-28,CU2411,volume,10,%B1%A6%B3%C7%C6%DA%BB%F5,1260,639.0,宝城期货
2024-10-28,CU2411,volume,11,%B7%BD%D5%FD%D6%D0%C6%DA,1234,-1565.0,方正中期
2024-10-28,CU2411,volume,12,%D6%D0%CC%A9%C6%DA%BB%F5,1143,-865.0,中泰期货
2024-10-28,CU2411,volume,13,%D2%F8%BA%D3%C6%DA%BB%F5,1046,-735.0,银河期货
2024-10-28,CU2411,volume,14,%C4%CF%BB%AA%C6%DA%BB%F5,1024,-148.0,南华期货
2024-10-28,CU2411,volume,15,%D6%D0%BD%F0%C6%DA%BB%F5,1000,1000.0,中金期货
2024-10-28,CU2411,volume,16,%B9%FA%BA%A3%C1%BC%CA%B1,930,833.0,国海良时
2024-10-28,CU2411,volume,17,%B9%FA%C3%B3%C6%DA%BB%F5,910,-908.0,国贸期货
2024-10-28,CU2411,volume,18,%C9%BD%BD%F0%C6%DA%BB%F5,908,311.0,山金期货
2024-10-28,CU2411,volume,19,%CE%E5%BF%F3%C6%DA%BB%F5,874,-2432.0,五矿期货
2024-10-28,CU2411,volume,20,%B9%E3%B7%A2%C6%DA%BB%F5,851,21.0,广发期货
2024-10-28,CU2411,volume,999,TOTAL,42123,,TOTAL
2024-10-28,CU2411,long,1,%BD%F0%C8%F0%C6%DA%BB%F5,10971,-1528.0,金瑞期货
2024-10-28,CU2411,long,2,%CD%AD%B9%DA%BD%F0%D4%B4,8218,-673.0,铜冠金源
2024-10-28,CU2411,long,3,%D4%C6%B3%BF%C6%DA%BB%F5,5086,-55.0,云晨期货
2024-10-28,CU2411,long,4,%D6%D0%D0%C5%C6%DA%BB%F5,4258,-645.0,中信期货
2024-10-28,CU2411,long,5,%CE%E5%BF%F3%C6%DA%BB%F5,3349,-435.0,五矿期货
2024-10-28,CU2411,long,6,%C4%CF%BB%AA%C6%DA%BB%F5,3009,75.0,南华期货
2024-10-28,CU2411,long,7,%D6%D0%C1%B8%C6%DA%BB%F5,2918,-367.0,中粮期货
2024-10-28,CU2411,long,8,%B9%FA%CC%A9%BE%FD%B0%B2,2822,-834.0,国泰君安
2024-10-28,CU2411,long,9,%BD%A8%D0%C5%C6%DA%BB%F5,2735,-9.0,建信期货
2024-10-28,CU2411,long,10,%D2%F8%BA%D3%C6%DA%BB%F5,2155,-103.0,银河期货
2024-10-28,CU2411,long,11,%B6%AB%D6%A4%C6%DA%BB%F5,1932,-249.0,东证期货
2024-10-28,CU2411,long,12,%B6%AB%CE%E2%C6%DA%BB%F5,1910,-35.0,东吴期货
2024-10-28,CU2411,long,13,%D2%BB%B5%C2%C6%DA%BB%F5,1807,-12.0,一德期货
2024-10-28,CU2411,long,14,%C8%F0%B4%EF%C6%DA%BB%F5,1755,137.0,瑞达期货
2024-10-28,CU2411,long,15,%BA%A3%CD%A8%C6%DA%BB%F5,1548,440.0,海通期货
2024-10-28,CU2411,long,16,%D6%D0%B9%FA%B9%FA%BC%CA,1425,1.0,中国国际
2024-10-28,CU2411,long,17,%D6%D0%D2%F8%C6%DA%BB%F5,1401,72.0,中银期货
2024-10-28,CU2411,long,18,%B9%FA%C1%AA%C6%DA%BB%F5,1392,241.0,国联期货
2024-10-28,CU2411,long,19,%B9%E3%D6%DD%C6%DA%BB%F5,1334,3.0,广州期货
2024-10-28,CU2411,long,20,%B9%FA%CD%B6%B0%B2%D0%C5,1154,-224.0,国投安信
2024-10-28,CU2411,long,999,TOTAL,61179,,TOTAL
2024-10-28,CU2411,short,1,%BD%F0%C8%F0%C6%DA%BB%F5,8090,-1751.0,金瑞期货
2024-10-28,CU2411,short,2,%D6%D0%D0%C5%C6%DA%BB%F5,6071,-861.0,中信期货
2024-10-28,CU2411,short,3,%B9%FA%CC%A9%BE%FD%B0%B2,5402,439.0,国泰君安
2024-10-28,CU2411,short,4,%D2%BB%B5%C2%C6%DA%BB%F5,4222,-229.0,一德期货
2024-10-28,CU2411,short,5,%C9%BD%BD%F0%C6%DA%BB%F5,3657,282.0,山金期货
2024-10-28,CU2411,short,6,%CE%E5%BF%F3%C6%DA%BB%F5,3045,-95.0,五矿期货
2024-10-28,CU2411,short,7,%B9%E2%B4%F3%C6%DA%BB%F5,2661,-34.0,光大期货
2024-10-28,CU2411,short,8,%D2%F8%BA%D3%C6%DA%BB%F5,2503,-201.0,银河期货
2024-10-28,CU2411,short,9,%B9%FA%CD%B6%B0%B2%D0%C5,2320,-424.0,国投安信
2024-10-28,CU2411,short,10,%D6%D0%D0%C5%BD%A8%CD%B6,2180,-298.0,中信建投
2024-10-28,CU2411,short,11,%D6%D0%C1%B8%C6%DA%BB%F5,1979,-143.0,中粮期货
2024-10-28,CU2411,short,12,%CE%EF%B2%FA%D6%D0%B4%F3,1855,-259.0,物产中大
2024-10-28,CU2411,short,13,%BA%EB%D2%B5%C6%DA%BB%F5,1798,93.0,弘业期货
2024-10-28,CU2411,short,14,%B9%FA%C3%B3%C6%DA%BB%F5,1788,-96.0,国贸期货
2024-10-28,CU2411,short,15,%B6%AB%D6%A4%C6%DA%BB%F5,1701,-624.0,东证期货
2024-10-28,CU2411,short,16,%B7%BD%D5%FD%D6%D0%C6%DA,1662,-41.0,方正中期
2024-10-28,CU2411,short,17,%B9%E3%B7%A2%C6%DA%BB%F5,1520,-85.0,广发期货
2024-10-28,CU2411,short,18,%BA%E3%C1%A6%C6%DA%BB%F5,1480,-4.0,恒力期货
2024-10-28,CU2411,short,19,%BD%A8%D0%C5%C6%DA%BB%F5,1347,-334.0,建信期货
2024-10-28,CU2411,short,20,%BA%A3%CD%A8%C6%DA%BB%F5,1282,72.0,海通期货
2024-10-28,CU2411,short,999,TOTAL,56563,,TOTAL
2024-10-30,CU2411,volume,1,%BD%F0%C8%F0%C6%DA%BB%F5,6137,-174.0,金瑞期货
2024-10-30,CU2411,volume,2,%D6%D0%D0%C5%C6%DA%BB%F5,5294,-444.0,中信期货
2024-10-30,CU2411,volume,3,%B9%FA%CC%A9%BE%FD%B0%B2,5244,1067.0,国泰君安
2024-10-30,CU2411,volume,4,%B6%AB%D6%A4%C6%DA%BB%F5,3927,-7.0,东证期货
2024-10-30,CU2411,volume,5,%BA%A3%CD%A8%C6%DA%BB%F5,2690,-838.0,海通期货
2024-10-30,CU2411,volume,6,%D2%F8%BA%D3%C6%DA%BB%F5,2563,1686.0,银河期货
2024-10-30,CU2411,volume,7,%D4%C6%B3%BF%C6%DA%BB%F5,2376,-74.0,云晨期货
2024-10-30,CU2411,volume,8,%C9%BD%BD%F0%C6%DA%BB%F5,1806,370.0,山金期货
2024-10-30,CU2411,volume,9,%CE%E5%BF%F3%C6%DA%BB%F5,1370,729.0,五矿期货
2024-10-30,CU2411,volume,10,%C4%CF%BB%AA%C6%DA%BB%F5,1299,-316.0,南华期货
2024-10-30,CU2411,volume,11,%BB%AA%CC%A9%C6%DA%BB%F5,1288,-277.0,华泰期货
2024-10-30,CU2411,volume,12,%B9%E2%B4%F3%C6%DA%BB%F5,1079,76.0,光大期货
2024-10-30,CU2411,volume,13,%D2%BB%B5%C2%C6%DA%BB%F5,949,23.0,一德期货
2024-10-30,CU2411,volume,14,%B9%FA%C3%B3%C6%DA%BB%F5,916,239.0,国贸期货
2024-10-30,CU2411,volume,15,%D6%D0%C1%B8%C6%DA%BB%F5,858,144.0,中粮期货
2024-10-30,CU2411,volume,16,%B7%BD%D5%FD%D6%D0%C6%DA,842,-616.0,方正中期
2024-10-30,CU2411,volume,17,%BA%EB%D2%B5%C6%DA%BB%F5,781,-379.0,弘业期货
2024-10-30,CU2411,volume,18,%CD%AD%B9%DA%BD%F0%D4%B4,748,-1199.0,铜冠金源
2024-10-30,CU2411,volume,19,%B9%FA%C1%AA%C6%DA%BB%F5,739,310.0,国联期货
2024-10-30,CU2411,volume,20,%BA%EA%D4%B4%C6%DA%BB%F5,681,615.0,宏源期货
2024-10-30,CU2411,volume,999,TOTAL,41587,,TOTAL
2024-10-30,CU2411,long,1,%BD%F0%C8%F0%C6%DA%BB%F5,9782,-1314.0,金瑞期货
2024-10-30,CU2411,long,2,%CD%AD%B9%DA%BD%F0%D4%B4,7360,-410.0,铜冠金源
2024-10-30,CU2411,long,3,%D4%C6%B3%BF%C6%DA%BB%F5,5099,506.0,云晨期货
2024-10-30,CU2411,long,4,%D6%D0%D0%C5%C6%DA%BB%F5,3032,-587.0,中信期货
2024-10-30,CU2411,long,5,%CE%E5%BF%F3%C6%DA%BB%F5,2915,-685.0,五矿期货
2024-10-30,CU2411,long,6,%BD%A8%D0%C5%C6%DA%BB%F5,2805,97.0,建信期货
2024-10-30,CU2411,long,7,%B9%FA%CC%A9%BE%FD%B0%B2,2243,-431.0,国泰君安
2024-10-30,CU2411,long,8,%C4%CF%BB%AA%C6%DA%BB%F5,2087,-469.0,南华期货
2024-10-30,CU2411,long,9,%D6%D0%C1%B8%C6%DA%BB%F5,1762,-619.0,中粮期货
2024-10-30,CU2411,long,10,%D2%BB%B5%C2%C6%DA%BB%F5,1581,-78.0,一德期货
2024-10-30,CU2411,long,11,%C8%F0%B4%EF%C6%DA%BB%F5,1486,-2.0,瑞达期货
2024-10-30,CU2411,long,12,%B6%AB%CE%E2%C6%DA%BB%F5,1480,-120.0,东吴期货
2024-10-30,CU2411,long,13,%D6%D0%B9%FA%B9%FA%BC%CA,1377,-39.0,中国国际
2024-10-30,CU2411,long,14,%D6%D0%D2%F8%C6%DA%BB%F5,1337,-6.0,中银期货
2024-10-30,CU2411,long,15,%D2%F8%BA%D3%C6%DA%BB%F5,1331,-730.0,银河期货
2024-10-30,CU2411,long,16,%B6%AB%D6%A4%C6%DA%BB%F5,1290,-277.0,东证期货
2024-10-30,CU2411,long,17,%BA%A3%CD%A8%C6%DA%BB%F5,1082,-238.0,海通期货
2024-10-30,CU2411,long,18,%BA%EB%D2%B5%C6%DA%BB%F5,977,14.0,弘业期货
2024-10-30,CU2411,long,19,%B6%AB%BA%A3%C6%DA%BB%F5,975,-33.0,东海期货
2024-10-30,CU2411,long,20,%B9%E3%D6%DD%C6%DA%BB%F5,908,-419.0,广州期货
2024-10-30,CU2411,long,999,TOTAL,50909,,TOTAL
2024-10-30,CU2411,short,1,%BD%F0%C8%F0%C6%DA%BB%F5,5163,-2121.0,金瑞期货
2024-10-30,CU2411,short,2,%B9%FA%CC%A9%BE%FD%B0%B2,5082,-543.0,国泰君安
2024-10-30,CU2411,short,3,%D6%D0%D0%C5%C6%DA%BB%F5,4987,-407.0,中信期货
2024-10-30,CU2411,short,4,%D2%BB%B5%C2%C6%DA%BB%F5,3677,-39.0,一德期货
2024-10-30,CU2411,short,5,%C9%BD%BD%F0%C6%DA%BB%F5,3470,-11.0,山金期货
2024-10-30,CU2411,short,6,%CE%E5%BF%F3%C6%DA%BB%F5,2580,-161.0,五矿期货
2024-10-30,CU2411,short,7,%CE%EF%B2%FA%D6%D0%B4%F3,2377,-67.0,物产中大
2024-10-30,CU2411,short,8,%B9%E2%B4%F3%C6%DA%BB%F5,2255,-11.0,光大期货
2024-10-30,CU2411,short,9,%D2%F8%BA%D3%C6%DA%BB%F5,2049,-321.0,银河期货
2024-10-30,CU2411,short,10,%B9%FA%CD%B6%B0%B2%D0%C5,1905,-260.0,国投安信
2024-10-30,CU2411,short,11,%B7%BD%D5%FD%D6%D0%C6%DA,1849,217.0,方正中期
2024-10-30,CU2411,short,12,%D6%D0%C1%B8%C6%DA%BB%F5,1713,-203.0,中粮期货
2024-10-30,CU2411,short,13,%D6%D0%D0%C5%BD%A8%CD%B6,1553,-252.0,中信建投
2024-10-30,CU2411,short,14,%BA%E3%C1%A6%C6%DA%BB%F5,1550,-65.0,恒力期货
2024-10-30,CU2411,short,15,%B9%FA%C3%B3%C6%DA%BB%F5,1469,-254.0,国贸期货
2024-10-30,CU2411,short,16,%B6%AB%D6%A4%C6%DA%BB%F5,1242,-348.0,东证期货
2024-10-30,CU2411,short,17,%B9%E3%B7%A2%C6%DA%BB%F5,1195,-190.0,广发期货
2024-10-30,CU2411,short,18,%BA%A3%CD%A8%C6%DA%BB%F5,1096,-24.0,海通期货
2024-10-30,CU2411,short,19,%B3%A4%BD%AD%C6%DA%BB%F5,1024,-46.0,长江期货
2024-10-30,CU2411,short,20,%CD%AD%B9%DA%BD%F0%D4%B4,950,58.0,铜冠金源
2024-10-30,CU2411,short,999,TOTAL,47186,,TOTAL
2024-11-01,CU2411,volume,1,%BD%F0%C8%F0%C6%DA%BB%F5,4445,-587.0,金瑞期货
2024-11-01,CU2411,volume,2,%B9%FA%CC%A9%BE%FD%B0%B2,3690,24.0,国泰君安
2024-11-01,CU2411,volume,3,%CE%EF%B2%FA%D6%D0%B4%F3,3472,2197.0,物产中大
2024-11-01,CU2411,volume,4,%D2%F8%BA%D3%C6%DA%BB%F5,2190,1032.0,银河期货
2024-11-01,CU2411,volume,5,%BB%AA%CE%C5%C6%DA%BB%F5,2085,1411.0,华闻期货
2024-11-01,CU2411,volume,6,%D4%C6%B3%BF%C6%DA%BB%F5,1725,425.0,云晨期货
2024-11-01,CU2411,volume,7,%B6%AB%D6%A4%C6%DA%BB%F5,1655,-2859.0,东证期货
2024-11-01,CU2411,volume,8,%D6%D0%D0%C5%C6%DA%BB%F5,1465,-1641.0,中信期货
2024-11-01,CU2411,volume,9,%B9%E2%B4%F3%C6%DA%BB%F5,1275,426.0,光大期货
2024-11-01,CU2411,volume,10,%CD%AD%B9%DA%BD%F0%D4%B4,1180,170.0,铜冠金源
2024-11-01,CU2411,volume,11,%B9%FA%CD%B6%B0%B2%D0%C5,1120,147.0,国投安信
2024-11-01,CU2411,volume,12,%B9%FA%C3%B3%C6%DA%BB%F5,1095,78.0,国贸期货
2024-11-01,CU2411,volume,13,%B7%BD%D5%FD%D6%D0%C6%DA,1050,-148.0,方正中期
2024-11-01,CU2411,volume,14,%D6%D0%C1%B8%C6%DA%BB%F5,1021,223.0,中粮期货
2024-11-01,CU2411,volume,15,%B6%AB%CE%E2%C6%DA%BB%F5,1015,319.0,东吴期货
2024-11-01,CU2411,volume,16,%D7%CF%BD%F0%CC%EC%B7%E7,965,548.0,紫金天风
2024-11-01,CU2411,volume,17,%CE%E5%BF%F3%C6%DA%BB%F5,945,-276.0,五矿期货
2024-11-01,CU2411,volume,18,%C9%EA%CD%F2%C6%DA%BB%F5,905,549.0,申万期货
2024-11-01,CU2411,volume,19,%C9%BD%BD%F0%C6%DA%BB%F5,875,81.0,山金期货
2024-11-01,CU2411,volume,20,%B4%B4%D4%AA%C6%DA%BB%F5,855,286.0,创元期货
2024-11-01,CU2411,volume,999,TOTAL,33028,,TOTAL
2024-11-01,CU2411,long,1,%BD%F0%C8%F0%C6%DA%BB%F5,7290,-940.0,金瑞期货
2024-11-01,CU2411,long,2,%CD%AD%B9%DA%BD%F0%D4%B4,6395,-595.0,铜冠金源
2024-11-01,CU2411,long,3,%D4%C6%B3%BF%C6%DA%BB%F5,5460,470.0,云晨期货
2024-11-01,CU2411,long,4,%CE%E5%BF%F3%C6%DA%BB%F5,2880,300.0,五矿期货
2024-11-01,CU2411,long,5,%BD%A8%D0%C5%C6%DA%BB%F5,2875,-45.0,建信期货
2024-11-01,CU2411,long,6,%D6%D0%D0%C5%C6%DA%BB%F5,2810,-140.0,中信期货
2024-11-01,CU2411,long,7,%B9%FA%CC%A9%BE%FD%B0%B2,1730,-245.0,国泰君安
2024-11-01,CU2411,long,8,%D2%BB%B5%C2%C6%DA%BB%F5,1680,-25.0,一德期货
2024-11-01,CU2411,long,9,%D6%D0%D2%F8%C6%DA%BB%F5,1405,75.0,中银期货
2024-11-01,CU2411,long,10,%D2%F8%BA%D3%C6%DA%BB%F5,1190,-10.0,银河期货
2024-11-01,CU2411,long,11,%C4%CF%BB%AA%C6%DA%BB%F5,1080,-585.0,南华期货
2024-11-01,CU2411,long,12,%B6%AB%CE%E2%C6%DA%BB%F5,1055,-385.0,东吴期货
2024-11-01,CU2411,long,13,%C8%F0%B4%EF%C6%DA%BB%F5,915,-95.0,瑞达期货
2024-11-01,CU2411,long,14,%B9%E3%D6%DD%C6%DA%BB%F5,910,65.0,广州期货
2024-11-01,CU2411,long,15,%D6%D0%BA%BD%C6%DA%BB%F5,850,-135.0,中航期货
2024-11-01,CU2411,long,16,%BA%EB%D2%B5%C6%DA%BB%F5,830,-250.0,弘业期货
2024-11-01,CU2411,long,17,%D6%D0%C1%B8%C6%DA%BB%F5,680,-515.0,中粮期货
2024-11-01,CU2411,long,18,%D6%D0%B9%FA%B9%FA%BC%CA,675,-240.0,中国国际
2024-11-01,CU2411,long,19,%B9%FA%C3%B3%C6%DA%BB%F5,660,130.0,国贸期货
2024-11-01,CU2411,long,20,%BB%AA%F6%CE%C6%DA%BB%F5,645,-160.0,华鑫期货
2024-11-01,CU2411,long,999,TOTAL,42015,,TOTAL
2024-11-01,CU2411,short,1,%B9%FA%CC%A9%BE%FD%B0%B2,4365,-45.0,国泰君安
2024-11-01,CU2411,short,2,%D6%D0%D0%C5%C6%DA%BB%F5,4130,-335.0,中信期货
2024-11-01,CU2411,short,3,%BD%F0%C8%F0%C6%DA%BB%F5,3590,-915.0,金瑞期货
2024-11-01,CU2411,short,4,%D2%BB%B5%C2%C6%DA%BB%F5,3525,-85.0,一德期货
2024-11-01,CU2411,short,5,%C9%BD%BD%F0%C6%DA%BB%F5,3125,-435.0,山金期货
2024-11-01,CU2411,short,6,%CE%E5%BF%F3%C6%DA%BB%F5,2285,5.0,五矿期货
2024-11-01,CU2411,short,7,%D6%D0%C1%B8%C6%DA%BB%F5,1870,284.0,中粮期货
2024-11-01,CU2411,short,8,%B9%FA%CD%B6%B0%B2%D0%C5,1775,-70.0,国投安信
2024-11-01,CU2411,short,9,%D2%F8%BA%D3%C6%DA%BB%F5,1750,90.0,银河期货
2024-11-01,CU2411,short,10,%B9%E2%B4%F3%C6%DA%BB%F5,1530,-665.0,光大期货
2024-11-01,CU2411,short,11,%B9%FA%C3%B3%C6%DA%BB%F5,1425,15.0,国贸期货
2024-11-01,CU2411,short,12,%D6%D0%D0%C5%BD%A8%CD%B6,1350,0.0,中信建投
2024-11-01,CU2411,short,13,%B7%BD%D5%FD%D6%D0%C6%DA,1190,-380.0,方正中期
2024-11-01,CU2411,short,14,%B9%E3%B7%A2%C6%DA%BB%F5,1095,-35.0,广发期货
2024-11-01,CU2411,short,15,%BA%E3%C1%A6%C6%DA%BB%F5,1085,-300.0,恒力期货
2024-11-01,CU2411,short,16,%B3%A4%BD%AD%C6%DA%BB%F5,970,-35.0,长江期货
2024-11-01,CU2411,short,17,%B6%AB%D6%A4%C6%DA%BB%F5,815,-145.0,东证期货
2024-11-01,CU2411,short,18,%D7%CF%BD%F0%CC%EC%B7%E7,795,-150.0,紫金天风
2024-11-01,CU2411,short,19,%CE%EF%B2%FA%D6%D0%B4%F3,775,-532.0,物产中大
2024-11-01,CU2411,short,20,%BD%A8%D0%C5%C6%DA%BB%F5,745,-20.0,建信期货
2024-11-01,CU2411,short,999,TOTAL,38190,,TOTAL
2024-11-04,CU2411,volume,1,%BD%F0%C8%F0%C6%DA%BB%F5,7235,2790.0,金瑞期货
2024-11-04,CU2411,volume,2,%BB%AA%CE%C5%C6%DA%BB%F5,3485,1400.0,华闻期货
2024-11-04,CU2411,volume,3,%D2%BB%B5%C2%C6%DA%BB%F5,2860,2370.0,一德期货
2024-11-04,CU2411,volume,4,%B9%FA%CC%A9%BE%FD%B0%B2,2745,-945.0,国泰君安
2024-11-04,CU2411,volume,5,%D6%D0%D0%C5%C6%DA%BB%F5,2470,1005.0,中信期货
2024-11-04,CU2411,volume,6,%D2%F8%BA%D3%C6%DA%BB%F5,1660,-530.0,银河期货
2024-11-04,CU2411,volume,7,%D4%C6%B3%BF%C6%DA%BB%F5,1475,-250.0,云晨期货
2024-11-04,CU2411,volume,8,%B6%AB%D6%A4%C6%DA%BB%F5,1445,-210.0,东证期货
2024-11-04,CU2411,volume,9,%CD%AD%B9%DA%BD%F0%D4%B4,1415,235.0,铜冠金源
2024-11-04,CU2411,volume,10,%B9%FA%C3%B3%C6%DA%BB%F5,1370,275.0,国贸期货
2024-11-04,CU2411,volume,11,%CE%E5%BF%F3%C6%DA%BB%F5,1105,160.0,五矿期货
2024-11-04,CU2411,volume,12,%B9%E3%B7%A2%C6%DA%BB%F5,1105,590.0,广发期货
2024-11-04,CU2411,volume,13,%B7%BD%D5%FD%D6%D0%C6%DA,1005,-45.0,方正中期
2024-11-04,CU2411,volume,14,%C9%EA%CD%F2%C6%DA%BB%F5,945,40.0,申万期货
2024-11-04,CU2411,volume,15,%D6%D0%D0%C5%BD%A8%CD%B6,905,445.0,中信建投
2024-11-04,CU2411,volume,16,%D6%D0%D6%DD%C6%DA%BB%F5,810,560.0,中州期货
2024-11-04,CU2411,volume,17,%B9%E2%B4%F3%C6%DA%BB%F5,755,-520.0,光大期货
2024-11-04,CU2411,volume,18,%D0%C2%BA%FE%C6%DA%BB%F5,755,560.0,新湖期货
2024-11-04,CU2411,volume,19,%D6%D0%C1%B8%C6%DA%BB%F5,715,-306.0,中粮期货
2024-11-04,CU2411,volume,20,%B9%E3%D6%DD%C6%DA%BB%F5,665,520.0,广州期货
2024-11-04,CU2411,volume,999,TOTAL,34925,,TOTAL
2024-11-04,CU2411,long,1,%BD%F0%C8%F0%C6%DA%BB%F5,5705,-1585.0,金瑞期货
2024-11-04,CU2411,long,2,%D4%C6%B3%BF%C6%DA%BB%F5,5625,165.0,云晨期货
2024-11-04,CU2411,long,3,%CD%AD%B9%DA%BD%F0%D4%B4,5540,-855.0,铜冠金源
2024-11-04,CU2411,long,4,%BD%A8%D0%C5%C6%DA%BB%F5,2820,-55.0,建信期货
2024-11-04,CU2411,long,5,%CE%E5%BF%F3%C6%DA%BB%F5,2605,-275.0,五矿期货
2024-11-04,CU2411,long,6,%D6%D0%D0%C5%C6%DA%BB%F5,2275,-535.0,中信期货
2024-11-04,CU2411,long,7,%B9%FA%CC%A9%BE%FD%B0%B2,1475,-255.0,国泰君安
2024-11-04,CU2411,long,8,%D6%D0%D2%F8%C6%DA%BB%F5,1405,0.0,中银期货
2024-11-04,CU2411,long,9,%B6%AB%CE%E2%C6%DA%BB%F5,1265,210.0,东吴期货
2024-11-04,CU2411,long,10,%D2%F8%BA%D3%C6%DA%BB%F5,1130,-60.0,银河期货
2024-11-04,CU2411,long,11,%C8%F0%B4%EF%C6%DA%BB%F5,1070,155.0,瑞达期货
2024-11-04,CU2411,long,12,%C4%CF%BB%AA%C6%DA%BB%F5,950,-130.0,南华期货
2024-11-04,CU2411,long,13,%B6%AB%D6%A4%C6%DA%BB%F5,835,355.0,东证期货
2024-11-04,CU2411,long,14,%D2%BB%B5%C2%C6%DA%BB%F5,805,-875.0,一德期货
2024-11-04,CU2411,long,15,%BA%EB%D2%B5%C6%DA%BB%F5,755,-75.0,弘业期货
2024-11-04,CU2411,long,16,%D6%D0%BA%BD%C6%DA%BB%F5,735,-115.0,中航期货
2024-11-04,CU2411,long,17,%D6%D0%B9%FA%B9%FA%BC%CA,675,0.0,中国国际
2024-11-04,CU2411,long,18,%B9%E3%D6%DD%C6%DA%BB%F5,670,-240.0,广州期货
2024-11-04,CU2411,long,19,%BB%AA%CC%A9%C6%DA%BB%F5,645,70.0,华泰期货
2024-11-04,CU2411,long,20,%B9%FA%C1%AA%C6%DA%BB%F5,590,0.0,国联期货
2024-11-04,CU2411,long,999,TOTAL,37575,,TOTAL
2024-11-04,CU2411,short,1,%BD%F0%C8%F0%C6%DA%BB%F5,4470,880.0,金瑞期货
2024-11-04,CU2411,short,2,%D6%D0%D0%C5%C6%DA%BB%F5,3475,-655.0,中信期货
2024-11-04,CU2411,short,3,%B9%FA%CC%A9%BE%FD%B0%B2,3365,-1000.0,国泰君安
2024-11-04,CU2411,short,4,%C9%BD%BD%F0%C6%DA%BB%F5,3000,-125.0,山金期货
2024-11-04,CU2411,short,5,%D2%BB%B5%C2%C6%DA%BB%F5,2520,-1005.0,一德期货
2024-11-04,CU2411,short,6,%CE%E5%BF%F3%C6%DA%BB%F5,2165,-120.0,五矿期货
2024-11-04,CU2411,short,7,%B9%FA%CD%B6%B0%B2%D0%C5,2000,225.0,国投安信
2024-11-04,CU2411,short,8,%D6%D0%C1%B8%C6%DA%BB%F5,1865,-5.0,中粮期货
2024-11-04,CU2411,short,9,%B9%FA%C3%B3%C6%DA%BB%F5,1335,-90.0,国贸期货
2024-11-04,CU2411,short,10,%B7%BD%D5%FD%D6%D0%C6%DA,1170,-20.0,方正中期
2024-11-04,CU2411,short,11,%B9%E2%B4%F3%C6%DA%BB%F5,1165,-365.0,光大期货
2024-11-04,CU2411,short,12,%D2%F8%BA%D3%C6%DA%BB%F5,1160,-590.0,银河期货
2024-11-04,CU2411,short,13,%CE%EF%B2%FA%D6%D0%B4%F3,1095,320.0,物产中大
2024-11-04,CU2411,short,14,%D6%D0%D0%C5%BD%A8%CD%B6,895,-455.0,中信建投
2024-11-04,CU2411,short,15,%B3%A4%BD%AD%C6%DA%BB%F5,800,-170.0,长江期货
2024-11-04,CU2411,short,16,%CD%AD%B9%DA%BD%F0%D4%B4,765,30.0,铜冠金源
2024-11-04,CU2411,short,17,%BA%E3%C1%A6%C6%DA%BB%F5,670,-415.0,恒力期货
2024-11-04,CU2411,short,18,%B6%AB%D6%A4%C6%DA%BB%F5,655,-160.0,东证期货
2024-11-04,CU2411,short,19,%D7%CF%BD%F0%CC%EC%B7%E7,655,-140.0,紫金天风
2024-11-04,CU2411,short,20,%B6%AB%BA%A3%C6%DA%BB%F5,600,160.0,东海期货
2024-11-04,CU2411,short,999,TOTAL,33825,,TOTAL
2024-11-05,CU2411,volume,1,%BD%F0%C8%F0%C6%DA%BB%F5,4930,-2305.0,金瑞期货
2024-11-05,CU2411,volume,2,%BB%AA%CE%C5%C6%DA%BB%F5,2975,-510.0,华闻期货
2024-11-05,CU2411,volume,3,%D4%C6%B3%BF%C6%DA%BB%F5,2465,990.0,云晨期货
2024-11-05,CU2411,volume,4,%B9%FA%CC%A9%BE%FD%B0%B2,1685,-1060.0,国泰君安
2024-11-05,CU2411,volume,5,%B6%AB%D6%A4%C6%DA%BB%F5,1670,225.0,东证期货
2024-11-05,CU2411,volume,6,%B9%FA%C3%B3%C6%DA%BB%F5,1380,10.0,国贸期货
2024-11-05,CU2411,volume,7,%D6%D0%D0%C5%C6%DA%BB%F5,1230,-1240.0,中信期货
2024-11-05,CU2411,volume,8,%CD%AD%B9%DA%BD%F0%D4%B4,1175,-240.0,铜冠金源
2024-11-05,CU2411,volume,9,%BD%A8%D0%C5%C6%DA%BB%F5,1035,530.0,建信期货
2024-11-05,CU2411,volume,10,%B7%BD%D5%FD%D6%D0%C6%DA,980,-25.0,方正中期
2024-11-05,CU2411,volume,11,%D2%F8%BA%D3%C6%DA%BB%F5,910,-750.0,银河期货
2024-11-05,CU2411,volume,12,%BA%A3%CD%A8%C6%DA%BB%F5,830,530.0,海通期货
2024-11-05,CU2411,volume,13,%D6%D0%D6%DD%C6%DA%BB%F5,740,-70.0,中州期货
2024-11-05,CU2411,volume,14,%B9%E3%B7%A2%C6%DA%BB%F5,715,-390.0,广发期货
2024-11-05,CU2411,volume,15,%C9%BD%BD%F0%C6%DA%BB%F5,700,75.0,山金期货
2024-11-05,CU2411,volume,16,%CE%E5%BF%F3%C6%DA%BB%F5,695,-410.0,五矿期货
2024-11-05,CU2411,volume,17,%C9%EA%CD%F2%C6%DA%BB%F5,625,-320.0,申万期货
2024-11-05,CU2411,volume,18,%D2%BB%B5%C2%C6%DA%BB%F5,570,-2290.0,一德期货
2024-11-05,CU2411,volume,19,%BB%AA%B0%B2%C6%DA%BB%F5,515,460.0,华安期货
2024-11-05,CU2411,volume,20,%D6%D0%D0%C5%BD%A8%CD%B6,510,-395.0,中信建投
2024-11-05,CU2411,volume,999,TOTAL,26335,,TOTAL
2024-11-05,CU2411,long,1,%D4%C6%B3%BF%C6%DA%BB%F5,5615,-10.0,云晨期货
2024-11-05,CU2411,long,2,%CD%AD%B9%DA%BD%F0%D4%B4,5080,-460.0,铜冠金源
2024-11-05,CU2411,long,3,%BD%F0%C8%F0%C6%DA%BB%F5,4850,-855.0,金瑞期货
2024-11-05,CU2411,long,4,%CE%E5%BF%F3%C6%DA%BB%F5,2465,-140.0,五矿期货
2024-11-05,CU2411,long,5,%BD%A8%D0%C5%C6%DA%BB%F5,2095,-725.0,建信期货
2024-11-05,CU2411,long,6,%D6%D0%D0%C5%C6%DA%BB%F5,2065,-210.0,中信期货
2024-11-05,CU2411,long,7,%B9%FA%CC%A9%BE%FD%B0%B2,1515,40.0,国泰君安
2024-11-05,CU2411,long,8,%B6%AB%D6%A4%C6%DA%BB%F5,1480,645.0,东证期货
2024-11-05,CU2411,long,9,%D6%D0%D2%F8%C6%DA%BB%F5,1420,15.0,中银期货
2024-11-05,CU2411,long,10,%C8%F0%B4%EF%C6%DA%BB%F5,1365,295.0,瑞达期货
2024-11-05,CU2411,long,11,%B6%AB%CE%E2%C6%DA%BB%F5,1265,0.0,东吴期货
2024-11-05,CU2411,long,12,%D2%F8%BA%D3%C6%DA%BB%F5,1075,-55.0,银河期货
2024-11-05,CU2411,long,13,%BA%EB%D2%B5%C6%DA%BB%F5,875,120.0,弘业期货
2024-11-05,CU2411,long,14,%D2%BB%B5%C2%C6%DA%BB%F5,820,15.0,一德期货
2024-11-05,CU2411,long,15,%C4%CF%BB%AA%C6%DA%BB%F5,790,-160.0,南华期货
2024-11-05,CU2411,long,16,%D6%D0%B9%FA%B9%FA%BC%CA,740,65.0,中国国际
2024-11-05,CU2411,long,17,%D6%D0%BA%BD%C6%DA%BB%F5,625,-110.0,中航期货
2024-11-05,CU2411,long,18,%B9%E3%D6%DD%C6%DA%BB%F5,625,-45.0,广州期货
2024-11-05,CU2411,long,19,%D0%CB%D2%B5%C6%DA%BB%F5,610,135.0,兴业期货
2024-11-05,CU2411,long,20,%BB%AA%CC%A9%C6%DA%BB%F5,600,-45.0,华泰期货
2024-11-05,CU2411,long,999,TOTAL,35975,,TOTAL
2024-11-05,CU2411,short,1,%D6%D0%D0%C5%C6%DA%BB%F5,3635,160.0,中信期货
2024-11-05,CU2411,short,2,%BD%F0%C8%F0%C6%DA%BB%F5,3625,-845.0,金瑞期货
2024-11-05,CU2411,short,3,%B9%FA%CC%A9%BE%FD%B0%B2,2890,-475.0,国泰君安
2024-11-05,CU2411,short,4,%C9%BD%BD%F0%C6%DA%BB%F5,2650,-350.0,山金期货
2024-11-05,CU2411,short,5,%D2%BB%B5%C2%C6%DA%BB%F5,2415,-105.0,一德期货
2024-11-05,CU2411,short,6,%CE%E5%BF%F3%C6%DA%BB%F5,2180,15.0,五矿期货
2024-11-05,CU2411,short,7,%D6%D0%C1%B8%C6%DA%BB%F5,1810,-55.0,中粮期货
2024-11-05,CU2411,short,8,%B9%FA%CD%B6%B0%B2%D0%C5,1675,-325.0,国投安信
2024-11-05,CU2411,short,9,%B7%BD%D5%FD%D6%D0%C6%DA,1515,345.0,方正中期
2024-11-05,CU2411,short,10,%B9%FA%C3%B3%C6%DA%BB%F5,1325,-10.0,国贸期货
2024-11-05,CU2411,short,11,%D2%F8%BA%D3%C6%DA%BB%F5,1035,-125.0,银河期货
2024-11-05,CU2411,short,12,%D4%C6%B3%BF%C6%DA%BB%F5,1030,675.0,云晨期货
2024-11-05,CU2411,short,13,%B9%E2%B4%F3%C6%DA%BB%F5,990,-175.0,光大期货
2024-11-05,CU2411,short,14,%CE%EF%B2%FA%D6%D0%B4%F3,855,-240.0,物产中大
2024-11-05,CU2411,short,15,%CD%AD%B9%DA%BD%F0%D4%B4,820,55.0,铜冠金源
2024-11-05,CU2411,short,16,%B3%A4%BD%AD%C6%DA%BB%F5,700,-100.0,长江期货
2024-11-05,CU2411,short,17,%BB%AA%B0%B2%C6%DA%BB%F5,640,295.0,华安期货
2024-11-05,CU2411,short,18,%D6%D0%D0%C5%BD%A8%CD%B6,615,-280.0,中信建投
2024-11-05,CU2411,short,19,%D0%C2%BA%FE%C6%DA%BB%F5,550,30.0,新湖期货
2024-11-05,CU2411,short,20,%B6%AB%BA%A3%C6%DA%BB%F5,545,-55.0,东海期货
2024-11-05,CU2411,short,999,TOTAL,31500,,TOTAL
2024-11-25,CU2412,volume,1,%D6%D0%D0%C5%C6%DA%BB%F5,13078,1140.0,中信期货
2024-11-25,CU2412,volume,2,%B6%AB%D6%A4%C6%DA%BB%F5,8515,1606.0,东证期货
2024-11-25,CU2412,volume,3,%B9%FA%CC%A9%BE%FD%B0%B2,7410,-2569.0,国泰君安
2024-11-25,CU2412,volume,4,%BD%F0%C8%F0%C6%DA%BB%F5,6279,487.0,金瑞期货
2024-11-25,CU2412,volume,5,%BB%AA%CC%A9%C6%DA%BB%F5,6170,-1336.0,华泰期货
2024-11-25,CU2412,volume,6,%CE%E5%BF%F3%C6%DA%BB%F5,3756,380.0,五矿期货
2024-11-25,CU2412,volume,7,%BA%A3%CD%A8%C6%DA%BB%F5,3685,-299.0,海通期货
2024-11-25,CU2412,volume,8,%D4%C6%B3%BF%C6%DA%BB%F5,2841,-644.0,云晨期货
2024-11-25,CU2412,volume,9,%D6%D0%CC%A9%C6%DA%BB%F5,2809,456.0,中泰期货
2024-11-25,CU2412,volume,10,%D2%F8%BA%D3%C6%DA%BB%F5,2627,-417.0,银河期货
2024-11-25,CU2412,volume,11,%D5%E3%C9%CC%C6%DA%BB%F5,2506,1126.0,浙商期货
2024-11-25,CU2412,volume,12,%B9%FA%CD%B6%B0%B2%D0%C5,2297,1786.0,国投安信
2024-11-25,CU2412,volume,13,%D5%D0%C9%CC%C6%DA%BB%F5,1943,1448.0,招商期货
2024-11-25,CU2412,volume,14,%B7%BD%D5%FD%D6%D0%C6%DA,1913,-1378.0,方正中期
2024-11-25,CU2412,volume,15,%B9%FA%D0%C5%C6%DA%BB%F5,1781,-71.0,国信期货
2024-11-25,CU2412,volume,16,%B9%E3%B7%A2%C6%DA%BB%F5,1629,599.0,广发期货
2024-11-25,CU2412,volume,17,%D3%C0%B0%B2%C6%DA%BB%F5,1444,439.0,永安期货
2024-11-25,CU2412,volume,18,%CD%AD%B9%DA%BD%F0%D4%B4,1384,-1327.0,铜冠金源
2024-11-25,CU2412,volume,19,%B1%A6%B3%C7%C6%DA%BB%F5,1294,310.0,宝城期货
2024-11-25,CU2412,volume,20,%BD%F0%D4%AA%C6%DA%BB%F5,1223,1129.0,金元期货
2024-11-25,CU2412,volume,999,TOTAL,74584,,TOTAL
2024-11-25,CU2412,long,1,%BD%F0%C8%F0%C6%DA%BB%F5,15499,-1777.0,金瑞期货
2024-11-25,CU2412,long,2,%D6%D0%D0%C5%C6%DA%BB%F5,5583,-1362.0,中信期货
2024-11-25,CU2412,long,3,%CD%AD%B9%DA%BD%F0%D4%B4,4450,-540.0,铜冠金源
2024-11-25,CU2412,long,4,%B9%FA%CC%A9%BE%FD%B0%B2,4427,-739.0,国泰君安
2024-11-25,CU2412,long,5,%B7%BD%D5%FD%D6%D0%C6%DA,3650,-246.0,方正中期
2024-11-25,CU2412,long,6,%D2%F8%BA%D3%C6%DA%BB%F5,3331,-378.0,银河期货
2024-11-25,CU2412,long,7,%D4%C6%B3%BF%C6%DA%BB%F5,2946,482.0,云晨期货
2024-11-25,CU2412,long,8,%CE%E5%BF%F3%C6%DA%BB%F5,2824,-795.0,五矿期货
2024-11-25,CU2412,long,9,%BD%A8%D0%C5%C6%DA%BB%F5,2754,-186.0,建信期货
2024-11-25,CU2412,long,10,%B9%E3%D6%DD%C6%DA%BB%F5,2453,-25.0,广州期货
2024-11-25,CU2412,long,11,%BA%EB%D2%B5%C6%DA%BB%F5,2408,-32.0,弘业期货
2024-11-25,CU2412,long,12,%D6%D0%BA%BD%C6%DA%BB%F5,2259,13.0,中航期货
2024-11-25,CU2412,long,13,%B6%AB%CE%E2%C6%DA%BB%F5,2212,-44.0,东吴期货
2024-11-25,CU2412,long,14,%B1%A6%B3%C7%C6%DA%BB%F5,2010,-495.0,宝城期货
2024-11-25,CU2412,long,15,%BB%AA%CC%A9%C6%DA%BB%F5,1945,-181.0,华泰期货
2024-11-25,CU2412,long,16,%B9%FA%C3%B3%C6%DA%BB%F5,1911,-160.0,国贸期货
2024-11-25,CU2412,long,17,%B6%AB%D6%A4%C6%DA%BB%F5,1726,-365.0,东证期货
2024-11-25,CU2412,long,18,%D6%D0%D0%C5%BD%A8%CD%B6,1634,5.0,中信建投
2024-11-25,CU2412,long,19,%BA%A3%CD%A8%C6%DA%BB%F5,1270,-400.0,海通期货
2024-11-25,CU2412,long,20,%B9%E2%B4%F3%C6%DA%BB%F5,1185,32.0,光大期货
2024-11-25,CU2412,long,999,TOTAL,66477,,TOTAL
2024-11-25,CU2412,short,1,%D6%D0%D0%C5%C6%DA%BB%F5,12211,-1488.0,中信期货
2024-11-25,CU2412,short,2,%BD%F0%C8%F0%C6%DA%BB%F5,7960,529.0,金瑞期货
2024-11-25,CU2412,short,3,%B9%FA%CC%A9%BE%FD%B0%B2,5208,-835.0,国泰君安
2024-11-25,CU2412,short,4,%B9%FA%CD%B6%B0%B2%D0%C5,3329,100.0,国投安信
2024-11-25,CU2412,short,5,%CE%E5%BF%F3%C6%DA%BB%F5,3240,-789.0,五矿期货
2024-11-25,CU2412,short,6,%BD%A8%D0%C5%C6%DA%BB%F5,2890,-65.0,建信期货
2024-11-25,CU2412,short,7,%D6%D0%C1%B8%C6%DA%BB%F5,2744,-601.0,中粮期货
2024-11-25,CU2412,short,8,%D3%C0%B0%B2%C6%DA%BB%F5,2682,-896.0,永安期货
2024-11-25,CU2412,short,9,%B9%E3%B7%A2%C6%DA%BB%F5,2613,-487.0,广发期货
2024-11-25,CU2412,short,10,%B3%A4%BD%AD%C6%DA%BB%F5,2067,-32.0,长江期货
2024-11-25,CU2412,short,11,%D2%BB%B5%C2%C6%DA%BB%F5,2011,65.0,一德期货
2024-11-25,CU2412,short,12,%D6%D0%BD%F0%C6%DA%BB%F5,2010,2010.0,中金期货
2024-11-25,CU2412,short,13,%BA%A3%CD%A8%C6%DA%BB%F5,1944,-261.0,海通期货
2024-11-25,CU2412,short,14,%D7%CF%BD%F0%CC%EC%B7%E7,1937,-306.0,紫金天风
2024-11-25,CU2412,short,15,%D2%F8%BA%D3%C6%DA%BB%F5,1778,-455.0,银河期货
2024-11-25,CU2412,short,16,%CE%EF%B2%FA%D6%D0%B4%F3,1726,-98.0,物产中大
2024-11-25,CU2412,short,17,%B6%AB%D6%A4%C6%DA%BB%F5,1667,-1344.0,东证期货
2024-11-25,CU2412,short,18,%B8%F1%C1%D6%B4%F3%BB%AA,1562,50.0,格林大华
2024-11-25,CU2412,short,19,%C8%F0%B4%EF%C6%DA%BB%F5,1460,3.0,瑞达期货
2024-11-25,CU2412,short,20,%C9%BD%BD%F0%C6%DA%BB%F5,1450,-3.0,山金期货
2024-11-25,CU2412,short,999,TOTAL,62489,,TOTAL
2024-11-27,CU2412,volume,1,%D6%D0%D0%C5%C6%DA%BB%F5,5062,-2176.0,中信期货
2024-11-27,CU2412,volume,2,%BD%F0%C8%F0%C6%DA%BB%F5,3955,-908.0,金瑞期货
2024-11-27,CU2412,volume,3,%B9%FA%CC%A9%BE%FD%B0%B2,3664,-2210.0,国泰君安
2024-11-27,CU2412,volume,4,%D6%D0%CC%A9%C6%DA%BB%F5,2948,658.0,中泰期货
2024-11-27,CU2412,volume,5,%BA%A3%CD%A8%C6%DA%BB%F5,2737,-43.0,海通期货
2024-11-27,CU2412,volume,6,%D4%C6%B3%BF%C6%DA%BB%F5,2618,-206.0,云晨期货
2024-11-27,CU2412,volume,7,%B6%AB%D6%A4%C6%DA%BB%F5,2356,-889.0,东证期货
2024-11-27,CU2412,volume,8,%B9%FA%CD%B6%B0%B2%D0%C5,1805,577.0,国投安信
2024-11-27,CU2412,volume,9,%BD%A8%D0%C5%C6%DA%BB%F5,1718,859.0,建信期货
2024-11-27,CU2412,volume,10,%BB%AA%CC%A9%C6%DA%BB%F5,1560,-538.0,华泰期货
2024-11-27,CU2412,volume,11,%B7%BD%D5%FD%D6%D0%C6%DA,1498,-1044.0,方正中期
2024-11-27,CU2412,volume,12,%D0%C2%BA%FE%C6%DA%BB%F5,1378,355.0,新湖期货
2024-11-27,CU2412,volume,13,%CE%E5%BF%F3%C6%DA%BB%F5,1223,243.0,五矿期货
2024-11-27,CU2412,volume,14,%CD%AD%B9%DA%BD%F0%D4%B4,1198,-114.0,铜冠金源
2024-11-27,CU2412,volume,15,%B1%A6%B3%C7%C6%DA%BB%F5,1159,63.0,宝城期货
2024-11-27,CU2412,volume,16,%D2%F8%BA%D3%C6%DA%BB%F5,1135,-1051.0,银河期货
2024-11-27,CU2412,volume,17,%D6%D0%C1%B8%C6%DA%BB%F5,1051,262.0,中粮期货
2024-11-27,CU2412,volume,18,%D6%D0%D2%F8%C6%DA%BB%F5,1017,428.0,中银期货
2024-11-27,CU2412,volume,19,%B9%E2%B4%F3%C6%DA%BB%F5,964,207.0,光大期货
2024-11-27,CU2412,volume,20,%D6%D0%BD%F0%C6%DA%BB%F5,951,-108.0,中金期货
2024-11-27,CU2412,volume,999,TOTAL,39997,,TOTAL
2024-11-27,CU2412,long,1,%BD%F0%C8%F0%C6%DA%BB%F5,14093,-971.0,金瑞期货
2024-11-27,CU2412,long,2,%D6%D0%D0%C5%C6%DA%BB%F5,4549,-224.0,中信期货
2024-11-27,CU2412,long,3,%CD%AD%B9%DA%BD%F0%D4%B4,3941,-347.0,铜冠金源
2024-11-27,CU2412,long,4,%B9%FA%CC%A9%BE%FD%B0%B2,3458,-102.0,国泰君安
2024-11-27,CU2412,long,5,%B7%BD%D5%FD%D6%D0%C6%DA,2684,-825.0,方正中期
2024-11-27,CU2412,long,6,%BA%EB%D2%B5%C6%DA%BB%F5,2287,-38.0,弘业期货
2024-11-27,CU2412,long,7,%CE%E5%BF%F3%C6%DA%BB%F5,2192,-412.0,五矿期货
2024-11-27,CU2412,long,8,%D6%D0%BA%BD%C6%DA%BB%F5,2132,-95.0,中航期货
2024-11-27,CU2412,long,9,%D2%F8%BA%D3%C6%DA%BB%F5,2071,-344.0,银河期货
2024-11-27,CU2412,long,10,%B6%AB%CE%E2%C6%DA%BB%F5,1702,-240.0,东吴期货
2024-11-27,CU2412,long,11,%B9%FA%C3%B3%C6%DA%BB%F5,1614,-23.0,国贸期货
2024-11-27,CU2412,long,12,%B6%AB%D6%A4%C6%DA%BB%F5,1586,-138.0,东证期货
2024-11-27,CU2412,long,13,%BB%AA%CC%A9%C6%DA%BB%F5,1495,-33.0,华泰期货
2024-11-27,CU2412,long,14,%B9%E3%D6%DD%C6%DA%BB%F5,1492,-379.0,广州期货
2024-11-27,CU2412,long,15,%D6%D0%D0%C5%BD%A8%CD%B6,1384,-247.0,中信建投
2024-11-27,CU2412,long,16,%BD%A8%D0%C5%C6%DA%BB%F5,1256,-1203.0,建信期货
2024-11-27,CU2412,long,17,%BA%A3%CD%A8%C6%DA%BB%F5,1143,-89.0,海通期货
2024-11-27,CU2412,long,18,%BB%AA%F6%CE%C6%DA%BB%F5,1139,433.0,华鑫期货
2024-11-27,CU2412,long,19,%B9%E2%B4%F3%C6%DA%BB%F5,1098,-210.0,光大期货
2024-11-27,CU2412,long,20,%B1%A6%B3%C7%C6%DA%BB%F5,937,-489.0,宝城期货
2024-11-27,CU2412,long,999,TOTAL,52253,,TOTAL
2024-11-27,CU2412,short,1,%D6%D0%D0%C5%C6%DA%BB%F5,9005,-1046.0,中信期货
2024-11-27,CU2412,short,2,%BD%F0%C8%F0%C6%DA%BB%F5,6452,-286.0,金瑞期货
2024-11-27,CU2412,short,3,%B9%FA%CC%A9%BE%FD%B0%B2,4297,-38.0,国泰君安
2024-11-27,CU2412,short,4,%CE%E5%BF%F3%C6%DA%BB%F5,3543,445.0,五矿期货
2024-11-27,CU2412,short,5,%B9%FA%CD%B6%B0%B2%D0%C5,3154,-279.0,国投安信
2024-11-27,CU2412,short,6,%BD%A8%D0%C5%C6%DA%BB%F5,2573,-187.0,建信期货
2024-11-27,CU2412,short,7,%B9%E3%B7%A2%C6%DA%BB%F5,2486,68.0,广发期货
2024-11-27,CU2412,short,8,%D6%D0%C1%B8%C6%DA%BB%F5,2435,-151.0,中粮期货
2024-11-27,CU2412,short,9,%B3%A4%BD%AD%C6%DA%BB%F5,1904,-83.0,长江期货
2024-11-27,CU2412,short,10,%BA%A3%CD%A8%C6%DA%BB%F5,1804,-22.0,海通期货
2024-11-27,CU2412,short,11,%D2%BB%B5%C2%C6%DA%BB%F5,1770,-69.0,一德期货
2024-11-27,CU2412,short,12,%B6%AB%D6%A4%C6%DA%BB%F5,1582,-240.0,东证期货
2024-11-27,CU2412,short,13,%D3%C0%B0%B2%C6%DA%BB%F5,1558,-712.0,永安期货
2024-11-27,CU2412,short,14,%CE%EF%B2%FA%D6%D0%B4%F3,1513,-79.0,物产中大
2024-11-27,CU2412,short,15,%B8%F1%C1%D6%B4%F3%BB%AA,1444,-113.0,格林大华
2024-11-27,CU2412,short,16,%D7%CF%BD%F0%CC%EC%B7%E7,1235,-178.0,紫金天风
2024-11-27,CU2412,short,17,%B9%FA%C3%B3%C6%DA%BB%F5,1216,14.0,国贸期货
2024-11-27,CU2412,short,18,%C4%CF%BB%AA%C6%DA%BB%F5,1212,-115.0,南华期货
2024-11-27,CU2412,short,19,%D2%F8%BA%D3%C6%DA%BB%F5,1153,-121.0,银河期货
2024-11-27,CU2412,short,20,%D0%CB%D2%B5%C6%DA%BB%F5,1071,-16.0,兴业期货
2024-11-27,CU2412,short,999,TOTAL,51407,,TOTAL
2024-11-29,CU2412,volume,1,%BD%F0%C8%F0%C6%DA%BB%F5,7151,4162.0,金瑞期货
2024-11-29,CU2412,volume,2,%D6%D0%D0%C5%C6%DA%BB%F5,3815,-1436.0,中信期货
2024-11-29,CU2412,volume,3,%B9%FA%CC%A9%BE%FD%B0%B2,3315,-1586.0,国泰君安
2024-11-29,CU2412,volume,4,%B6%AB%D6%A4%C6%DA%BB%F5,2965,181.0,东证期货
2024-11-29,CU2412,volume,5,%BD%A8%D0%C5%C6%DA%BB%F5,2763,230.0,建信期货
2024-11-29,CU2412,volume,6,%D4%C6%B3%BF%C6%DA%BB%F5,2303,736.0,云晨期货
2024-11-29,CU2412,volume,7,%CE%E5%BF%F3%C6%DA%BB%F5,2067,1018.0,五矿期货
2024-11-29,CU2412,volume,8,%D0%C2%BA%FE%C6%DA%BB%F5,1840,1658.0,新湖期货
2024-11-29,CU2412,volume,9,%BA%A3%CD%A8%C6%DA%BB%F5,1647,-1531.0,海通期货
2024-11-29,CU2412,volume,10,%CE%EF%B2%FA%D6%D0%B4%F3,1313,1161.0,物产中大
2024-11-29,CU2412,volume,11,%B7%BD%D5%FD%D6%D0%C6%DA,1066,-2300.0,方正中期
2024-11-29,CU2412,volume,12,%D2%F8%BA%D3%C6%DA%BB%F5,1061,114.0,银河期货
2024-11-29,CU2412,volume,13,%D6%D0%D6%DD%C6%DA%BB%F5,1001,524.0,中州期货
2024-11-29,CU2412,volume,14,%B9%FA%CD%B6%B0%B2%D0%C5,922,-427.0,国投安信
2024-11-29,CU2412,volume,15,%B9%E3%B7%A2%C6%DA%BB%F5,916,171.0,广发期货
2024-11-29,CU2412,volume,16,%B9%FA%C3%B3%C6%DA%BB%F5,912,196.0,国贸期货
2024-11-29,CU2412,volume,17,%D6%D0%CC%A9%C6%DA%BB%F5,867,-1137.0,中泰期货
2024-11-29,CU2412,volume,18,%BB%AA%F6%CE%C6%DA%BB%F5,810,-201.0,华鑫期货
2024-11-29,CU2412,volume,19,%D6%D0%BB%D4%C6%DA%BB%F5,798,-22.0,中辉期货
2024-11-29,CU2412,volume,20,%D2%BB%B5%C2%C6%DA%BB%F5,798,233.0,一德期货
2024-11-29,CU2412,volume,999,TOTAL,38330,,TOTAL
2024-11-29,CU2412,long,1,%BD%F0%C8%F0%C6%DA%BB%F5,10670,-3150.0,金瑞期货
2024-11-29,CU2412,long,2,%CD%AD%B9%DA%BD%F0%D4%B4,3860,-108.0,铜冠金源
2024-11-29,CU2412,long,3,%D6%D0%D0%C5%C6%DA%BB%F5,3160,-606.0,中信期货
2024-11-29,CU2412,long,4,%B9%FA%CC%A9%BE%FD%B0%B2,2395,-487.0,国泰君安
2024-11-29,CU2412,long,5,%BA%EB%D2%B5%C6%DA%BB%F5,2035,-132.0,弘业期货
2024-11-29,CU2412,long,6,%B7%BD%D5%FD%D6%D0%C6%DA,1965,-282.0,方正中期
2024-11-29,CU2412,long,7,%D2%F8%BA%D3%C6%DA%BB%F5,1895,-117.0,银河期货
2024-11-29,CU2412,long,8,%CE%E5%BF%F3%C6%DA%BB%F5,1675,-292.0,五矿期货
2024-11-29,CU2412,long,9,%D6%D0%BA%BD%C6%DA%BB%F5,1540,-24.0,中航期货
2024-11-29,CU2412,long,10,%B6%AB%D6%A4%C6%DA%BB%F5,1440,-129.0,东证期货
2024-11-29,CU2412,long,11,%D6%D0%D0%C5%BD%A8%CD%B6,1280,-97.0,中信建投
2024-11-29,CU2412,long,12,%B6%AB%CE%E2%C6%DA%BB%F5,1275,-369.0,东吴期货
2024-11-29,CU2412,long,13,%B9%E3%D6%DD%C6%DA%BB%F5,1235,-246.0,广州期货
2024-11-29,CU2412,long,14,%B9%FA%C3%B3%C6%DA%BB%F5,1185,-178.0,国贸期货
2024-11-29,CU2412,long,15,%BB%AA%CC%A9%C6%DA%BB%F5,970,-241.0,华泰期货
2024-11-29,CU2412,long,16,%B9%E2%B4%F3%C6%DA%BB%F5,935,-67.0,光大期货
2024-11-29,CU2412,long,17,%BD%A8%D0%C5%C6%DA%BB%F5,885,313.0,建信期货
2024-11-29,CU2412,long,18,%D0%C2%BA%FE%C6%DA%BB%F5,865,304.0,新湖期货
2024-11-29,CU2412,long,19,%BB%AA%F6%CE%C6%DA%BB%F5,756,311.0,华鑫期货
2024-11-29,CU2412,long,20,%D4%C6%B3%BF%C6%DA%BB%F5,720,183.0,云晨期货
2024-11-29,CU2412,long,999,TOTAL,40741,,TOTAL
2024-11-29,CU2412,short,1,%D6%D0%D0%C5%C6%DA%BB%F5,6790,-1131.0,中信期货
2024-11-29,CU2412,short,2,%BD%F0%C8%F0%C6%DA%BB%F5,4855,-1303.0,金瑞期货
2024-11-29,CU2412,short,3,%B9%FA%CD%B6%B0%B2%D0%C5,3225,-745.0,国投安信
2024-11-29,CU2412,short,4,%BD%A8%D0%C5%C6%DA%BB%F5,2970,1118.0,建信期货
2024-11-29,CU2412,short,5,%CE%E5%BF%F3%C6%DA%BB%F5,2390,-795.0,五矿期货
2024-11-29,CU2412,short,6,%B9%E3%B7%A2%C6%DA%BB%F5,2280,-169.0,广发期货
2024-11-29,CU2412,short,7,%D6%D0%C1%B8%C6%DA%BB%F5,2260,63.0,中粮期货
2024-11-29,CU2412,short,8,%B9%FA%CC%A9%BE%FD%B0%B2,2150,-1012.0,国泰君安
2024-11-29,CU2412,short,9,%B6%AB%D6%A4%C6%DA%BB%F5,1555,-58.0,东证期货
2024-11-29,CU2412,short,10,%D2%BB%B5%C2%C6%DA%BB%F5,1495,-221.0,一德期货
2024-11-29,CU2412,short,11,%CE%EF%B2%FA%D6%D0%B4%F3,1400,-105.0,物产中大
2024-11-29,CU2412,short,12,%B3%A4%BD%AD%C6%DA%BB%F5,1335,-129.0,长江期货
2024-11-29,CU2412,short,13,%D4%C6%B3%BF%C6%DA%BB%F5,1230,838.0,云晨期货
2024-11-29,CU2412,short,14,%B8%F1%C1%D6%B4%F3%BB%AA,1170,-236.0,格林大华
2024-11-29,CU2412,short,15,%BA%A3%CD%A8%C6%DA%BB%F5,1105,-624.0,海通期货
2024-11-29,CU2412,short,16,%D2%F8%BA%D3%C6%DA%BB%F5,1095,-62.0,银河期货
2024-11-29,CU2412,short,17,%D7%CF%BD%F0%CC%EC%B7%E7,1005,-583.0,紫金天风
2024-11-29,CU2412,short,18,%C4%CF%BB%AA%C6%DA%BB%F5,955,-206.0,南华期货
2024-11-29,CU2412,short,19,%B9%FA%C3%B3%C6%DA%BB%F5,925,-212.0,国贸期货
2024-11-29,CU2412,short,20,%CD%AD%B9%DA%BD%F0%D4%B4,760,-84.0,铜冠金源
2024-11-29,CU2412,short,999,TOTAL,40950,,TOTAL
2024-12-02,CU2412,volume,1,%BD%F0%C8%F0%C6%DA%BB%F5,4270,-2881.0,金瑞期货
2024-12-02,CU2412,volume,2,%B7%BD%D5%FD%D6%D0%C6%DA,2495,1429.0,方正中期
2024-12-02,CU2412,volume,3,%D6%D0%D0%C5%C6%DA%BB%F5,2465,-1350.0,中信期货
2024-12-02,CU2412,volume,4,%D4%C6%B3%BF%C6%DA%BB%F5,2100,-203.0,云晨期货
2024-12-02,CU2412,volume,5,%B9%FA%CC%A9%BE%FD%B0%B2,1535,-1780.0,国泰君安
2024-12-02,CU2412,volume,6,%CE%E5%BF%F3%C6%DA%BB%F5,1415,-652.0,五矿期货
2024-12-02,CU2412,volume,7,%B6%AB%D6%A4%C6%DA%BB%F5,1415,-1550.0,东证期货
2024-12-02,CU2412,volume,8,%BD%A8%D0%C5%C6%DA%BB%F5,1405,-1358.0,建信期货
2024-12-02,CU2412,volume,9,%D2%F8%BA%D3%C6%DA%BB%F5,1160,99.0,银河期货
2024-12-02,CU2412,volume,10,%B9%FA%C3%B3%C6%DA%BB%F5,1150,238.0,国贸期货
2024-12-02,CU2412,volume,11,%BB%AA%CE%C5%C6%DA%BB%F5,1070,710.0,华闻期货
2024-12-02,CU2412,volume,12,%D6%D0%BB%D4%C6%DA%BB%F5,865,67.0,中辉期货
2024-12-02,CU2412,volume,13,%C9%BD%BD%F0%C6%DA%BB%F5,840,533.0,山金期货
2024-12-02,CU2412,volume,14,%D0%C2%BA%FE%C6%DA%BB%F5,830,-1010.0,新湖期货
2024-12-02,CU2412,volume,15,%BA%A3%CD%A8%C6%DA%BB%F5,810,-837.0,海通期货
2024-12-02,CU2412,volume,16,%CE%EF%B2%FA%D6%D0%B4%F3,800,-513.0,物产中大
2024-12-02,CU2412,volume,17,%C9%EA%CD%F2%C6%DA%BB%F5,660,183.0,申万期货
2024-12-02,CU2412,volume,18,%D2%BB%B5%C2%C6%DA%BB%F5,660,-138.0,一德期货
2024-12-02,CU2412,volume,19,%B4%B4%D4%AA%C6%DA%BB%F5,640,90.0,创元期货
2024-12-02,CU2412,volume,20,%CD%AD%B9%DA%BD%F0%D4%B4,605,189.0,铜冠金源
2024-12-02,CU2412,volume,999,TOTAL,27190,,TOTAL
2024-12-02,CU2412,long,1,%BD%F0%C8%F0%C6%DA%BB%F5,9560,-1110.0,金瑞期货
2024-12-02,CU2412,long,2,%CD%AD%B9%DA%BD%F0%D4%B4,3555,-305.0,铜冠金源
2024-12-02,CU2412,long,3,%B9%FA%CC%A9%BE%FD%B0%B2,2300,-95.0,国泰君安
2024-12-02,CU2412,long,4,%D6%D0%D0%C5%C6%DA%BB%F5,2110,-1050.0,中信期货
2024-12-02,CU2412,long,5,%BA%EB%D2%B5%C6%DA%BB%F5,2035,0.0,弘业期货
2024-12-02,CU2412,long,6,%D2%F8%BA%D3%C6%DA%BB%F5,1870,-25.0,银河期货
2024-12-02,CU2412,long,7,%B7%BD%D5%FD%D6%D0%C6%DA,1740,-225.0,方正中期
2024-12-02,CU2412,long,8,%CE%E5%BF%F3%C6%DA%BB%F5,1570,-105.0,五矿期货
2024-12-02,CU2412,long,9,%D6%D0%BA%BD%C6%DA%BB%F5,1425,-115.0,中航期货
2024-12-02,CU2412,long,10,%B6%AB%D6%A4%C6%DA%BB%F5,1355,-85.0,东证期货
2024-12-02,CU2412,long,11,%D6%D0%D0%C5%BD%A8%CD%B6,1140,-140.0,中信建投
2024-12-02,CU2412,long,12,%B9%E3%D6%DD%C6%DA%BB%F5,1140,-95.0,广州期货
2024-12-02,CU2412,long,13,%B6%AB%CE%E2%C6%DA%BB%F5,990,-285.0,东吴期货
2024-12-02,CU2412,long,14,%B9%E2%B4%F3%C6%DA%BB%F5,920,-15.0,光大期货
2024-12-02,CU2412,long,15,%B9%FA%C3%B3%C6%DA%BB%F5,915,-270.0,国贸期货
2024-12-02,CU2412,long,16,%BD%A8%D0%C5%C6%DA%BB%F5,890,5.0,建信期货
2024-12-02,CU2412,long,17,%D4%C6%B3%BF%C6%DA%BB%F5,720,0.0,云晨期货
2024-12-02,CU2412,long,18,%C4%CF%BB%AA%C6%DA%BB%F5,710,-5.0,南华期货
2024-12-02,CU2412,long,19,%D0%C2%BA%FE%C6%DA%BB%F5,685,-180.0,新湖期货
2024-12-02,CU2412,long,20,%BB%AA%CC%A9%C6%DA%BB%F5,685,-285.0,华泰期货
2024-12-02,CU2412,long,999,TOTAL,36315,,TOTAL
2024-12-02,CU2412,short,1,%D6%D0%D0%C5%C6%DA%BB%F5,6405,-385.0,中信期货
2024-12-02,CU2412,short,2,%BD%F0%C8%F0%C6%DA%BB%F5,3635,-1220.0,金瑞期货
2024-12-02,CU2412,short,3,%BD%A8%D0%C5%C6%DA%BB%F5,3240,270.0,建信期货
2024-12-02,CU2412,short,4,%B9%FA%CD%B6%B0%B2%D0%C5,2825,-400.0,国投安信
2024-12-02,CU2412,short,5,%D6%D0%C1%B8%C6%DA%BB%F5,2240,-20.0,中粮期货
2024-12-02,CU2412,short,6,%B9%E3%B7%A2%C6%DA%BB%F5,2140,-140.0,广发期货
2024-12-02,CU2412,short,7,%B9%FA%CC%A9%BE%FD%B0%B2,1770,-380.0,国泰君安
2024-12-02,CU2412,short,8,%CE%E5%BF%F3%C6%DA%BB%F5,1750,-640.0,五矿期货
2024-12-02,CU2412,short,9,%B6%AB%D6%A4%C6%DA%BB%F5,1535,-20.0,东证期货
2024-12-02,CU2412,short,10,%B3%A4%BD%AD%C6%DA%BB%F5,1170,-165.0,长江期货
2024-12-02,CU2412,short,11,%D2%F8%BA%D3%C6%DA%BB%F5,1140,45.0,银河期货
2024-12-02,CU2412,short,12,%C9%BD%BD%F0%C6%DA%BB%F5,1115,460.0,山金期货
2024-12-02,CU2412,short,13,%D2%BB%B5%C2%C6%DA%BB%F5,1115,-380.0,一德期货
2024-12-02,CU2412,short,14,%B8%F1%C1%D6%B4%F3%BB%AA,1050,-120.0,格林大华
2024-12-02,CU2412,short,15,%BA%A3%CD%A8%C6%DA%BB%F5,935,-170.0,海通期货
2024-12-02,CU2412,short,16,%CE%EF%B2%FA%D6%D0%B4%F3,900,-500.0,物产中大
2024-12-02,CU2412,short,17,%CD%AD%B9%DA%BD%F0%D4%B4,880,120.0,铜冠金源
2024-12-02,CU2412,short,18,%B9%FA%C3%B3%C6%DA%BB%F5,875,-50.0,国贸期货
2024-12-02,CU2412,short,19,%D7%CF%BD%F0%CC%EC%B7%E7,870,-135.0,紫金天风
2024-12-02,CU2412,short,20,%C4%CF%BB%AA%C6%DA%BB%F5,780,-175.0,南华期货
2024-12-02,CU2412,short,999,TOTAL,36370,,TOTAL
2024-12-03,CU2412,volume,1,%BD%F0%C8%F0%C6%DA%BB%F5,3865,-405.0,金瑞期货
2024-12-03,CU2412,volume,2,%D6%D0%D0%C5%C6%DA%BB%F5,3445,980.0,中信期货
2024-12-03,CU2412,volume,3,%B9%FA%CC%A9%BE%FD%B0%B2,1945,410.0,国泰君安
2024-12-03,CU2412,volume,4,%D4%C6%B3%BF%C6%DA%BB%F5,1915,-185.0,云晨期货
2024-12-03,CU2412,volume,5,%BB%AA%CE%C5%C6%DA%BB%F5,1410,340.0,华闻期货
2024-12-03,CU2412,volume,6,%CE%E5%BF%F3%C6%DA%BB%F5,1250,-165.0,五矿期货
2024-12-03,CU2412,volume,7,%B9%E2%B4%F3%C6%DA%BB%F5,1225,630.0,光大期货
2024-12-03,CU2412,volume,8,%B7%BD%D5%FD%D6%D0%C6%DA,1210,-1285.0,方正中期
2024-12-03,CU2412,volume,9,%B9%FA%C3%B3%C6%DA%BB%F5,1180,30.0,国贸期货
2024-12-03,CU2412,volume,10,%D2%F8%BA%D3%C6%DA%BB%F5,1155,-5.0,银河期货
2024-12-03,CU2412,volume,11,%D2%BB%B5%C2%C6%DA%BB%F5,1085,425.0,一德期货
2024-12-03,CU2412,volume,12,%D6%D0%C1%B8%C6%DA%BB%F5,1010,975.0,中粮期货
2024-12-03,CU2412,volume,13,%D6%D0%D6%DD%C6%DA%BB%F5,990,600.0,中州期货
2024-12-03,CU2412,volume,14,%BB%AA%F6%CE%C6%DA%BB%F5,930,354.0,华鑫期货
2024-12-03,CU2412,volume,15,%CD%AD%B9%DA%BD%F0%D4%B4,795,190.0,铜冠金源
2024-12-03,CU2412,volume,16,%B6%AB%D6%A4%C6%DA%BB%F5,760,-655.0,东证期货
2024-12-03,CU2412,volume,17,%BD%A8%D0%C5%C6%DA%BB%F5,710,-695.0,建信期货
2024-12-03,CU2412,volume,18,%D0%C2%BA%FE%C6%DA%BB%F5,690,-140.0,新湖期货
2024-12-03,CU2412,volume,19,%BA%A3%CD%A8%C6%DA%BB%F5,685,-125.0,海通期货
2024-12-03,CU2412,volume,20,%B9%E3%B7%A2%C6%DA%BB%F5,670,75.0,广发期货
2024-12-03,CU2412,volume,999,TOTAL,26925,,TOTAL
2024-12-03,CU2412,long,1,%BD%F0%C8%F0%C6%DA%BB%F5,8720,-840.0,金瑞期货
2024-12-03,CU2412,long,2,%CD%AD%B9%DA%BD%F0%D4%B4,3035,-520.0,铜冠金源
2024-12-03,CU2412,long,3,%D6%D0%D0%C5%C6%DA%BB%F5,2200,90.0,中信期货
2024-12-03,CU2412,long,4,%CE%E5%BF%F3%C6%DA%BB%F5,1910,340.0,五矿期货
2024-12-03,CU2412,long,5,%D2%F8%BA%D3%C6%DA%BB%F5,1775,-95.0,银河期货
2024-12-03,CU2412,long,6,%BA%EB%D2%B5%C6%DA%BB%F5,1635,-400.0,弘业期货
2024-12-03,CU2412,long,7,%B9%FA%CC%A9%BE%FD%B0%B2,1255,-1045.0,国泰君安
2024-12-03,CU2412,long,8,%D6%D0%BA%BD%C6%DA%BB%F5,1255,-170.0,中航期货
2024-12-03,CU2412,long,9,%B6%AB%D6%A4%C6%DA%BB%F5,1230,-125.0,东证期货
2024-12-03,CU2412,long,10,%D6%D0%D0%C5%BD%A8%CD%B6,1115,-25.0,中信建投
2024-12-03,CU2412,long,11,%B7%BD%D5%FD%D6%D0%C6%DA,1075,-665.0,方正中期
2024-12-03,CU2412,long,12,%B6%AB%CE%E2%C6%DA%BB%F5,1000,10.0,东吴期货
2024-12-03,CU2412,long,13,%B9%E3%D6%DD%C6%DA%BB%F5,935,-205.0,广州期货
2024-12-03,CU2412,long,14,%BB%AA%F6%CE%C6%DA%BB%F5,800,160.0,华鑫期货
2024-12-03,CU2412,long,15,%BD%A8%D0%C5%C6%DA%BB%F5,770,-120.0,建信期货
2024-12-03,CU2412,long,16,%C4%CF%BB%AA%C6%DA%BB%F5,705,-5.0,南华期货
2024-12-03,CU2412,long,17,%D4%C6%B3%BF%C6%DA%BB%F5,640,-80.0,云晨期货
2024-12-03,CU2412,long,18,%BA%A3%D6%A4%C6%DA%BB%F5,625,0.0,海证期货
2024-12-03,CU2412,long,19,%D6%D0%C1%B8%C6%DA%BB%F5,620,0.0,中粮期货
2024-12-03,CU2412,long,20,%BB%AA%CC%A9%C6%DA%BB%F5,620,-65.0,华泰期货
2024-12-03,CU2412,long,999,TOTAL,31920,,TOTAL
2024-12-03,CU2412,short,1,%D6%D0%D0%C5%C6%DA%BB%F5,4280,-2125.0,中信期货
2024-12-03,CU2412,short,2,%BD%F0%C8%F0%C6%DA%BB%F5,3390,-245.0,金瑞期货
2024-12-03,CU2412,short,3,%B9%FA%CD%B6%B0%B2%D0%C5,2810,-15.0,国投安信
2024-12-03,CU2412,short,4,%BD%A8%D0%C5%C6%DA%BB%F5,2730,-510.0,建信期货
2024-12-03,CU2412,short,5,%B9%E3%B7%A2%C6%DA%BB%F5,2150,10.0,广发期货
2024-12-03,CU2412,short,6,%CE%E5%BF%F3%C6%DA%BB%F5,1900,150.0,五矿期货
2024-12-03,CU2412,short,7,%B9%FA%CC%A9%BE%FD%B0%B2,1540,-230.0,国泰君安
2024-12-03,CU2412,short,8,%B6%AB%D6%A4%C6%DA%BB%F5,1440,-95.0,东证期货
2024-12-03,CU2412,short,9,%D6%D0%C1%B8%C6%DA%BB%F5,1230,-1010.0,中粮期货
2024-12-03,CU2412,short,10,%C9%BD%BD%F0%C6%DA%BB%F5,1040,-75.0,山金期货
2024-12-03,CU2412,short,11,%D2%F8%BA%D3%C6%DA%BB%F5,1040,-100.0,银河期货
2024-12-03,CU2412,short,12,%B3%A4%BD%AD%C6%DA%BB%F5,1025,-145.0,长江期货
2024-12-03,CU2412,short,13,%BA%A3%CD%A8%C6%DA%BB%F5,935,0.0,海通期货
2024-12-03,CU2412,short,14,%D7%CF%BD%F0%CC%EC%B7%E7,825,-45.0,紫金天风
2024-12-03,CU2412,short,15,%C4%CF%BB%AA%C6%DA%BB%F5,810,30.0,南华期货
2024-12-03,CU2412,short,16,%CD%AD%B9%DA%BD%F0%D4%B4,765,-115.0,铜冠金源
2024-12-03,CU2412,short,17,%B8%F1%C1%D6%B4%F3%BB%AA,710,-340.0,格林大华
2024-12-03,CU2412,short,18,%B9%FA%C3%B3%C6%DA%BB%F5,690,-185.0,国贸期货
2024-12-03,CU2412,short,19,%D0%CB%D2%B5%C6%DA%BB%F5,660,-5.0,兴业期货
2024-12-03,CU2412,short,20,%C9%CF%BA%A3%D6%D0%C6%DA,600,140.0,上海中期
2024-12-03,CU2412,short,999,TOTAL,30570,,TOTAL
2024-12-04,CU2412,volume,1,%BD%F0%C8%F0%C6%DA%BB%F5,3720,-145.0,金瑞期货
2024-12-04,CU2412,volume,2,%D6%D0%D0%C5%C6%DA%BB%F5,2010,-1435.0,中信期货
2024-12-04,CU2412,volume,3,%D4%C6%B3%BF%C6%DA%BB%F5,1640,-275.0,云晨期货
2024-12-04,CU2412,volume,4,%CE%E5%BF%F3%C6%DA%BB%F5,1495,245.0,五矿期货
2024-12-04,CU2412,volume,5,%BB%AA%CE%C5%C6%DA%BB%F5,1485,75.0,华闻期货
2024-12-04,CU2412,volume,6,%B9%FA%CC%A9%BE%FD%B0%B2,1460,-485.0,国泰君安
2024-12-04,CU2412,volume,7,%D6%D0%D6%DD%C6%DA%BB%F5,1030,40.0,中州期货
2024-12-04,CU2412,volume,8,%B9%E3%B7%A2%C6%DA%BB%F5,960,290.0,广发期货
2024-12-04,CU2412,volume,9,%D2%F8%BA%D3%C6%DA%BB%F5,955,-200.0,银河期货
2024-12-04,CU2412,volume,10,%D6%D0%C1%B8%C6%DA%BB%F5,935,-75.0,中粮期货
2024-12-04,CU2412,volume,11,%B9%E2%B4%F3%C6%DA%BB%F5,915,-310.0,光大期货
2024-12-04,CU2412,volume,12,%B9%FA%C3%B3%C6%DA%BB%F5,840,-340.0,国贸期货
2024-12-04,CU2412,volume,13,%CD%AD%B9%DA%BD%F0%D4%B4,835,40.0,铜冠金源
2024-12-04,CU2412,volume,14,%D0%CB%D2%B5%C6%DA%BB%F5,740,650.0,兴业期货
2024-12-04,CU2412,volume,15,%CE%EF%B2%FA%D6%D0%B4%F3,735,185.0,物产中大
2024-12-04,CU2412,volume,16,%B7%BD%D5%FD%D6%D0%C6%DA,730,-480.0,方正中期
2024-12-04,CU2412,volume,17,%BB%AA%B0%B2%C6%DA%BB%F5,695,365.0,华安期货
2024-12-04,CU2412,volume,18,%D0%C2%BA%FE%C6%DA%BB%F5,675,-15.0,新湖期货
2024-12-04,CU2412,volume,19,%B6%AB%CE%E2%C6%DA%BB%F5,675,135.0,东吴期货
2024-12-04,CU2412,volume,20,%B6%AB%D6%A4%C6%DA%BB%F5,635,-125.0,东证期货
2024-12-04,CU2412,volume,999,TOTAL,23165,,TOTAL
2024-12-04,CU2412,long,1,%BD%F0%C8%F0%C6%DA%BB%F5,7550,-1170.0,金瑞期货
2024-12-04,CU2412,long,2,%CD%AD%B9%DA%BD%F0%D4%B4,2910,-125.0,铜冠金源
2024-12-04,CU2412,long,3,%CE%E5%BF%F3%C6%DA%BB%F5,1910,0.0,五矿期货
2024-12-04,CU2412,long,4,%D6%D0%D0%C5%C6%DA%BB%F5,1895,-305.0,中信期货
2024-12-04,CU2412,long,5,%BA%EB%D2%B5%C6%DA%BB%F5,1670,35.0,弘业期货
2024-12-04,CU2412,long,6,%D2%F8%BA%D3%C6%DA%BB%F5,1595,-180.0,银河期货
2024-12-04,CU2412,long,7,%D4%C6%B3%BF%C6%DA%BB%F5,1160,520.0,云晨期货
2024-12-04,CU2412,long,8,%B6%AB%D6%A4%C6%DA%BB%F5,1135,-95.0,东证期货
2024-12-04,CU2412,long,9,%D6%D0%BA%BD%C6%DA%BB%F5,1115,-140.0,中航期货
2024-12-04,CU2412,long,10,%B9%FA%CC%A9%BE%FD%B0%B2,975,-280.0,国泰君安
2024-12-04,CU2412,long,11,%D6%D0%D0%C5%BD%A8%CD%B6,955,-160.0,中信建投
2024-12-04,CU2412,long,12,%B6%AB%CE%E2%C6%DA%BB%F5,815,-185.0,东吴期货
2024-12-04,CU2412,long,13,%BB%AA%B0%B2%C6%DA%BB%F5,795,410.0,华安期货
2024-12-04,CU2412,long,14,%B7%BD%D5%FD%D6%D0%C6%DA,785,-290.0,方正中期
2024-12-04,CU2412,long,15,%B9%E3%D6%DD%C6%DA%BB%F5,715,-220.0,广州期货
2024-12-04,CU2412,long,16,%BB%AA%F6%CE%C6%DA%BB%F5,695,-105.0,华鑫期货
2024-12-04,CU2412,long,17,%C4%CF%BB%AA%C6%DA%BB%F5,665,-40.0,南华期货
2024-12-04,CU2412,long,18,%BD%A8%D0%C5%C6%DA%BB%F5,660,-110.0,建信期货
2024-12-04,CU2412,long,19,%BA%A3%D6%A4%C6%DA%BB%F5,625,0.0,海证期货
2024-12-04,CU2412,long,20,%BB%AA%CC%A9%C6%DA%BB%F5,595,-25.0,华泰期货
2024-12-04,CU2412,long,999,TOTAL,29220,,TOTAL
2024-12-04,CU2412,short,1,%D6%D0%D0%C5%C6%DA%BB%F5,3555,-725.0,中信期货
2024-12-04,CU2412,short,2,%B9%FA%CD%B6%B0%B2%D0%C5,2955,145.0,国投安信
2024-12-04,CU2412,short,3,%BD%F0%C8%F0%C6%DA%BB%F5,2690,-700.0,金瑞期货
2024-12-04,CU2412,short,4,%BD%A8%D0%C5%C6%DA%BB%F5,2680,-50.0,建信期货
2024-12-04,CU2412,short,5,%B9%E3%B7%A2%C6%DA%BB%F5,1740,-410.0,广发期货
2024-12-04,CU2412,short,6,%CE%E5%BF%F3%C6%DA%BB%F5,1735,-165.0,五矿期货
2024-12-04,CU2412,short,7,%B9%FA%CC%A9%BE%FD%B0%B2,1450,-90.0,国泰君安
2024-12-04,CU2412,short,8,%B6%AB%D6%A4%C6%DA%BB%F5,1270,-170.0,东证期货
2024-12-04,CU2412,short,9,%C9%BD%BD%F0%C6%DA%BB%F5,1235,195.0,山金期货
2024-12-04,CU2412,short,10,%D6%D0%C1%B8%C6%DA%BB%F5,950,-280.0,中粮期货
2024-12-04,CU2412,short,11,%D2%F8%BA%D3%C6%DA%BB%F5,915,-125.0,银河期货
2024-12-04,CU2412,short,12,%B3%A4%BD%AD%C6%DA%BB%F5,890,-135.0,长江期货
2024-12-04,CU2412,short,13,%BA%A3%CD%A8%C6%DA%BB%F5,840,-95.0,海通期货
2024-12-04,CU2412,short,14,%D7%CF%BD%F0%CC%EC%B7%E7,790,-35.0,紫金天风
2024-12-04,CU2412,short,15,%CD%AD%B9%DA%BD%F0%D4%B4,775,10.0,铜冠金源
2024-12-04,CU2412,short,16,%B9%FA%C3%B3%C6%DA%BB%F5,755,65.0,国贸期货
2024-12-04,CU2412,short,17,%C4%CF%BB%AA%C6%DA%BB%F5,655,-155.0,南华期货
2024-12-04,CU2412,short,18,%C9%CF%BA%A3%D6%D0%C6%DA,600,0.0,上海中期
2024-12-04,CU2412,short,19,%B8%F1%C1%D6%B4%F3%BB%AA,520,-190.0,格林大华
2024-12-04,CU2412,short,20,%D6%D0%D0%C5%BD%A8%CD%B6,480,5.0,中信建投
2024-12-04,CU2412,short,999,TOTAL,27480,,TOTAL
2024-12-24,CU2501,volume,1,%D6%D0%D0%C5%C6%DA%BB%F5,8945,-3109.0,中信期货
2024-12-24,CU2501,volume,2,%B6%AB%D6%A4%C6%DA%BB%F5,7628,-1526.0,东证期货
2024-12-24,CU2501,volume,3,%BD%F0%C8%F0%C6%DA%BB%F5,6056,1216.0,金瑞期货
2024-12-24,CU2501,volume,4,%B9%FA%CC%A9%BE%FD%B0%B2,4361,-3007.0,国泰君安
2024-12-24,CU2501,volume,5,%BB%AA%CC%A9%C6%DA%BB%F5,4262,-2080.0,华泰期货
2024-12-24,CU2501,volume,6,%B7%BD%D5%FD%D6%D0%C6%DA,2975,-977.0,方正中期
2024-12-24,CU2501,volume,7,%BA%A3%CD%A8%C6%DA%BB%F5,2243,-2007.0,海通期货
2024-12-24,CU2501,volume,8,%D4%C6%B3%BF%C6%DA%BB%F5,2109,168.0,云晨期货
2024-12-24,CU2501,volume,9,%D2%F8%BA%D3%C6%DA%BB%F5,1625,-1500.0,银河期货
2024-12-24,CU2501,volume,10,%B9%FA%D4%AA%C6%DA%BB%F5,1603,-116.0,国元期货
2024-12-24,CU2501,volume,11,%CE%E5%BF%F3%C6%DA%BB%F5,1368,-596.0,五矿期货
2024-12-24,CU2501,volume,12,%B9%E2%B4%F3%C6%DA%BB%F5,1291,533.0,光大期货
2024-12-24,CU2501,volume,13,%B9%FA%D0%C5%C6%DA%BB%F5,1265,-139.0,国信期货
2024-12-24,CU2501,volume,14,%D6%D0%B2%C6%C6%DA%BB%F5,1068,960.0,中财期货
2024-12-24,CU2501,volume,15,%C4%CF%BB%AA%C6%DA%BB%F5,1024,-418.0,南华期货
2024-12-24,CU2501,volume,16,%B9%FA%CD%B6%B0%B2%D0%C5,1017,-685.0,国投安信
2024-12-24,CU2501,volume,17,%CD%AD%B9%DA%BD%F0%D4%B4,902,-844.0,铜冠金源
2024-12-24,CU2501,volume,18,%D3%C0%B0%B2%C6%DA%BB%F5,860,228.0,永安期货
2024-12-24,CU2501,volume,19,%BD%A8%D0%C5%C6%DA%BB%F5,843,-234.0,建信期货
2024-12-24,CU2501,volume,20,%C9%EA%CD%F2%C6%DA%BB%F5,815,13.0,申万期货
2024-12-24,CU2501,volume,999,TOTAL,52260,,TOTAL
2024-12-24,CU2501,long,1,%BD%F0%C8%F0%C6%DA%BB%F5,10171,202.0,金瑞期货
2024-12-24,CU2501,long,2,%CE%E5%BF%F3%C6%DA%BB%F5,6552,-189.0,五矿期货
2024-12-24,CU2501,long,3,%B7%BD%D5%FD%D6%D0%C6%DA,5882,-669.0,方正中期
2024-12-24,CU2501,long,4,%D6%D0%D0%C5%C6%DA%BB%F5,5745,-860.0,中信期货
2024-12-24,CU2501,long,5,%B9%FA%CC%A9%BE%FD%B0%B2,5391,-140.0,国泰君安
2024-12-24,CU2501,long,6,%CD%AD%B9%DA%BD%F0%D4%B4,5360,-356.0,铜冠金源
2024-12-24,CU2501,long,7,%B9%E3%D6%DD%C6%DA%BB%F5,4120,-323.0,广州期货
2024-12-24,CU2501,long,8,%D6%D0%BA%BD%C6%DA%BB%F5,3071,82.0,中航期货
2024-12-24,CU2501,long,9,%D2%F8%BA%D3%C6%DA%BB%F5,2994,-526.0,银河期货
2024-12-24,CU2501,long,10,%D4%C6%B3%BF%C6%DA%BB%F5,2951,1273.0,云晨期货
2024-12-24,CU2501,long,11,%BA%EB%D2%B5%C6%DA%BB%F5,2942,-23.0,弘业期货
2024-12-24,CU2501,long,12,%C4%CF%BB%AA%C6%DA%BB%F5,2615,-342.0,南华期货
2024-12-24,CU2501,long,13,%B9%E2%B4%F3%C6%DA%BB%F5,2516,-243.0,光大期货
2024-12-24,CU2501,long,14,%B1%A6%B3%C7%C6%DA%BB%F5,2360,37.0,宝城期货
2024-12-24,CU2501,long,15,%B6%AB%CE%E2%C6%DA%BB%F5,2316,-206.0,东吴期货
2024-12-24,CU2501,long,16,%B6%AB%D6%A4%C6%DA%BB%F5,2181,-231.0,东证期货
2024-12-24,CU2501,long,17,%BA%A3%CD%A8%C6%DA%BB%F5,1662,-261.0,海通期货
2024-12-24,CU2501,long,18,%B9%FA%C3%B3%C6%DA%BB%F5,1526,-133.0,国贸期货
2024-12-24,CU2501,long,19,%D2%BB%B5%C2%C6%DA%BB%F5,1430,-376.0,一德期货
2024-12-24,CU2501,long,20,%BB%AA%CC%A9%C6%DA%BB%F5,1412,-242.0,华泰期货
2024-12-24,CU2501,long,999,TOTAL,73197,,TOTAL
2024-12-24,CU2501,short,1,%D6%D0%D0%C5%C6%DA%BB%F5,9658,-779.0,中信期货
2024-12-24,CU2501,short,2,%B9%FA%CC%A9%BE%FD%B0%B2,6680,-724.0,国泰君安
2024-12-24,CU2501,short,3,%BD%F0%C8%F0%C6%DA%BB%F5,6567,-486.0,金瑞期货
2024-12-24,CU2501,short,4,%B9%FA%CD%B6%B0%B2%D0%C5,4548,6.0,国投安信
2024-12-24,CU2501,short,5,%CE%E5%BF%F3%C6%DA%BB%F5,3865,-131.0,五矿期货
2024-12-24,CU2501,short,6,%B6%AB%D6%A4%C6%DA%BB%F5,3678,-1419.0,东证期货
2024-12-24,CU2501,short,7,%B9%FA%C3%B3%C6%DA%BB%F5,2733,-185.0,国贸期货
2024-12-24,CU2501,short,8,%B9%E3%B7%A2%C6%DA%BB%F5,2575,-38.0,广发期货
2024-12-24,CU2501,short,9,%BD%A8%D0%C5%C6%DA%BB%F5,2559,-23.0,建信期货
2024-12-24,CU2501,short,10,%BA%A3%CD%A8%C6%DA%BB%F5,2555,-174.0,海通期货
2024-12-24,CU2501,short,11,%D3%C0%B0%B2%C6%DA%BB%F5,2095,-310.0,永安期货
2024-12-24,CU2501,short,12,%D0%CB%D2%B5%C6%DA%BB%F5,1985,333.0,兴业期货
2024-12-24,CU2501,short,13,%D2%BB%B5%C2%C6%DA%BB%F5,1962,51.0,一德期货
2024-12-24,CU2501,short,14,%D4%C6%B3%BF%C6%DA%BB%F5,1912,2.0,云晨期货
2024-12-24,CU2501,short,15,%D7%CF%BD%F0%CC%EC%B7%E7,1678,-56.0,紫金天风
2024-12-24,CU2501,short,16,%CD%AD%B9%DA%BD%F0%D4%B4,1644,74.0,铜冠金源
2024-12-24,CU2501,short,17,%BA%A3%D6%A4%C6%DA%BB%F5,1609,48.0,海证期货
2024-12-24,CU2501,short,18,%B7%BD%D5%FD%D6%D0%C6%DA,1595,302.0,方正中期
2024-12-24,CU2501,short,19,%B3%A4%BD%AD%C6%DA%BB%F5,1594,-6.0,长江期货
2024-12-24,CU2501,short,20,%D6%D0%D0%C5%BD%A8%CD%B6,1593,-226.0,中信建投
2024-12-24,CU2501,short,999,TOTAL,63085,,TOTAL
2024-12-27,CU2501,volume,1,%D6%D0%D0%C5%C6%DA%BB%F5,5571,75.0,中信期货
2024-12-27,CU2501,volume,2,%B9%FA%CC%A9%BE%FD%B0%B2,4269,180.0,国泰君安
2024-12-27,CU2501,volume,3,%BD%F0%C8%F0%C6%DA%BB%F5,4023,779.0,金瑞期货
2024-12-27,CU2501,volume,4,%B6%AB%D6%A4%C6%DA%BB%F5,3561,289.0,东证期货
2024-12-27,CU2501,volume,5,%D6%D0%CC%A9%C6%DA%BB%F5,2535,2114.0,中泰期货
2024-12-27,CU2501,volume,6,%BA%A3%CD%A8%C6%DA%BB%F5,2222,407.0,海通期货
2024-12-27,CU2501,volume,7,%D4%C6%B3%BF%C6%DA%BB%F5,2217,751.0,云晨期货
2024-12-27,CU2501,volume,8,%CD%AD%B9%DA%BD%F0%D4%B4,1879,1442.0,铜冠金源
2024-12-27,CU2501,volume,9,%C4%CF%BB%AA%C6%DA%BB%F5,1550,493.0,南华期货
2024-12-27,CU2501,volume,10,%D0%CB%D2%B5%C6%DA%BB%F5,1495,976.0,兴业期货
2024-12-27,CU2501,volume,11,%CE%EF%B2%FA%D6%D0%B4%F3,1340,1100.0,物产中大
2024-12-27,CU2501,volume,12,%B7%BD%D5%FD%D6%D0%C6%DA,1267,-1985.0,方正中期
2024-12-27,CU2501,volume,13,%BD%A8%D0%C5%C6%DA%BB%F5,1258,115.0,建信期货
2024-12-27,CU2501,volume,14,%B9%FA%CD%B6%B0%B2%D0%C5,1207,600.0,国投安信
2024-12-27,CU2501,volume,15,%B1%A6%B3%C7%C6%DA%BB%F5,1108,-5.0,宝城期货
2024-12-27,CU2501,volume,16,%D2%F8%BA%D3%C6%DA%BB%F5,1081,62.0,银河期货
2024-12-27,CU2501,volume,17,%D3%C0%B0%B2%C6%DA%BB%F5,1059,505.0,永安期货
2024-12-27,CU2501,volume,18,%BA%A3%D6%A4%C6%DA%BB%F5,1055,168.0,海证期货
2024-12-27,CU2501,volume,19,%D2%BB%B5%C2%C6%DA%BB%F5,1029,613.0,一德期货
2024-12-27,CU2501,volume,20,%BB%AA%CC%A9%C6%DA%BB%F5,971,363.0,华泰期货
2024-12-27,CU2501,volume,999,TOTAL,40697,,TOTAL
2024-12-27,CU2501,long,1,%BD%F0%C8%F0%C6%DA%BB%F5,7977,-1844.0,金瑞期货
2024-12-27,CU2501,long,2,%CE%E5%BF%F3%C6%DA%BB%F5,6159,-180.0,五矿期货
2024-12-27,CU2501,long,3,%D4%C6%B3%BF%C6%DA%BB%F5,5099,988.0,云晨期货
2024-12-27,CU2501,long,4,%B7%BD%D5%FD%D6%D0%C6%DA,5093,-498.0,方正中期
2024-12-27,CU2501,long,5,%CD%AD%B9%DA%BD%F0%D4%B4,4708,-178.0,铜冠金源
2024-12-27,CU2501,long,6,%D6%D0%D0%C5%C6%DA%BB%F5,3801,-391.0,中信期货
2024-12-27,CU2501,long,7,%B9%FA%CC%A9%BE%FD%B0%B2,3487,-493.0,国泰君安
2024-12-27,CU2501,long,8,%B9%E3%D6%DD%C6%DA%BB%F5,3487,-576.0,广州期货
2024-12-27,CU2501,long,9,%D6%D0%BA%BD%C6%DA%BB%F5,2684,8.0,中航期货
2024-12-27,CU2501,long,10,%BA%EB%D2%B5%C6%DA%BB%F5,2507,-227.0,弘业期货
2024-12-27,CU2501,long,11,%D2%F8%BA%D3%C6%DA%BB%F5,2379,-342.0,银河期货
2024-12-27,CU2501,long,12,%B1%A6%B3%C7%C6%DA%BB%F5,2109,-479.0,宝城期货
2024-12-27,CU2501,long,13,%B9%E2%B4%F3%C6%DA%BB%F5,1899,-245.0,光大期货
2024-12-27,CU2501,long,14,%B6%AB%CE%E2%C6%DA%BB%F5,1716,-167.0,东吴期货
2024-12-27,CU2501,long,15,%B9%FA%C3%B3%C6%DA%BB%F5,1620,73.0,国贸期货
2024-12-27,CU2501,long,16,%C4%CF%BB%AA%C6%DA%BB%F5,1228,-463.0,南华期货
2024-12-27,CU2501,long,17,%B6%AB%D6%A4%C6%DA%BB%F5,1150,-120.0,东证期货
2024-12-27,CU2501,long,18,%D6%D0%D0%C5%BD%A8%CD%B6,1043,20.0,中信建投
2024-12-27,CU2501,long,19,%BB%AA%CC%A9%C6%DA%BB%F5,1019,-129.0,华泰期货
2024-12-27,CU2501,long,20,%B4%F3%B5%D8%C6%DA%BB%F5,942,-24.0,大地期货
2024-12-27,CU2501,long,999,TOTAL,60107,,TOTAL
2024-12-27,CU2501,short,1,%D6%D0%D0%C5%C6%DA%BB%F5,5210,-2090.0,中信期货
2024-12-27,CU2501,short,2,%BD%F0%C8%F0%C6%DA%BB%F5,4670,-525.0,金瑞期货
2024-12-27,CU2501,short,3,%B9%FA%CD%B6%B0%B2%D0%C5,4109,-431.0,国投安信
2024-12-27,CU2501,short,4,%B9%FA%CC%A9%BE%FD%B0%B2,4040,-1284.0,国泰君安
2024-12-27,CU2501,short,5,%CE%E5%BF%F3%C6%DA%BB%F5,3502,-64.0,五矿期货
2024-12-27,CU2501,short,6,%B6%AB%D6%A4%C6%DA%BB%F5,2919,103.0,东证期货
2024-12-27,CU2501,short,7,%B9%FA%C3%B3%C6%DA%BB%F5,2638,-90.0,国贸期货
2024-12-27,CU2501,short,8,%D0%CB%D2%B5%C6%DA%BB%F5,2213,-1219.0,兴业期货
2024-12-27,CU2501,short,9,%CD%AD%B9%DA%BD%F0%D4%B4,2199,27.0,铜冠金源
2024-12-27,CU2501,short,10,%BA%A3%CD%A8%C6%DA%BB%F5,2089,-154.0,海通期货
2024-12-27,CU2501,short,11,%B7%BD%D5%FD%D6%D0%C6%DA,2016,79.0,方正中期
2024-12-27,CU2501,short,12,%D4%C6%B3%BF%C6%DA%BB%F5,1943,-15.0,云晨期货
2024-12-27,CU2501,short,13,%D2%BB%B5%C2%C6%DA%BB%F5,1840,164.0,一德期货
2024-12-27,CU2501,short,14,%B9%E3%B7%A2%C6%DA%BB%F5,1527,-240.0,广发期货
2024-12-27,CU2501,short,15,%C4%CF%BB%AA%C6%DA%BB%F5,1521,7.0,南华期货
2024-12-27,CU2501,short,16,%B3%A4%BD%AD%C6%DA%BB%F5,1402,0.0,长江期货
2024-12-27,CU2501,short,17,%D6%D0%B9%FA%B9%FA%BC%CA,1372,-3.0,中国国际
2024-12-27,CU2501,short,18,%D7%CF%BD%F0%CC%EC%B7%E7,1350,-2.0,紫金天风
2024-12-27,CU2501,short,19,%B6%AB%CE%E2%C6%DA%BB%F5,1315,5.0,东吴期货
2024-12-27,CU2501,short,20,%C3%F1%C9%FA%C6%DA%BB%F5,1201,-26.0,民生期货
2024-12-27,CU2501,short,999,TOTAL,49076,,TOTAL
2024-12-30,CU2501,volume,1,%BD%F0%C8%F0%C6%DA%BB%F5,4473,450.0,金瑞期货
2024-12-30,CU2501,volume,2,%B6%AB%D6%A4%C6%DA%BB%F5,4237,676.0,东证期货
2024-12-30,CU2501,volume,3,%D6%D0%D0%C5%C6%DA%BB%F5,4034,-1537.0,中信期货
2024-12-30,CU2501,volume,4,%B9%FA%CC%A9%BE%FD%B0%B2,3158,-1111.0,国泰君安
2024-12-30,CU2501,volume,5,%BA%A3%CD%A8%C6%DA%BB%F5,2935,713.0,海通期货
2024-12-30,CU2501,volume,6,%B7%BD%D5%FD%D6%D0%C6%DA,2904,1637.0,方正中期
2024-12-30,CU2501,volume,7,%D4%C6%B3%BF%C6%DA%BB%F5,2614,397.0,云晨期货
2024-12-30,CU2501,volume,8,%CD%AD%B9%DA%BD%F0%D4%B4,1633,-246.0,铜冠金源
2024-12-30,CU2501,volume,9,%C4%CF%BB%AA%C6%DA%BB%F5,1437,-113.0,南华期货
2024-12-30,CU2501,volume,10,%B1%A6%B3%C7%C6%DA%BB%F5,1365,257.0,宝城期货
2024-12-30,CU2501,volume,11,%D6%D0%CC%A9%C6%DA%BB%F5,1298,-1237.0,中泰期货
2024-12-30,CU2501,volume,12,%CE%E5%BF%F3%C6%DA%BB%F5,1234,368.0,五矿期货
2024-12-30,CU2501,volume,13,%B9%FA%CD%B6%B0%B2%D0%C5,1215,8.0,国投安信
2024-12-30,CU2501,volume,14,%B6%AB%BA%A3%C6%DA%BB%F5,1056,746.0,东海期货
2024-12-30,CU2501,volume,15,%BD%A8%D0%C5%C6%DA%BB%F5,792,-466.0,建信期货
2024-12-30,CU2501,volume,16,%B9%FA%C3%B3%C6%DA%BB%F5,766,239.0,国贸期货
2024-12-30,CU2501,volume,17,%B9%E2%B4%F3%C6%DA%BB%F5,765,173.0,光大期货
2024-12-30,CU2501,volume,18,%D6%D0%BA%BD%C6%DA%BB%F5,699,363.0,中航期货
2024-12-30,CU2501,volume,19,%D2%F8%BA%D3%C6%DA%BB%F5,672,-409.0,银河期货
2024-12-30,CU2501,volume,20,%B3%A4%BD%AD%C6%DA%BB%F5,619,612.0,长江期货
2024-12-30,CU2501,volume,999,TOTAL,37906,,TOTAL
2024-12-30,CU2501,long,1,%BD%F0%C8%F0%C6%DA%BB%F5,6127,-1850.0,金瑞期货
2024-12-30,CU2501,long,2,%CE%E5%BF%F3%C6%DA%BB%F5,5431,-728.0,五矿期货
2024-12-30,CU2501,long,3,%CD%AD%B9%DA%BD%F0%D4%B4,4294,-414.0,铜冠金源
2024-12-30,CU2501,long,4,%B7%BD%D5%FD%D6%D0%C6%DA,4226,-867.0,方正中期
2024-12-30,CU2501,long,5,%D6%D0%D0%C5%C6%DA%BB%F5,3472,-329.0,中信期货
2024-12-30,CU2501,long,6,%B9%E3%D6%DD%C6%DA%BB%F5,3357,-130.0,广州期货
2024-12-30,CU2501,long,7,%D4%C6%B3%BF%C6%DA%BB%F5,3147,-1952.0,云晨期货
2024-12-30,CU2501,long,8,%B9%FA%CC%A9%BE%FD%B0%B2,2738,-749.0,国泰君安
2024-12-30,CU2501,long,9,%BA%EB%D2%B5%C6%DA%BB%F5,2416,-91.0,弘业期货
2024-12-30,CU2501,long,10,%D6%D0%BA%BD%C6%DA%BB%F5,2163,-521.0,中航期货
2024-12-30,CU2501,long,11,%D2%F8%BA%D3%C6%DA%BB%F5,2013,-366.0,银河期货
2024-12-30,CU2501,long,12,%B9%E2%B4%F3%C6%DA%BB%F5,1779,-120.0,光大期货
2024-12-30,CU2501,long,13,%B6%AB%CE%E2%C6%DA%BB%F5,1705,-11.0,东吴期货
2024-12-30,CU2501,long,14,%B9%FA%C3%B3%C6%DA%BB%F5,1405,-215.0,国贸期货
2024-12-30,CU2501,long,15,%B1%A6%B3%C7%C6%DA%BB%F5,1115,-994.0,宝城期货
2024-12-30,CU2501,long,16,%BA%A3%CD%A8%C6%DA%BB%F5,912,38.0,海通期货
2024-12-30,CU2501,long,17,%D6%D0%D0%C5%BD%A8%CD%B6,880,-163.0,中信建投
2024-12-30,CU2501,long,18,%C4%CF%BB%AA%C6%DA%BB%F5,874,-354.0,南华期货
2024-12-30,CU2501,long,19,%BB%AA%CC%A9%C6%DA%BB%F5,844,-175.0,华泰期货
2024-12-30,CU2501,long,20,%B6%AB%D6%A4%C6%DA%BB%F5,824,-326.0,东证期货
2024-12-30,CU2501,long,999,TOTAL,49722,,TOTAL
2024-12-30,CU2501,short,1,%B9%FA%CD%B6%B0%B2%D0%C5,4871,762.0,国投安信
2024-12-30,CU2501,short,2,%D6%D0%D0%C5%C6%DA%BB%F5,4155,-1055.0,中信期货
2024-12-30,CU2501,short,3,%BD%F0%C8%F0%C6%DA%BB%F5,3767,-903.0,金瑞期货
2024-12-30,CU2501,short,4,%B9%FA%CC%A9%BE%FD%B0%B2,3479,-561.0,国泰君安
2024-12-30,CU2501,short,5,%CE%E5%BF%F3%C6%DA%BB%F5,3400,-102.0,五矿期货
2024-12-30,CU2501,short,6,%B9%FA%C3%B3%C6%DA%BB%F5,2359,-279.0,国贸期货
2024-12-30,CU2501,short,7,%CD%AD%B9%DA%BD%F0%D4%B4,2052,-147.0,铜冠金源
2024-12-30,CU2501,short,8,%B6%AB%D6%A4%C6%DA%BB%F5,1986,-933.0,东证期货
2024-12-30,CU2501,short,9,%D4%C6%B3%BF%C6%DA%BB%F5,1943,0.0,云晨期货
2024-12-30,CU2501,short,10,%D2%BB%B5%C2%C6%DA%BB%F5,1792,-48.0,一德期货
2024-12-30,CU2501,short,11,%D0%CB%D2%B5%C6%DA%BB%F5,1684,-529.0,兴业期货
2024-12-30,CU2501,short,12,%B9%E3%B7%A2%C6%DA%BB%F5,1395,-132.0,广发期货
2024-12-30,CU2501,short,13,%BA%A3%CD%A8%C6%DA%BB%F5,1348,-741.0,海通期货
2024-12-30,CU2501,short,14,%D6%D0%B9%FA%B9%FA%BC%CA,1287,-85.0,中国国际
2024-12-30,CU2501,short,15,%D7%CF%BD%F0%CC%EC%B7%E7,1280,-70.0,紫金天风
2024-12-30,CU2501,short,16,%B6%AB%CE%E2%C6%DA%BB%F5,1269,-46.0,东吴期货
2024-12-30,CU2501,short,17,%C3%F1%C9%FA%C6%DA%BB%F5,1194,-7.0,民生期货
2024-12-30,CU2501,short,18,%B8%F1%C1%D6%B4%F3%BB%AA,1189,-8.0,格林大华
2024-12-30,CU2501,short,19,%D0%C2%BA%FE%C6%DA%BB%F5,1138,-48.0,新湖期货
2024-12-30,CU2501,short,20,%D6%D0%C1%B8%C6%DA%BB%F5,1070,-89.0,中粮期货
2024-12-30,CU2501,short,999,TOTAL,42658,,TOTAL
2024-12-31,CU2501,volume,1,%CE%E5%BF%F3%C6%DA%BB%F5,4850,3616.0,五矿期货
2024-12-31,CU2501,volume,2,%BD%F0%C8%F0%C6%DA%BB%F5,4282,-191.0,金瑞期货
2024-12-31,CU2501,volume,3,%B9%FA%CC%A9%BE%FD%B0%B2,3409,251.0,国泰君安
2024-12-31,CU2501,volume,4,%B6%AB%D6%A4%C6%DA%BB%F5,3195,-1042.0,东证期货
2024-12-31,CU2501,volume,5,%D6%D0%D0%C5%C6%DA%BB%F5,3077,-957.0,中信期货
2024-12-31,CU2501,volume,6,%D0%C2%BA%FE%C6%DA%BB%F5,2155,2020.0,新湖期货
2024-12-31,CU2501,volume,7,%B9%E3%D6%DD%C6%DA%BB%F5,1524,1197.0,广州期货
2024-12-31,CU2501,volume,8,%BA%A3%CD%A8%C6%DA%BB%F5,1319,-1616.0,海通期货
2024-12-31,CU2501,volume,9,%B7%BD%D5%FD%D6%D0%C6%DA,1299,-1605.0,方正中期
2024-12-31,CU2501,volume,10,%B9%E2%B4%F3%C6%DA%BB%F5,1297,532.0,光大期货
2024-12-31,CU2501,volume,11,%D4%C6%B3%BF%C6%DA%BB%F5,1204,-1410.0,云晨期货
2024-12-31,CU2501,volume,12,%B9%FA%C3%B3%C6%DA%BB%F5,1089,323.0,国贸期货
2024-12-31,CU2501,volume,13,%D2%F8%BA%D3%C6%DA%BB%F5,1055,383.0,银河期货
2024-12-31,CU2501,volume,14,%B6%AB%BA%A3%C6%DA%BB%F5,948,-108.0,东海期货
2024-12-31,CU2501,volume,15,%BA%EB%D2%B5%C6%DA%BB%F5,934,728.0,弘业期货
2024-12-31,CU2501,volume,16,%C4%CF%BB%AA%C6%DA%BB%F5,888,-549.0,南华期货
2024-12-31,CU2501,volume,17,%D5%E3%C9%CC%C6%DA%BB%F5,836,460.0,浙商期货
2024-12-31,CU2501,volume,18,%D6%D0%D0%C5%BD%A8%CD%B6,754,281.0,中信建投
2024-12-31,CU2501,volume,19,%CD%AD%B9%DA%BD%F0%D4%B4,649,-984.0,铜冠金源
2024-12-31,CU2501,volume,20,%BB%AA%CC%A9%C6%DA%BB%F5,624,81.0,华泰期货
2024-12-31,CU2501,volume,999,TOTAL,35388,,TOTAL
2024-12-31,CU2501,long,1,%BD%F0%C8%F0%C6%DA%BB%F5,6625,498.0,金瑞期货
2024-12-31,CU2501,long,2,%CD%AD%B9%DA%BD%F0%D4%B4,4155,-139.0,铜冠金源
2024-12-31,CU2501,long,3,%B7%BD%D5%FD%D6%D0%C6%DA,3955,-271.0,方正中期
2024-12-31,CU2501,long,4,%D4%C6%B3%BF%C6%DA%BB%F5,2540,-607.0,云晨期货
2024-12-31,CU2501,long,5,%D6%D0%D0%C5%C6%DA%BB%F5,2475,-997.0,中信期货
2024-12-31,CU2501,long,6,%CE%E5%BF%F3%C6%DA%BB%F5,2340,-3091.0,五矿期货
2024-12-31,CU2501,long,7,%BA%EB%D2%B5%C6%DA%BB%F5,2215,-201.0,弘业期货
2024-12-31,CU2501,long,8,%D6%D0%BA%BD%C6%DA%BB%F5,2130,-33.0,中航期货
2024-12-31,CU2501,long,9,%B9%FA%CC%A9%BE%FD%B0%B2,1960,-778.0,国泰君安
2024-12-31,CU2501,long,10,%B9%E3%D6%DD%C6%DA%BB%F5,1880,-1477.0,广州期货
2024-12-31,CU2501,long,11,%B6%AB%CE%E2%C6%DA%BB%F5,1555,-150.0,东吴期货
2024-12-31,CU2501,long,12,%B9%E2%B4%F3%C6%DA%BB%F5,1480,-299.0,光大期货
2024-12-31,CU2501,long,13,%D2%F8%BA%D3%C6%DA%BB%F5,1465,-548.0,银河期货
2024-12-31,CU2501,long,14,%B9%FA%C3%B3%C6%DA%BB%F5,1395,-10.0,国贸期货
2024-12-31,CU2501,long,15,%BD%A8%D0%C5%C6%DA%BB%F5,800,123.0,建信期货
2024-12-31,CU2501,long,16,%B9%FA%CD%B6%B0%B2%D0%C5,800,-23.0,国投安信
2024-12-31,CU2501,long,17,%B6%AB%D6%A4%C6%DA%BB%F5,770,-54.0,东证期货
2024-12-31,CU2501,long,18,%BB%AA%CC%A9%C6%DA%BB%F5,765,-79.0,华泰期货
2024-12-31,CU2501,long,19,%B1%A6%B3%C7%C6%DA%BB%F5,700,-415.0,宝城期货
2024-12-31,CU2501,long,20,%D6%D0%D0%C5%BD%A8%CD%B6,676,-204.0,中信建投
2024-12-31,CU2501,long,999,TOTAL,40681,,TOTAL
2024-12-31,CU2501,short,1,%B9%FA%CD%B6%B0%B2%D0%C5,4785,-86.0,国投安信
2024-12-31,CU2501,short,2,%D6%D0%D0%C5%C6%DA%BB%F5,3285,-870.0,中信期货
2024-12-31,CU2501,short,3,%BD%F0%C8%F0%C6%DA%BB%F5,3065,-702.0,金瑞期货
2024-12-31,CU2501,short,4,%CE%E5%BF%F3%C6%DA%BB%F5,2955,-445.0,五矿期货
2024-12-31,CU2501,short,5,%B9%FA%CC%A9%BE%FD%B0%B2,2720,-759.0,国泰君安
2024-12-31,CU2501,short,6,%CD%AD%B9%DA%BD%F0%D4%B4,2150,98.0,铜冠金源
2024-12-31,CU2501,short,7,%B9%FA%C3%B3%C6%DA%BB%F5,2040,-319.0,国贸期货
2024-12-31,CU2501,short,8,%D4%C6%B3%BF%C6%DA%BB%F5,1640,-303.0,云晨期货
2024-12-31,CU2501,short,9,%D2%BB%B5%C2%C6%DA%BB%F5,1580,-212.0,一德期货
2024-12-31,CU2501,short,10,%B6%AB%D6%A4%C6%DA%BB%F5,1525,-461.0,东证期货
2024-12-31,CU2501,short,11,%D0%CB%D2%B5%C6%DA%BB%F5,1310,-374.0,兴业期货
2024-12-31,CU2501,short,12,%B6%AB%CE%E2%C6%DA%BB%F5,1255,-14.0,东吴期货
2024-12-31,CU2501,short,13,%D6%D0%B9%FA%B9%FA%BC%CA,1250,-37.0,中国国际
2024-12-31,CU2501,short,14,%B9%E3%B7%A2%C6%DA%BB%F5,1222,-173.0,广发期货
2024-12-31,CU2501,short,15,%B8%F1%C1%D6%B4%F3%BB%AA,1185,-4.0,格林大华
2024-12-31,CU2501,short,16,%C3%F1%C9%FA%C6%DA%BB%F5,1135,-59.0,民生期货
2024-12-31,CU2501,short,17,%C2%F5%BF%C6%C6%DA%BB%F5,1050,-4.0,迈科期货
2024-12-31,CU2501,short,18,%D6%D0%C1%B8%C6%DA%BB%F5,1050,-20.0,中粮期货
2024-12-31,CU2501,short,19,%B7%BD%D5%FD%D6%D0%C6%DA,1005,-64.0,方正中期
2024-12-31,CU2501,short,20,%BA%A3%CD%A8%C6%DA%BB%F5,945,-403.0,海通期货
2024-12-31,CU2501,short,999,TOTAL,37152,,TOTAL
2025-01-02,CU2501,volume,1,%BD%F0%C8%F0%C6%DA%BB%F5,2970,-1312.0,金瑞期货
2025-01-02,CU2501,volume,2,%B9%FA%CC%A9%BE%FD%B0%B2,2595,-814.0,国泰君安
2025-01-02,CU2501,volume,3,%B7%BD%D5%FD%D6%D0%C6%DA,2565,1266.0,方正中期
2025-01-02,CU2501,volume,4,%D4%C6%B3%BF%C6%DA%BB%F5,2425,1221.0,云晨期货
2025-01-02,CU2501,volume,5,%C9%BD%BD%F0%C6%DA%BB%F5,1795,1789.0,山金期货
2025-01-02,CU2501,volume,6,%D6%D0%D0%C5%C6%DA%BB%F5,1700,-1377.0,中信期货
2025-01-02,CU2501,volume,7,%B9%E2%B4%F3%C6%DA%BB%F5,1475,178.0,光大期货
2025-01-02,CU2501,volume,8,%B6%AB%D6%A4%C6%DA%BB%F5,1455,-1740.0,东证期货
2025-01-02,CU2501,volume,9,%B9%E3%D6%DD%C6%DA%BB%F5,1455,-69.0,广州期货
2025-01-02,CU2501,volume,10,%CE%E5%BF%F3%C6%DA%BB%F5,1395,-3455.0,五矿期货
2025-01-02,CU2501,volume,11,%B9%FA%C3%B3%C6%DA%BB%F5,1205,116.0,国贸期货
2025-01-02,CU2501,volume,12,%BB%AA%B0%B2%C6%DA%BB%F5,1111,1086.0,华安期货
2025-01-02,CU2501,volume,13,%D2%F8%BA%D3%C6%DA%BB%F5,1055,0.0,银河期货
2025-01-02,CU2501,volume,14,%B9%E3%B7%A2%C6%DA%BB%F5,912,412.0,广发期货
2025-01-02,CU2501,volume,15,%B9%FA%CD%B6%B0%B2%D0%C5,870,537.0,国投安信
2025-01-02,CU2501,volume,16,%BA%EB%D2%B5%C6%DA%BB%F5,795,-139.0,弘业期货
2025-01-02,CU2501,volume,17,%CD%AD%B9%DA%BD%F0%D4%B4,775,126.0,铜冠金源
2025-01-02,CU2501,volume,18,%D6%D0%D6%DD%C6%DA%BB%F5,750,192.0,中州期货
2025-01-02,CU2501,volume,19,%BB%AA%CE%C5%C6%DA%BB%F5,585,404.0,华闻期货
2025-01-02,CU2501,volume,20,%D2%BB%B5%C2%C6%DA%BB%F5,580,235.0,一德期货
2025-01-02,CU2501,volume,999,TOTAL,28468,,TOTAL
2025-01-02,CU2501,long,1,%BD%F0%C8%F0%C6%DA%BB%F5,5980,-645.0,金瑞期货
2025-01-02,CU2501,long,2,%CD%AD%B9%DA%BD%F0%D4%B4,4075,-80.0,铜冠金源
2025-01-02,CU2501,long,3,%B7%BD%D5%FD%D6%D0%C6%DA,2655,-1300.0,方正中期
2025-01-02,CU2501,long,4,%D6%D0%D0%C5%C6%DA%BB%F5,2375,-100.0,中信期货
2025-01-02,CU2501,long,5,%D4%C6%B3%BF%C6%DA%BB%F5,2315,-225.0,云晨期货
2025-01-02,CU2501,long,6,%CE%E5%BF%F3%C6%DA%BB%F5,2290,-50.0,五矿期货
2025-01-02,CU2501,long,7,%D6%D0%BA%BD%C6%DA%BB%F5,1705,-425.0,中航期货
2025-01-02,CU2501,long,8,%B9%FA%CC%A9%BE%FD%B0%B2,1680,-280.0,国泰君安
2025-01-02,CU2501,long,9,%BA%EB%D2%B5%C6%DA%BB%F5,1640,-575.0,弘业期货
2025-01-02,CU2501,long,10,%B9%E2%B4%F3%C6%DA%BB%F5,1620,140.0,光大期货
2025-01-02,CU2501,long,11,%B6%AB%CE%E2%C6%DA%BB%F5,1595,40.0,东吴期货
2025-01-02,CU2501,long,12,%D2%F8%BA%D3%C6%DA%BB%F5,1555,90.0,银河期货
2025-01-02,CU2501,long,13,%B9%FA%C3%B3%C6%DA%BB%F5,835,-560.0,国贸期货
2025-01-02,CU2501,long,14,%B6%AB%D6%A4%C6%DA%BB%F5,810,40.0,东证期货
2025-01-02,CU2501,long,15,%BB%AA%CC%A9%C6%DA%BB%F5,785,20.0,华泰期货
2025-01-02,CU2501,long,16,%B9%FA%CD%B6%B0%B2%D0%C5,780,-20.0,国投安信
2025-01-02,CU2501,long,17,%BD%A8%D0%C5%C6%DA%BB%F5,740,-60.0,建信期货
2025-01-02,CU2501,long,18,%C9%EA%CD%F2%C6%DA%BB%F5,605,45.0,申万期货
2025-01-02,CU2501,long,19,%B4%F3%B5%D8%C6%DA%BB%F5,595,0.0,大地期货
2025-01-02,CU2501,long,20,%D6%D0%D0%C5%BD%A8%CD%B6,545,-131.0,中信建投
2025-01-02,CU2501,long,999,TOTAL,35180,,TOTAL
2025-01-02,CU2501,short,1,%B9%FA%CD%B6%B0%B2%D0%C5,4165,-620.0,国投安信
2025-01-02,CU2501,short,2,%D6%D0%D0%C5%C6%DA%BB%F5,3905,620.0,中信期货
2025-01-02,CU2501,short,3,%BD%F0%C8%F0%C6%DA%BB%F5,2710,-355.0,金瑞期货
2025-01-02,CU2501,short,4,%CE%E5%BF%F3%C6%DA%BB%F5,2540,-415.0,五矿期货
2025-01-02,CU2501,short,5,%B9%FA%CC%A9%BE%FD%B0%B2,2375,-345.0,国泰君安
2025-01-02,CU2501,short,6,%B9%FA%C3%B3%C6%DA%BB%F5,2005,-35.0,国贸期货
2025-01-02,CU2501,short,7,%CD%AD%B9%DA%BD%F0%D4%B4,1645,-505.0,铜冠金源
2025-01-02,CU2501,short,8,%D2%BB%B5%C2%C6%DA%BB%F5,1505,-75.0,一德期货
2025-01-02,CU2501,short,9,%D6%D0%B9%FA%B9%FA%BC%CA,1245,-5.0,中国国际
2025-01-02,CU2501,short,10,%B8%F1%C1%D6%B4%F3%BB%AA,1185,0.0,格林大华
2025-01-02,CU2501,short,11,%B6%AB%CE%E2%C6%DA%BB%F5,1140,-115.0,东吴期货
2025-01-02,CU2501,short,12,%C9%BD%BD%F0%C6%DA%BB%F5,1110,945.0,山金期货
2025-01-02,CU2501,short,13,%D0%CB%D2%B5%C6%DA%BB%F5,1065,-245.0,兴业期货
2025-01-02,CU2501,short,14,%B7%BD%D5%FD%D6%D0%C6%DA,1050,45.0,方正中期
2025-01-02,CU2501,short,15,%C2%F5%BF%C6%C6%DA%BB%F5,1050,0.0,迈科期货
2025-01-02,CU2501,short,16,%BA%A3%CD%A8%C6%DA%BB%F5,920,-25.0,海通期货
2025-01-02,CU2501,short,17,%D7%CF%BD%F0%CC%EC%B7%E7,905,0.0,紫金天风
2025-01-02,CU2501,short,18,%D6%D0%C1%B8%C6%DA%BB%F5,885,-165.0,中粮期货
2025-01-02,CU2501,short,19,%C3%F1%C9%FA%C6%DA%BB%F5,835,-300.0,民生期货
2025-01-02,CU2501,short,20,%B9%E3%B7%A2%C6%DA%BB%F5,790,-432.0,广发期货
2025-01-02,CU2501,short,999,TOTAL,33030,,TOTAL
2025-01-03,CU2501,volume,1,%B9%FA%CC%A9%BE%FD%B0%B2,3880,1285.0,国泰君安
2025-01-03,CU2501,volume,2,%BD%F0%C8%F0%C6%DA%BB%F5,2375,-595.0,金瑞期货
2025-01-03,CU2501,volume,3,%B6%AB%CE%E2%C6%DA%BB%F5,2340,2085.0,东吴期货
2025-01-03,CU2501,volume,4,%D2%F8%BA%D3%C6%DA%BB%F5,1825,770.0,银河期货
2025-01-03,CU2501,volume,5,%B9%E2%B4%F3%C6%DA%BB%F5,1800,325.0,光大期货
2025-01-03,CU2501,volume,6,%D6%D0%D0%C5%C6%DA%BB%F5,1800,100.0,中信期货
2025-01-03,CU2501,volume,7,%B9%FA%C3%B3%C6%DA%BB%F5,1600,395.0,国贸期货
2025-01-03,CU2501,volume,8,%B9%FA%CD%B6%B0%B2%D0%C5,1450,580.0,国投安信
2025-01-03,CU2501,volume,9,%B7%BD%D5%FD%D6%D0%C6%DA,1360,-1205.0,方正中期
2025-01-03,CU2501,volume,10,%D6%D0%D6%DD%C6%DA%BB%F5,1340,590.0,中州期货
2025-01-03,CU2501,volume,11,%D4%C6%B3%BF%C6%DA%BB%F5,1210,-1215.0,云晨期货
2025-01-03,CU2501,volume,12,%CE%E5%BF%F3%C6%DA%BB%F5,1190,-205.0,五矿期货
2025-01-03,CU2501,volume,13,%CE%EF%B2%FA%D6%D0%B4%F3,1110,715.0,物产中大
2025-01-03,CU2501,volume,14,%BB%AA%CE%C5%C6%DA%BB%F5,1065,480.0,华闻期货
2025-01-03,CU2501,volume,15,%BD%A8%D0%C5%C6%DA%BB%F5,860,390.0,建信期货
2025-01-03,CU2501,volume,16,%B6%AB%D6%A4%C6%DA%BB%F5,820,-635.0,东证期货
2025-01-03,CU2501,volume,17,%CD%AD%B9%DA%BD%F0%D4%B4,810,35.0,铜冠金源
2025-01-03,CU2501,volume,18,%D2%BB%B5%C2%C6%DA%BB%F5,695,115.0,一德期货
2025-01-03,CU2501,volume,19,%B9%E3%B7%A2%C6%DA%BB%F5,690,-222.0,广发期货
2025-01-03,CU2501,volume,20,%D5%E3%C9%CC%C6%DA%BB%F5,645,320.0,浙商期货
2025-01-03,CU2501,volume,999,TOTAL,28865,,TOTAL
2025-01-03,CU2501,long,1,%BD%F0%C8%F0%C6%DA%BB%F5,5920,-60.0,金瑞期货
2025-01-03,CU2501,long,2,%CD%AD%B9%DA%BD%F0%D4%B4,4055,-20.0,铜冠金源
2025-01-03,CU2501,long,3,%D6%D0%D0%C5%C6%DA%BB%F5,2270,-105.0,中信期货
2025-01-03,CU2501,long,4,%CE%E5%BF%F3%C6%DA%BB%F5,2205,-85.0,五矿期货
2025-01-03,CU2501,long,5,%D4%C6%B3%BF%C6%DA%BB%F5,1945,-370.0,云晨期货
2025-01-03,CU2501,long,6,%B7%BD%D5%FD%D6%D0%C6%DA,1530,-1125.0,方正中期
2025-01-03,CU2501,long,7,%D6%D0%BA%BD%C6%DA%BB%F5,1515,-190.0,中航期货
2025-01-03,CU2501,long,8,%B9%E2%B4%F3%C6%DA%BB%F5,1430,-190.0,光大期货
2025-01-03,CU2501,long,9,%BA%EB%D2%B5%C6%DA%BB%F5,1395,-245.0,弘业期货
2025-01-03,CU2501,long,10,%B9%FA%CC%A9%BE%FD%B0%B2,1350,-330.0,国泰君安
2025-01-03,CU2501,long,11,%D2%F8%BA%D3%C6%DA%BB%F5,1350,-205.0,银河期货
2025-01-03,CU2501,long,12,%B9%FA%CD%B6%B0%B2%D0%C5,775,-5.0,国投安信
2025-01-03,CU2501,long,13,%B6%AB%D6%A4%C6%DA%BB%F5,750,-60.0,东证期货
2025-01-03,CU2501,long,14,%BB%AA%CC%A9%C6%DA%BB%F5,550,-235.0,华泰期货
2025-01-03,CU2501,long,15,%B9%FA%C3%B3%C6%DA%BB%F5,535,-300.0,国贸期货
2025-01-03,CU2501,long,16,%BD%A8%D0%C5%C6%DA%BB%F5,530,-210.0,建信期货
2025-01-03,CU2501,long,17,%B6%AB%CE%E2%C6%DA%BB%F5,530,-1065.0,东吴期货
2025-01-03,CU2501,long,18,%C4%CF%BB%AA%C6%DA%BB%F5,515,0.0,南华期货
2025-01-03,CU2501,long,19,%C9%EA%CD%F2%C6%DA%BB%F5,490,-115.0,申万期货
2025-01-03,CU2501,long,20,%D5%D0%C9%CC%C6%DA%BB%F5,470,0.0,招商期货
2025-01-03,CU2501,long,999,TOTAL,30110,,TOTAL
2025-01-03,CU2501,short,1,%B9%FA%CD%B6%B0%B2%D0%C5,4070,-95.0,国投安信
2025-01-03,CU2501,short,2,%D6%D0%D0%C5%C6%DA%BB%F5,3180,-725.0,中信期货
2025-01-03,CU2501,short,3,%BD%F0%C8%F0%C6%DA%BB%F5,2505,-205.0,金瑞期货
2025-01-03,CU2501,short,4,%B9%FA%C3%B3%C6%DA%BB%F5,2235,230.0,国贸期货
2025-01-03,CU2501,short,5,%CE%E5%BF%F3%C6%DA%BB%F5,1965,-575.0,五矿期货
2025-01-03,CU2501,short,6,%B9%FA%CC%A9%BE%FD%B0%B2,1645,-730.0,国泰君安
2025-01-03,CU2501,short,7,%B8%F1%C1%D6%B4%F3%BB%AA,1185,0.0,格林大华
2025-01-03,CU2501,short,8,%D6%D0%B9%FA%B9%FA%BC%CA,1185,-60.0,中国国际
2025-01-03,CU2501,short,9,%D2%BB%B5%C2%C6%DA%BB%F5,1110,-395.0,一德期货
2025-01-03,CU2501,short,10,%CD%AD%B9%DA%BD%F0%D4%B4,1085,-560.0,铜冠金源
2025-01-03,CU2501,short,11,%B7%BD%D5%FD%D6%D0%C6%DA,1065,15.0,方正中期
2025-01-03,CU2501,short,12,%C9%BD%BD%F0%C6%DA%BB%F5,1045,-65.0,山金期货
2025-01-03,CU2501,short,13,%D0%CB%D2%B5%C6%DA%BB%F5,990,-75.0,兴业期货
2025-01-03,CU2501,short,14,%C2%F5%BF%C6%C6%DA%BB%F5,970,-80.0,迈科期货
2025-01-03,CU2501,short,15,%BA%A3%CD%A8%C6%DA%BB%F5,910,-10.0,海通期货
2025-01-03,CU2501,short,16,%C3%F1%C9%FA%C6%DA%BB%F5,835,0.0,民生期货
2025-01-03,CU2501,short,17,%D6%D0%C1%B8%C6%DA%BB%F5,740,-145.0,中粮期货
2025-01-03,CU2501,short,18,%D7%CF%BD%F0%CC%EC%B7%E7,740,-165.0,紫金天风
2025-01-03,CU2501,short,19,%BB%AA%B0%B2%C6%DA%BB%F5,725,-40.0,华安期货
2025-01-03,CU2501,short,20,%B6%AB%D6%A4%C6%DA%BB%F5,720,-40.0,东证期货
2025-01-03,CU2501,short,999,TOTAL,28905,,TOTAL
2025-01-22,CU2502,volume,1,%D6%D0%D0%C5%C6%DA%BB%F5,5297,-3641.0,中信期货
2025-01-22,CU2502,volume,2,%B9%FA%CC%A9%BE%FD%B0%B2,4118,-731.0,国泰君安
2025-01-22,CU2502,volume,3,%BD%F0%C8%F0%C6%DA%BB%F5,3943,-683.0,金瑞期货
2025-01-22,CU2502,volume,4,%B6%AB%D6%A4%C6%DA%BB%F5,3563,-2177.0,东证期货
2025-01-22,CU2502,volume,5,%D6%D0%CC%A9%C6%DA%BB%F5,2405,-446.0,中泰期货
2025-01-22,CU2502,volume,6,%D4%C6%B3%BF%C6%DA%BB%F5,2271,700.0,云晨期货
2025-01-22,CU2502,volume,7,%BA%A3%CD%A8%C6%DA%BB%F5,2076,-1185.0,海通期货
2025-01-22,CU2502,volume,8,%CD%AD%B9%DA%BD%F0%D4%B4,1653,-143.0,铜冠金源
2025-01-22,CU2502,volume,9,%CE%E5%BF%F3%C6%DA%BB%F5,1401,678.0,五矿期货
2025-01-22,CU2502,volume,10,%C4%CF%BB%AA%C6%DA%BB%F5,1386,-1360.0,南华期货
2025-01-22,CU2502,volume,11,%D0%CB%D2%B5%C6%DA%BB%F5,1305,940.0,兴业期货
2025-01-22,CU2502,volume,12,%BB%AA%CC%A9%C6%DA%BB%F5,991,-1187.0,华泰期货
2025-01-22,CU2502,volume,13,%B9%FA%CD%B6%B0%B2%D0%C5,864,-777.0,国投安信
2025-01-22,CU2502,volume,14,%B1%A6%B3%C7%C6%DA%BB%F5,828,-9.0,宝城期货
2025-01-22,CU2502,volume,15,%B9%E2%B4%F3%C6%DA%BB%F5,749,-26.0,光大期货
2025-01-22,CU2502,volume,16,%D0%C2%BA%FE%C6%DA%BB%F5,746,86.0,新湖期货
2025-01-22,CU2502,volume,17,%B9%FA%C3%B3%C6%DA%BB%F5,733,-564.0,国贸期货
2025-01-22,CU2502,volume,18,%B9%E3%D6%DD%C6%DA%BB%F5,693,563.0,广州期货
2025-01-22,CU2502,volume,19,%D6%D0%D6%DD%C6%DA%BB%F5,642,90.0,中州期货
2025-01-22,CU2502,volume,20,%BD%A8%D0%C5%C6%DA%BB%F5,631,-15.0,建信期货
2025-01-22,CU2502,volume,999,TOTAL,36295,,TOTAL
2025-01-22,CU2502,long,1,%BD%F0%C8%F0%C6%DA%BB%F5,7146,-1466.0,金瑞期货
2025-01-22,CU2502,long,2,%B7%BD%D5%FD%D6%D0%C6%DA,6574,-31.0,方正中期
2025-01-22,CU2502,long,3,%D6%D0%D0%C5%C6%DA%BB%F5,5501,-1111.0,中信期货
2025-01-22,CU2502,long,4,%CD%AD%B9%DA%BD%F0%D4%B4,5167,-272.0,铜冠金源
2025-01-22,CU2502,long,5,%D2%F8%BA%D3%C6%DA%BB%F5,4403,-292.0,银河期货
2025-01-22,CU2502,long,6,%B9%FA%CC%A9%BE%FD%B0%B2,3385,-953.0,国泰君安
2025-01-22,CU2502,long,7,%CE%E5%BF%F3%C6%DA%BB%F5,3270,118.0,五矿期货
2025-01-22,CU2502,long,8,%B9%FA%C3%B3%C6%DA%BB%F5,2640,35.0,国贸期货
2025-01-22,CU2502,long,9,%D6%D0%BA%BD%C6%DA%BB%F5,2579,-273.0,中航期货
2025-01-22,CU2502,long,10,%D4%C6%B3%BF%C6%DA%BB%F5,2516,-312.0,云晨期货
2025-01-22,CU2502,long,11,%BA%EB%D2%B5%C6%DA%BB%F5,2120,-134.0,弘业期货
2025-01-22,CU2502,long,12,%B9%E3%D6%DD%C6%DA%BB%F5,1923,-582.0,广州期货
2025-01-22,CU2502,long,13,%B1%A6%B3%C7%C6%DA%BB%F5,1662,-320.0,宝城期货
2025-01-22,CU2502,long,14,%B6%AB%CE%E2%C6%DA%BB%F5,1621,-66.0,东吴期货
2025-01-22,CU2502,long,15,%B9%E2%B4%F3%C6%DA%BB%F5,1613,-17.0,光大期货
2025-01-22,CU2502,long,16,%C4%CF%BB%AA%C6%DA%BB%F5,1515,-219.0,南华期货
2025-01-22,CU2502,long,17,%C9%EA%CD%F2%C6%DA%BB%F5,1464,14.0,申万期货
2025-01-22,CU2502,long,18,%B6%AB%D6%A4%C6%DA%BB%F5,1337,-619.0,东证期货
2025-01-22,CU2502,long,19,%BB%AA%CC%A9%C6%DA%BB%F5,1293,-178.0,华泰期货
2025-01-22,CU2502,long,20,%C9%BD%BD%F0%C6%DA%BB%F5,1050,-7.0,山金期货
2025-01-22,CU2502,long,999,TOTAL,58779,,TOTAL
2025-01-22,CU2502,short,1,%BD%F0%C8%F0%C6%DA%BB%F5,10167,-689.0,金瑞期货
2025-01-22,CU2502,short,2,%D6%D0%D0%C5%C6%DA%BB%F5,8110,-716.0,中信期货
2025-01-22,CU2502,short,3,%B9%FA%CD%B6%B0%B2%D0%C5,5401,555.0,国投安信
2025-01-22,CU2502,short,4,%B9%FA%CC%A9%BE%FD%B0%B2,3327,-791.0,国泰君安
2025-01-22,CU2502,short,5,%CE%E5%BF%F3%C6%DA%BB%F5,2681,-221.0,五矿期货
2025-01-22,CU2502,short,6,%BD%A8%D0%C5%C6%DA%BB%F5,2426,-120.0,建信期货
2025-01-22,CU2502,short,7,%C4%CF%BB%AA%C6%DA%BB%F5,2187,-349.0,南华期货
2025-01-22,CU2502,short,8,%CD%AD%B9%DA%BD%F0%D4%B4,2159,-387.0,铜冠金源
2025-01-22,CU2502,short,9,%D6%D0%C1%B8%C6%DA%BB%F5,2109,-64.0,中粮期货
2025-01-22,CU2502,short,10,%BB%AA%B0%B2%C6%DA%BB%F5,1903,-21.0,华安期货
2025-01-22,CU2502,short,11,%B9%E2%B4%F3%C6%DA%BB%F5,1864,-104.0,光大期货
2025-01-22,CU2502,short,12,%B7%BD%D5%FD%D6%D0%C6%DA,1646,42.0,方正中期
2025-01-22,CU2502,short,13,%B6%AB%D6%A4%C6%DA%BB%F5,1617,166.0,东证期货
2025-01-22,CU2502,short,14,%D3%C0%B0%B2%C6%DA%BB%F5,1540,-275.0,永安期货
2025-01-22,CU2502,short,15,%D0%CB%D2%B5%C6%DA%BB%F5,1503,-1301.0,兴业期货
2025-01-22,CU2502,short,16,%BA%A3%CD%A8%C6%DA%BB%F5,1343,-90.0,海通期货
2025-01-22,CU2502,short,17,%C3%F1%C9%FA%C6%DA%BB%F5,1283,-45.0,民生期货
2025-01-22,CU2502,short,18,%B9%FA%C3%B3%C6%DA%BB%F5,1218,16.0,国贸期货
2025-01-22,CU2502,short,19,%D2%BB%B5%C2%C6%DA%BB%F5,1072,-160.0,一德期货
2025-01-22,CU2502,short,20,%BA%EB%D2%B5%C6%DA%BB%F5,1068,-166.0,弘业期货
2025-01-22,CU2502,short,999,TOTAL,54624,,TOTAL
2025-01-23,CU2502,volume,1,%D6%D0%D0%C5%C6%DA%BB%F5,5851,554.0,中信期货
2025-01-23,CU2502,volume,2,%BD%F0%C8%F0%C6%DA%BB%F5,5662,1719.0,金瑞期货
2025-01-23,CU2502,volume,3,%D4%C6%B3%BF%C6%DA%BB%F5,4338,2067.0,云晨期货
2025-01-23,CU2502,volume,4,%B9%FA%CC%A9%BE%FD%B0%B2,4072,-46.0,国泰君安
2025-01-23,CU2502,volume,5,%D6%D0%CC%A9%C6%DA%BB%F5,2941,536.0,中泰期货
2025-01-23,CU2502,volume,6,%B6%AB%D6%A4%C6%DA%BB%F5,2854,-709.0,东证期货
2025-01-23,CU2502,volume,7,%BA%A3%CD%A8%C6%DA%BB%F5,2402,326.0,海通期货
2025-01-23,CU2502,volume,8,%C4%CF%BB%AA%C6%DA%BB%F5,1815,429.0,南华期货
2025-01-23,CU2502,volume,9,%CE%E5%BF%F3%C6%DA%BB%F5,1781,380.0,五矿期货
2025-01-23,CU2502,volume,10,%B7%BD%D5%FD%D6%D0%C6%DA,1247,852.0,方正中期
2025-01-23,CU2502,volume,11,%D0%C2%BA%FE%C6%DA%BB%F5,1188,442.0,新湖期货
2025-01-23,CU2502,volume,12,%B9%E2%B4%F3%C6%DA%BB%F5,1148,399.0,光大期货
2025-01-23,CU2502,volume,13,%D2%F8%BA%D3%C6%DA%BB%F5,1089,510.0,银河期货
2025-01-23,CU2502,volume,14,%CD%AD%B9%DA%BD%F0%D4%B4,958,-695.0,铜冠金源
2025-01-23,CU2502,volume,15,%BA%EB%D2%B5%C6%DA%BB%F5,954,462.0,弘业期货
2025-01-23,CU2502,volume,16,%D0%CB%D2%B5%C6%DA%BB%F5,947,-358.0,兴业期货
2025-01-23,CU2502,volume,17,%C9%EA%CD%F2%C6%DA%BB%F5,921,770.0,申万期货
2025-01-23,CU2502,volume,18,%BB%AA%CC%A9%C6%DA%BB%F5,904,-87.0,华泰期货
2025-01-23,CU2502,volume,19,%B9%FA%C3%B3%C6%DA%BB%F5,871,138.0,国贸期货
2025-01-23,CU2502,volume,20,%D5%E3%C9%CC%C6%DA%BB%F5,864,321.0,浙商期货
2025-01-23,CU2502,volume,999,TOTAL,42807,,TOTAL
2025-01-23,CU2502,long,1,%B7%BD%D5%FD%D6%D0%C6%DA,6611,37.0,方正中期
2025-01-23,CU2502,long,2,%BD%F0%C8%F0%C6%DA%BB%F5,6245,-901.0,金瑞期货
2025-01-23,CU2502,long,3,%CD%AD%B9%DA%BD%F0%D4%B4,4783,-384.0,铜冠金源
2025-01-23,CU2502,long,4,%D6%D0%D0%C5%C6%DA%BB%F5,4405,-1096.0,中信期货
2025-01-23,CU2502,long,5,%D2%F8%BA%D3%C6%DA%BB%F5,3957,-446.0,银河期货
2025-01-23,CU2502,long,6,%CE%E5%BF%F3%C6%DA%BB%F5,3637,367.0,五矿期货
2025-01-23,CU2502,long,7,%B9%FA%C3%B3%C6%DA%BB%F5,2541,-99.0,国贸期货
2025-01-23,CU2502,long,8,%D6%D0%BA%BD%C6%DA%BB%F5,2351,-228.0,中航期货
2025-01-23,CU2502,long,9,%B9%FA%CC%A9%BE%FD%B0%B2,2344,-1041.0,国泰君安
2025-01-23,CU2502,long,10,%BA%EB%D2%B5%C6%DA%BB%F5,2097,-23.0,弘业期货
2025-01-23,CU2502,long,11,%C4%CF%BB%AA%C6%DA%BB%F5,1651,136.0,南华期货
2025-01-23,CU2502,long,12,%B1%A6%B3%C7%C6%DA%BB%F5,1616,-46.0,宝城期货
2025-01-23,CU2502,long,13,%B6%AB%CE%E2%C6%DA%BB%F5,1586,-35.0,东吴期货
2025-01-23,CU2502,long,14,%B9%E2%B4%F3%C6%DA%BB%F5,1400,-213.0,光大期货
2025-01-23,CU2502,long,15,%B6%AB%D6%A4%C6%DA%BB%F5,1313,-24.0,东证期货
2025-01-23,CU2502,long,16,%B9%E3%D6%DD%C6%DA%BB%F5,1189,-734.0,广州期货
2025-01-23,CU2502,long,17,%BB%AA%CC%A9%C6%DA%BB%F5,1168,-125.0,华泰期货
2025-01-23,CU2502,long,18,%C9%BD%BD%F0%C6%DA%BB%F5,1035,-15.0,山金期货
2025-01-23,CU2502,long,19,%C9%EA%CD%F2%C6%DA%BB%F5,961,-503.0,申万期货
2025-01-23,CU2502,long,20,%CE%EF%B2%FA%D6%D0%B4%F3,763,-7.0,物产中大
2025-01-23,CU2502,long,999,TOTAL,51653,,TOTAL
2025-01-23,CU2502,short,1,%BD%F0%C8%F0%C6%DA%BB%F5,8280,-1887.0,金瑞期货
2025-01-23,CU2502,short,2,%D6%D0%D0%C5%C6%DA%BB%F5,7305,-805.0,中信期货
2025-01-23,CU2502,short,3,%B9%FA%CD%B6%B0%B2%D0%C5,5575,174.0,国投安信
2025-01-23,CU2502,short,4,%B9%FA%CC%A9%BE%FD%B0%B2,2632,-695.0,国泰君安
2025-01-23,CU2502,short,5,%CE%E5%BF%F3%C6%DA%BB%F5,2541,-140.0,五矿期货
2025-01-23,CU2502,short,6,%BD%A8%D0%C5%C6%DA%BB%F5,2329,-97.0,建信期货
2025-01-23,CU2502,short,7,%C4%CF%BB%AA%C6%DA%BB%F5,1972,-215.0,南华期货
2025-01-23,CU2502,short,8,%CD%AD%B9%DA%BD%F0%D4%B4,1957,-202.0,铜冠金源
2025-01-23,CU2502,short,9,%BB%AA%B0%B2%C6%DA%BB%F5,1872,-31.0,华安期货
2025-01-23,CU2502,short,10,%D6%D0%C1%B8%C6%DA%BB%F5,1860,-249.0,中粮期货
2025-01-23,CU2502,short,11,%B6%AB%D6%A4%C6%DA%BB%F5,1793,176.0,东证期货
2025-01-23,CU2502,short,12,%B9%E2%B4%F3%C6%DA%BB%F5,1737,-127.0,光大期货
2025-01-23,CU2502,short,13,%BA%A3%CD%A8%C6%DA%BB%F5,1509,166.0,海通期货
2025-01-23,CU2502,short,14,%C3%F1%C9%FA%C6%DA%BB%F5,1276,-7.0,民生期货
2025-01-23,CU2502,short,15,%B9%FA%C3%B3%C6%DA%BB%F5,1164,-54.0,国贸期货
2025-01-23,CU2502,short,16,%D3%C0%B0%B2%C6%DA%BB%F5,1163,-377.0,永安期货
2025-01-23,CU2502,short,17,%C9%BD%BD%F0%C6%DA%BB%F5,1008,-42.0,山金期货
2025-01-23,CU2502,short,18,%B9%E3%B7%A2%C6%DA%BB%F5,1001,-43.0,广发期货
2025-01-23,CU2502,short,19,%D7%CF%BD%F0%CC%EC%B7%E7,925,0.0,紫金天风
2025-01-23,CU2502,short,20,%D0%CB%D2%B5%C6%DA%BB%F5,908,-595.0,兴业期货
2025-01-23,CU2502,short,999,TOTAL,48807,,TOTAL
2025-01-24,CU2502,volume,1,%D6%D0%D0%C5%C6%DA%BB%F5,4060,-1791.0,中信期货
2025-01-24,CU2502,volume,2,%B9%FA%CC%A9%BE%FD%B0%B2,3445,-627.0,国泰君安
2025-01-24,CU2502,volume,3,%B6%AB%D6%A4%C6%DA%BB%F5,3275,421.0,东证期货
2025-01-24,CU2502,volume,4,%BD%F0%C8%F0%C6%DA%BB%F5,3122,-2540.0,金瑞期货
2025-01-24,CU2502,volume,5,%BA%A3%CD%A8%C6%DA%BB%F5,2325,-77.0,海通期货
2025-01-24,CU2502,volume,6,%D6%D0%CC%A9%C6%DA%BB%F5,1782,-1159.0,中泰期货
2025-01-24,CU2502,volume,7,%B1%A6%B3%C7%C6%DA%BB%F5,1327,768.0,宝城期货
2025-01-24,CU2502,volume,8,%B9%FA%C3%B3%C6%DA%BB%F5,1106,235.0,国贸期货
2025-01-24,CU2502,volume,9,%C9%BD%BD%F0%C6%DA%BB%F5,981,784.0,山金期货
2025-01-24,CU2502,volume,10,%CD%AD%B9%DA%BD%F0%D4%B4,828,-130.0,铜冠金源
2025-01-24,CU2502,volume,11,%C3%F1%C9%FA%C6%DA%BB%F5,789,775.0,民生期货
2025-01-24,CU2502,volume,12,%D2%F8%BA%D3%C6%DA%BB%F5,718,-371.0,银河期货
2025-01-24,CU2502,volume,13,%B9%E3%D6%DD%C6%DA%BB%F5,708,-102.0,广州期货
2025-01-24,CU2502,volume,14,%B7%BD%D5%FD%D6%D0%C6%DA,671,-576.0,方正中期
2025-01-24,CU2502,volume,15,%D0%C2%BA%FE%C6%DA%BB%F5,582,-606.0,新湖期货
2025-01-24,CU2502,volume,16,%D5%E3%C9%CC%C6%DA%BB%F5,570,-294.0,浙商期货
2025-01-24,CU2502,volume,17,%C4%CF%BB%AA%C6%DA%BB%F5,543,-1272.0,南华期货
2025-01-24,CU2502,volume,18,%BB%AA%CE%C5%C6%DA%BB%F5,531,141.0,华闻期货
2025-01-24,CU2502,volume,19,%D3%C0%B0%B2%C6%DA%BB%F5,490,-10.0,永安期货
2025-01-24,CU2502,volume,20,%D4%C6%B3%BF%C6%DA%BB%F5,484,-3854.0,云晨期货
2025-01-24,CU2502,volume,999,TOTAL,28337,,TOTAL
2025-01-24,CU2502,long,1,%B7%BD%D5%FD%D6%D0%C6%DA,6432,-179.0,方正中期
2025-01-24,CU2502,long,2,%BD%F0%C8%F0%C6%DA%BB%F5,6095,-150.0,金瑞期货
2025-01-24,CU2502,long,3,%CD%AD%B9%DA%BD%F0%D4%B4,4277,-506.0,铜冠金源
2025-01-24,CU2502,long,4,%D6%D0%D0%C5%C6%DA%BB%F5,3987,-418.0,中信期货
2025-01-24,CU2502,long,5,%CE%E5%BF%F3%C6%DA%BB%F5,3657,20.0,五矿期货
2025-01-24,CU2502,long,6,%D2%F8%BA%D3%C6%DA%BB%F5,3643,-314.0,银河期货
2025-01-24,CU2502,long,7,%D6%D0%BA%BD%C6%DA%BB%F5,2195,-156.0,中航期货
2025-01-24,CU2502,long,8,%BA%EB%D2%B5%C6%DA%BB%F5,2087,-10.0,弘业期货
2025-01-24,CU2502,long,9,%B9%FA%C3%B3%C6%DA%BB%F5,1798,-743.0,国贸期货
2025-01-24,CU2502,long,10,%C4%CF%BB%AA%C6%DA%BB%F5,1641,-10.0,南华期货
2025-01-24,CU2502,long,11,%B9%FA%CC%A9%BE%FD%B0%B2,1608,-736.0,国泰君安
2025-01-24,CU2502,long,12,%B6%AB%CE%E2%C6%DA%BB%F5,1512,-74.0,东吴期货
2025-01-24,CU2502,long,13,%B9%E2%B4%F3%C6%DA%BB%F5,1181,-219.0,光大期货
2025-01-24,CU2502,long,14,%B6%AB%D6%A4%C6%DA%BB%F5,1116,-197.0,东证期货
2025-01-24,CU2502,long,15,%BB%AA%CC%A9%C6%DA%BB%F5,1104,-64.0,华泰期货
2025-01-24,CU2502,long,16,%C9%BD%BD%F0%C6%DA%BB%F5,1035,0.0,山金期货
2025-01-24,CU2502,long,17,%C9%EA%CD%F2%C6%DA%BB%F5,995,34.0,申万期货
2025-01-24,CU2502,long,18,%CE%EF%B2%FA%D6%D0%B4%F3,751,-12.0,物产中大
2025-01-24,CU2502,long,19,%BB%AA%F6%CE%C6%DA%BB%F5,742,4.0,华鑫期货
2025-01-24,CU2502,long,20,%D0%CB%D2%B5%C6%DA%BB%F5,736,11.0,兴业期货
2025-01-24,CU2502,long,999,TOTAL,46592,,TOTAL
2025-01-24,CU2502,short,1,%D6%D0%D0%C5%C6%DA%BB%F5,6941,-364.0,中信期货
2025-01-24,CU2502,short,2,%BD%F0%C8%F0%C6%DA%BB%F5,6726,-1554.0,金瑞期货
2025-01-24,CU2502,short,3,%B9%FA%CD%B6%B0%B2%D0%C5,5653,78.0,国投安信
2025-01-24,CU2502,short,4,%CE%E5%BF%F3%C6%DA%BB%F5,2672,131.0,五矿期货
2025-01-24,CU2502,short,5,%B9%FA%CC%A9%BE%FD%B0%B2,2447,-185.0,国泰君安
2025-01-24,CU2502,short,6,%BD%A8%D0%C5%C6%DA%BB%F5,2264,-65.0,建信期货
2025-01-24,CU2502,short,7,%B6%AB%D6%A4%C6%DA%BB%F5,2041,248.0,东证期货
2025-01-24,CU2502,short,8,%BB%AA%B0%B2%C6%DA%BB%F5,1888,16.0,华安期货
2025-01-24,CU2502,short,9,%D6%D0%C1%B8%C6%DA%BB%F5,1796,-64.0,中粮期货
2025-01-24,CU2502,short,10,%CD%AD%B9%DA%BD%F0%D4%B4,1731,-226.0,铜冠金源
2025-01-24,CU2502,short,11,%C4%CF%BB%AA%C6%DA%BB%F5,1727,-245.0,南华期货
2025-01-24,CU2502,short,12,%B9%E2%B4%F3%C6%DA%BB%F5,1707,-30.0,光大期货
2025-01-24,CU2502,short,13,%BA%A3%CD%A8%C6%DA%BB%F5,1173,-336.0,海通期货
2025-01-24,CU2502,short,14,%B9%FA%C3%B3%C6%DA%BB%F5,1043,-121.0,国贸期货
2025-01-24,CU2502,short,15,%B9%E3%B7%A2%C6%DA%BB%F5,1017,16.0,广发期货
2025-01-24,CU2502,short,16,%D7%CF%BD%F0%CC%EC%B7%E7,922,-3.0,紫金天风
2025-01-24,CU2502,short,17,%D2%BB%B5%C2%C6%DA%BB%F5,859,-42.0,一德期货
2025-01-24,CU2502,short,18,%D0%CB%D2%B5%C6%DA%BB%F5,811,-97.0,兴业期货
2025-01-24,CU2502,short,19,%D3%C0%B0%B2%C6%DA%BB%F5,794,-369.0,永安期货
2025-01-24,CU2502,short,20,%D4%C6%B3%BF%C6%DA%BB%F5,775,125.0,云晨期货
2025-01-24,CU2502,short,999,TOTAL,44987,,TOTAL
2025-02-05,CU2502,volume,1,%BD%F0%C8%F0%C6%DA%BB%F5,2645,-104.0,金瑞期货
2025-02-05,CU2502,volume,2,%D4%C6%B3%BF%C6%DA%BB%F5,1355,1123.0,云晨期货
2025-02-05,CU2502,volume,3,%B6%AB%D6%A4%C6%DA%BB%F5,1320,-982.0,东证期货
2025-02-05,CU2502,volume,4,%D2%F8%BA%D3%C6%DA%BB%F5,1300,977.0,银河期货
2025-02-05,CU2502,volume,5,%B9%FA%CC%A9%BE%FD%B0%B2,1215,-576.0,国泰君安
2025-02-05,CU2502,volume,6,%D6%D0%D0%C5%C6%DA%BB%F5,1155,-2138.0,中信期货
2025-02-05,CU2502,volume,7,%D6%D0%D6%DD%C6%DA%BB%F5,1140,770.0,中州期货
2025-02-05,CU2502,volume,8,%B9%FA%C3%B3%C6%DA%BB%F5,1035,43.0,国贸期货
2025-02-05,CU2502,volume,9,%BA%A3%CD%A8%C6%DA%BB%F5,1015,450.0,海通期货
2025-02-05,CU2502,volume,10,%D7%CF%BD%F0%CC%EC%B7%E7,920,905.0,紫金天风
2025-02-05,CU2502,volume,11,%B9%E2%B4%F3%C6%DA%BB%F5,830,306.0,光大期货
2025-02-05,CU2502,volume,12,%CE%E5%BF%F3%C6%DA%BB%F5,520,272.0,五矿期货
2025-02-05,CU2502,volume,13,%BB%AA%CE%C5%C6%DA%BB%F5,470,-139.0,华闻期货
2025-02-05,CU2502,volume,14,%D0%C2%BA%FE%C6%DA%BB%F5,455,106.0,新湖期货
2025-02-05,CU2502,volume,15,%CD%AD%B9%DA%BD%F0%D4%B4,450,-364.0,铜冠金源
2025-02-05,CU2502,volume,16,%B6%AB%CE%E2%C6%DA%BB%F5,430,390.0,东吴期货
2025-02-05,CU2502,volume,17,%B7%BD%D5%FD%D6%D0%C6%DA,395,172.0,方正中期
2025-02-05,CU2502,volume,18,%B9%E3%B7%A2%C6%DA%BB%F5,395,99.0,广发期货
2025-02-05,CU2502,volume,19,%D5%E3%C9%CC%C6%DA%BB%F5,380,-598.0,浙商期货
2025-02-05,CU2502,volume,20,%BA%EB%D2%B5%C6%DA%BB%F5,335,10.0,弘业期货
2025-02-05,CU2502,volume,999,TOTAL,17760,,TOTAL
2025-02-05,CU2502,long,1,%BD%F0%C8%F0%C6%DA%BB%F5,6385,-105.0,金瑞期货
2025-02-05,CU2502,long,2,%B7%BD%D5%FD%D6%D0%C6%DA,6360,35.0,方正中期
2025-02-05,CU2502,long,3,%CD%AD%B9%DA%BD%F0%D4%B4,3800,-195.0,铜冠金源
2025-02-05,CU2502,long,4,%CE%E5%BF%F3%C6%DA%BB%F5,3345,-320.0,五矿期货
2025-02-05,CU2502,long,5,%D6%D0%D0%C5%C6%DA%BB%F5,3240,-320.0,中信期货
2025-02-05,CU2502,long,6,%D2%F8%BA%D3%C6%DA%BB%F5,3080,-495.0,银河期货
2025-02-05,CU2502,long,7,%D6%D0%BA%BD%C6%DA%BB%F5,2120,-35.0,中航期货
2025-02-05,CU2502,long,8,%B9%FA%C3%B3%C6%DA%BB%F5,2060,355.0,国贸期货
2025-02-05,CU2502,long,9,%BA%EB%D2%B5%C6%DA%BB%F5,1805,-145.0,弘业期货
2025-02-05,CU2502,long,10,%C4%CF%BB%AA%C6%DA%BB%F5,1560,-90.0,南华期货
2025-02-05,CU2502,long,11,%B9%E2%B4%F3%C6%DA%BB%F5,1155,-5.0,光大期货
2025-02-05,CU2502,long,12,%B6%AB%CE%E2%C6%DA%BB%F5,1110,-400.0,东吴期货
2025-02-05,CU2502,long,13,%BB%AA%CC%A9%C6%DA%BB%F5,1015,-85.0,华泰期货
2025-02-05,CU2502,long,14,%C9%BD%BD%F0%C6%DA%BB%F5,1000,0.0,山金期货
2025-02-05,CU2502,long,15,%C9%EA%CD%F2%C6%DA%BB%F5,990,5.0,申万期货
2025-02-05,CU2502,long,16,%B9%FA%CC%A9%BE%FD%B0%B2,810,-630.0,国泰君安
2025-02-05,CU2502,long,17,%D0%CB%D2%B5%C6%DA%BB%F5,725,0.0,兴业期货
2025-02-05,CU2502,long,18,%CE%EF%B2%FA%D6%D0%B4%F3,710,5.0,物产中大
2025-02-05,CU2502,long,19,%BB%AA%F6%CE%C6%DA%BB%F5,670,-60.0,华鑫期货
2025-02-05,CU2502,long,20,%BB%AA%BD%F0%C6%DA%BB%F5,650,0.0,华金期货
2025-02-05,CU2502,long,999,TOTAL,42590,,TOTAL
2025-02-05,CU2502,short,1,%BD%F0%C8%F0%C6%DA%BB%F5,6870,-830.0,金瑞期货
2025-02-05,CU2502,short,2,%D6%D0%D0%C5%C6%DA%BB%F5,5640,195.0,中信期货
2025-02-05,CU2502,short,3,%B9%FA%CD%B6%B0%B2%D0%C5,5200,-305.0,国投安信
2025-02-05,CU2502,short,4,%CE%E5%BF%F3%C6%DA%BB%F5,2660,20.0,五矿期货
2025-02-05,CU2502,short,5,%B9%FA%CC%A9%BE%FD%B0%B2,2435,-135.0,国泰君安
2025-02-05,CU2502,short,6,%BD%A8%D0%C5%C6%DA%BB%F5,2170,-45.0,建信期货
2025-02-05,CU2502,short,7,%BB%AA%B0%B2%C6%DA%BB%F5,1870,15.0,华安期货
2025-02-05,CU2502,short,8,%D6%D0%C1%B8%C6%DA%BB%F5,1740,195.0,中粮期货
2025-02-05,CU2502,short,9,%CD%AD%B9%DA%BD%F0%D4%B4,1580,-95.0,铜冠金源
2025-02-05,CU2502,short,10,%C4%CF%BB%AA%C6%DA%BB%F5,1495,0.0,南华期货
2025-02-05,CU2502,short,11,%B6%AB%D6%A4%C6%DA%BB%F5,1325,-470.0,东证期货
2025-02-05,CU2502,short,12,%B9%E3%B7%A2%C6%DA%BB%F5,1200,215.0,广发期货
2025-02-05,CU2502,short,13,%D7%CF%BD%F0%CC%EC%B7%E7,950,40.0,紫金天风
2025-02-05,CU2502,short,14,%D0%CB%D2%B5%C6%DA%BB%F5,945,140.0,兴业期货
2025-02-05,CU2502,short,15,%D2%BB%B5%C2%C6%DA%BB%F5,890,35.0,一德期货
2025-02-05,CU2502,short,16,%B9%E2%B4%F3%C6%DA%BB%F5,835,-545.0,光大期货
2025-02-05,CU2502,short,17,%D4%C6%B3%BF%C6%DA%BB%F5,805,-75.0,云晨期货
2025-02-05,CU2502,short,18,%B9%FA%C3%B3%C6%DA%BB%F5,690,-330.0,国贸期货
2025-02-05,CU2502,short,19,%C9%BD%BD%F0%C6%DA%BB%F5,645,-40.0,山金期货
2025-02-05,CU2502,short,20,%BA%A3%CD%A8%C6%DA%BB%F5,615,-415.0,海通期货
2025-02-05,CU2502,short,999,TOTAL,40560,,TOTAL
2025-02-06,CU2502,volume,1,%BD%F0%C8%F0%C6%DA%BB%F5,4915,2270.0,金瑞期货
2025-02-06,CU2502,volume,2,%D4%C6%B3%BF%C6%DA%BB%F5,3255,1900.0,云晨期货
2025-02-06,CU2502,volume,3,%B9%FA%CD%B6%B0%B2%D0%C5,2530,2225.0,国投安信
2025-02-06,CU2502,volume,4,%D2%F8%BA%D3%C6%DA%BB%F5,2450,1150.0,银河期货
2025-02-06,CU2502,volume,5,%B7%BD%D5%FD%D6%D0%C6%DA,2380,1985.0,方正中期
2025-02-06,CU2502,volume,6,%B6%AB%D6%A4%C6%DA%BB%F5,2250,930.0,东证期货
2025-02-06,CU2502,volume,7,%CD%AD%B9%DA%BD%F0%D4%B4,1905,1455.0,铜冠金源
2025-02-06,CU2502,volume,8,%CE%E5%BF%F3%C6%DA%BB%F5,1830,1310.0,五矿期货
2025-02-06,CU2502,volume,9,%B9%FA%C3%B3%C6%DA%BB%F5,1670,635.0,国贸期货
2025-02-06,CU2502,volume,10,%B9%FA%CC%A9%BE%FD%B0%B2,1610,395.0,国泰君安
2025-02-06,CU2502,volume,11,%D6%D0%D0%C5%C6%DA%BB%F5,1600,445.0,中信期货
2025-02-06,CU2502,volume,12,%BB%AA%CE%C5%C6%DA%BB%F5,1435,965.0,华闻期货
2025-02-06,CU2502,volume,13,%D6%D0%D6%DD%C6%DA%BB%F5,1280,140.0,中州期货
2025-02-06,CU2502,volume,14,%B9%E2%B4%F3%C6%DA%BB%F5,1125,295.0,光大期货
2025-02-06,CU2502,volume,15,%D7%CF%BD%F0%CC%EC%B7%E7,1025,105.0,紫金天风
2025-02-06,CU2502,volume,16,%D6%D0%C1%B8%C6%DA%BB%F5,640,440.0,中粮期货
2025-02-06,CU2502,volume,17,%C9%EA%CD%F2%C6%DA%BB%F5,630,435.0,申万期货
2025-02-06,CU2502,volume,18,%B9%E3%B7%A2%C6%DA%BB%F5,630,235.0,广发期货
2025-02-06,CU2502,volume,19,%BB%AA%B0%B2%C6%DA%BB%F5,625,610.0,华安期货
2025-02-06,CU2502,volume,20,%B1%A6%B3%C7%C6%DA%BB%F5,620,595.0,宝城期货
2025-02-06,CU2502,volume,999,TOTAL,34405,,TOTAL
2025-02-06,CU2502,long,1,%BD%F0%C8%F0%C6%DA%BB%F5,5025,-1360.0,金瑞期货
2025-02-06,CU2502,long,2,%B7%BD%D5%FD%D6%D0%C6%DA,4510,-1850.0,方正中期
2025-02-06,CU2502,long,3,%CD%AD%B9%DA%BD%F0%D4%B4,2675,-1125.0,铜冠金源
2025-02-06,CU2502,long,4,%D6%D0%D0%C5%C6%DA%BB%F5,2675,-565.0,中信期货
2025-02-06,CU2502,long,5,%D2%F8%BA%D3%C6%DA%BB%F5,2635,-445.0,银河期货
2025-02-06,CU2502,long,6,%CE%E5%BF%F3%C6%DA%BB%F5,2465,-880.0,五矿期货
2025-02-06,CU2502,long,7,%D6%D0%BA%BD%C6%DA%BB%F5,2040,-80.0,中航期货
2025-02-06,CU2502,long,8,%B9%FA%C3%B3%C6%DA%BB%F5,1905,-155.0,国贸期货
2025-02-06,CU2502,long,9,%BA%EB%D2%B5%C6%DA%BB%F5,1795,-10.0,弘业期货
2025-02-06,CU2502,long,10,%D4%C6%B3%BF%C6%DA%BB%F5,1320,920.0,云晨期货
2025-02-06,CU2502,long,11,%C4%CF%BB%AA%C6%DA%BB%F5,1300,-260.0,南华期货
2025-02-06,CU2502,long,12,%B9%FA%CC%A9%BE%FD%B0%B2,1245,435.0,国泰君安
2025-02-06,CU2502,long,13,%B9%E2%B4%F3%C6%DA%BB%F5,1170,15.0,光大期货
2025-02-06,CU2502,long,14,%B6%AB%CE%E2%C6%DA%BB%F5,1095,-15.0,东吴期货
2025-02-06,CU2502,long,15,%C9%BD%BD%F0%C6%DA%BB%F5,1000,0.0,山金期货
2025-02-06,CU2502,long,16,%BB%AA%CC%A9%C6%DA%BB%F5,970,-45.0,华泰期货
2025-02-06,CU2502,long,17,%C9%EA%CD%F2%C6%DA%BB%F5,850,-140.0,申万期货
2025-02-06,CU2502,long,18,%D0%CB%D2%B5%C6%DA%BB%F5,705,-20.0,兴业期货
2025-02-06,CU2502,long,19,%BB%AA%BD%F0%C6%DA%BB%F5,650,0.0,华金期货
2025-02-06,CU2502,long,20,%B6%AB%D6%A4%C6%DA%BB%F5,640,70.0,东证期货
2025-02-06,CU2502,long,999,TOTAL,36670,,TOTAL
2025-02-06,CU2502,short,1,%BD%F0%C8%F0%C6%DA%BB%F5,5995,-875.0,金瑞期货
2025-02-06,CU2502,short,2,%D6%D0%D0%C5%C6%DA%BB%F5,5075,-565.0,中信期货
2025-02-06,CU2502,short,3,%CE%E5%BF%F3%C6%DA%BB%F5,3050,390.0,五矿期货
2025-02-06,CU2502,short,4,%B9%FA%CD%B6%B0%B2%D0%C5,2670,-2530.0,国投安信
2025-02-06,CU2502,short,5,%B9%FA%CC%A9%BE%FD%B0%B2,2660,225.0,国泰君安
2025-02-06,CU2502,short,6,%BD%A8%D0%C5%C6%DA%BB%F5,1950,-220.0,建信期货
2025-02-06,CU2502,short,7,%C4%CF%BB%AA%C6%DA%BB%F5,1495,0.0,南华期货
2025-02-06,CU2502,short,8,%D4%C6%B3%BF%C6%DA%BB%F5,1490,685.0,云晨期货
2025-02-06,CU2502,short,9,%CD%AD%B9%DA%BD%F0%D4%B4,1440,-140.0,铜冠金源
2025-02-06,CU2502,short,10,%B9%E3%B7%A2%C6%DA%BB%F5,1425,225.0,广发期货
2025-02-06,CU2502,short,11,%BB%AA%B0%B2%C6%DA%BB%F5,1275,-595.0,华安期货
2025-02-06,CU2502,short,12,%D6%D0%C1%B8%C6%DA%BB%F5,1130,-610.0,中粮期货
2025-02-06,CU2502,short,13,%D0%CB%D2%B5%C6%DA%BB%F5,1065,120.0,兴业期货
2025-02-06,CU2502,short,14,%B9%E2%B4%F3%C6%DA%BB%F5,1035,200.0,光大期货
2025-02-06,CU2502,short,15,%D2%BB%B5%C2%C6%DA%BB%F5,910,20.0,一德期货
2025-02-06,CU2502,short,16,%B6%AB%D6%A4%C6%DA%BB%F5,705,-620.0,东证期货
2025-02-06,CU2502,short,17,%B9%FA%C3%B3%C6%DA%BB%F5,695,5.0,国贸期货
2025-02-06,CU2502,short,18,%D7%CF%BD%F0%CC%EC%B7%E7,685,-265.0,紫金天风
2025-02-06,CU2502,short,19,%D2%F8%BA%D3%C6%DA%BB%F5,645,85.0,银河期货
2025-02-06,CU2502,short,20,%BA%A3%CD%A8%C6%DA%BB%F5,580,-35.0,海通期货
2025-02-06,CU2502,short,999,TOTAL,35975,,TOTAL
2025-02-07,CU2502,volume,1,%BD%F0%C8%F0%C6%DA%BB%F5,6360,1445.0,金瑞期货
2025-02-07,CU2502,volume,2,%D4%C6%B3%BF%C6%DA%BB%F5,3930,675.0,云晨期货
2025-02-07,CU2502,volume,3,%D6%D0%D6%DD%C6%DA%BB%F5,2520,1240.0,中州期货
2025-02-07,CU2502,volume,4,%D6%D0%D0%C5%C6%DA%BB%F5,1900,300.0,中信期货
2025-02-07,CU2502,volume,5,%BB%AA%CE%C5%C6%DA%BB%F5,1850,415.0,华闻期货
2025-02-07,CU2502,volume,6,%CD%AD%B9%DA%BD%F0%D4%B4,1810,-95.0,铜冠金源
2025-02-07,CU2502,volume,7,%B9%FA%C3%B3%C6%DA%BB%F5,1695,25.0,国贸期货
2025-02-07,CU2502,volume,8,%CE%E5%BF%F3%C6%DA%BB%F5,1280,-550.0,五矿期货
2025-02-07,CU2502,volume,9,%D2%F8%BA%D3%C6%DA%BB%F5,1255,-1195.0,银河期货
2025-02-07,CU2502,volume,10,%BD%A8%D0%C5%C6%DA%BB%F5,1165,720.0,建信期货
2025-02-07,CU2502,volume,11,%B9%E3%B7%A2%C6%DA%BB%F5,1120,490.0,广发期货
2025-02-07,CU2502,volume,12,%B9%E2%B4%F3%C6%DA%BB%F5,1005,-120.0,光大期货
2025-02-07,CU2502,volume,13,%C9%EA%CD%F2%C6%DA%BB%F5,945,315.0,申万期货
2025-02-07,CU2502,volume,14,%B6%AB%D6%A4%C6%DA%BB%F5,920,-1330.0,东证期货
2025-02-07,CU2502,volume,15,%B7%BD%D5%FD%D6%D0%C6%DA,795,-1585.0,方正中期
2025-02-07,CU2502,volume,16,%B9%FA%CC%A9%BE%FD%B0%B2,730,-880.0,国泰君安
2025-02-07,CU2502,volume,17,%B9%FA%CD%B6%B0%B2%D0%C5,530,-2000.0,国投安信
2025-02-07,CU2502,volume,18,%BB%AA%F6%CE%C6%DA%BB%F5,510,-5.0,华鑫期货
2025-02-07,CU2502,volume,19,%BB%AA%B0%B2%C6%DA%BB%F5,455,-170.0,华安期货
2025-02-07,CU2502,volume,20,%D7%CF%BD%F0%CC%EC%B7%E7,455,-570.0,紫金天风
2025-02-07,CU2502,volume,999,TOTAL,31230,,TOTAL
2025-02-07,CU2502,long,1,%BD%F0%C8%F0%C6%DA%BB%F5,4695,-330.0,金瑞期货
2025-02-07,CU2502,long,2,%B7%BD%D5%FD%D6%D0%C6%DA,4000,-510.0,方正中期
2025-02-07,CU2502,long,3,%CE%E5%BF%F3%C6%DA%BB%F5,2475,10.0,五矿期货
2025-02-07,CU2502,long,4,%D6%D0%D0%C5%C6%DA%BB%F5,2315,-360.0,中信期货
2025-02-07,CU2502,long,5,%CD%AD%B9%DA%BD%F0%D4%B4,2250,-425.0,铜冠金源
2025-02-07,CU2502,long,6,%D2%F8%BA%D3%C6%DA%BB%F5,2085,-550.0,银河期货
2025-02-07,CU2502,long,7,%D6%D0%BA%BD%C6%DA%BB%F5,1860,-180.0,中航期货
2025-02-07,CU2502,long,8,%BA%EB%D2%B5%C6%DA%BB%F5,1580,-215.0,弘业期货
2025-02-07,CU2502,long,9,%B9%FA%CC%A9%BE%FD%B0%B2,1440,195.0,国泰君安
2025-02-07,CU2502,long,10,%B9%FA%C3%B3%C6%DA%BB%F5,1365,-540.0,国贸期货
2025-02-07,CU2502,long,11,%C4%CF%BB%AA%C6%DA%BB%F5,1215,-85.0,南华期货
2025-02-07,CU2502,long,12,%B6%AB%CE%E2%C6%DA%BB%F5,1095,0.0,东吴期货
2025-02-07,CU2502,long,13,%B9%E2%B4%F3%C6%DA%BB%F5,1005,-165.0,光大期货
2025-02-07,CU2502,long,14,%C9%BD%BD%F0%C6%DA%BB%F5,1000,0.0,山金期货
2025-02-07,CU2502,long,15,%BB%AA%CC%A9%C6%DA%BB%F5,910,-60.0,华泰期货
2025-02-07,CU2502,long,16,%BB%AA%BD%F0%C6%DA%BB%F5,800,150.0,华金期货
2025-02-07,CU2502,long,17,%D4%C6%B3%BF%C6%DA%BB%F5,730,-590.0,云晨期货
2025-02-07,CU2502,long,18,%D0%CB%D2%B5%C6%DA%BB%F5,685,-20.0,兴业期货
2025-02-07,CU2502,long,19,%B9%E3%D6%DD%C6%DA%BB%F5,515,-30.0,广州期货
2025-02-07,CU2502,long,20,%D6%D0%D0%C5%BD%A8%CD%B6,475,60.0,中信建投
2025-02-07,CU2502,long,999,TOTAL,32495,,TOTAL
2025-02-07,CU2502,short,1,%D6%D0%D0%C5%C6%DA%BB%F5,4615,-460.0,中信期货
2025-02-07,CU2502,short,2,%BD%F0%C8%F0%C6%DA%BB%F5,3985,-2010.0,金瑞期货
2025-02-07,CU2502,short,3,%CE%E5%BF%F3%C6%DA%BB%F5,3160,110.0,五矿期货
2025-02-07,CU2502,short,4,%B9%FA%CC%A9%BE%FD%B0%B2,2565,-95.0,国泰君安
2025-02-07,CU2502,short,5,%B9%FA%CD%B6%B0%B2%D0%C5,2150,-520.0,国投安信
2025-02-07,CU2502,short,6,%C4%CF%BB%AA%C6%DA%BB%F5,1515,20.0,南华期货
2025-02-07,CU2502,short,7,%CD%AD%B9%DA%BD%F0%D4%B4,1355,-85.0,铜冠金源
2025-02-07,CU2502,short,8,%D0%CB%D2%B5%C6%DA%BB%F5,1270,205.0,兴业期货
2025-02-07,CU2502,short,9,%BD%A8%D0%C5%C6%DA%BB%F5,1055,-895.0,建信期货
2025-02-07,CU2502,short,10,%D6%D0%C1%B8%C6%DA%BB%F5,1050,-80.0,中粮期货
2025-02-07,CU2502,short,11,%D2%BB%B5%C2%C6%DA%BB%F5,1035,125.0,一德期货
2025-02-07,CU2502,short,12,%BB%AA%B0%B2%C6%DA%BB%F5,850,-425.0,华安期货
2025-02-07,CU2502,short,13,%B9%E2%B4%F3%C6%DA%BB%F5,825,-210.0,光大期货
2025-02-07,CU2502,short,14,%B6%AB%D6%A4%C6%DA%BB%F5,645,-60.0,东证期货
2025-02-07,CU2502,short,15,%B9%E3%B7%A2%C6%DA%BB%F5,620,-805.0,广发期货
2025-02-07,CU2502,short,16,%B9%FA%C3%B3%C6%DA%BB%F5,600,-95.0,国贸期货
2025-02-07,CU2502,short,17,%D7%CF%BD%F0%CC%EC%B7%E7,600,-85.0,紫金天风
2025-02-07,CU2502,short,18,%BA%A3%CD%A8%C6%DA%BB%F5,585,5.0,海通期货
2025-02-07,CU2502,short,19,%C2%F5%BF%C6%C6%DA%BB%F5,530,0.0,迈科期货
2025-02-07,CU2502,short,20,%D2%F8%BA%D3%C6%DA%BB%F5,490,-155.0,银河期货
2025-02-07,CU2502,short,999,TOTAL,29500,,TOTAL
2025-02-24,CU2503,volume,1,%B9%FA%CC%A9%BE%FD%B0%B2,17169,3046.0,国泰君安
2025-02-24,CU2503,volume,2,%D6%D0%D0%C5%C6%DA%BB%F5,15510,-794.0,中信期货
2025-02-24,CU2503,volume,3,%B6%AB%D6%A4%C6%DA%BB%F5,6938,-6548.0,东证期货
2025-02-24,CU2503,volume,4,%BD%F0%C8%F0%C6%DA%BB%F5,6496,1579.0,金瑞期货
2025-02-24,CU2503,volume,5,%BB%AA%CC%A9%C6%DA%BB%F5,5954,-908.0,华泰期货
2025-02-24,CU2503,volume,6,%BA%A3%CD%A8%C6%DA%BB%F5,3557,-279.0,海通期货
2025-02-24,CU2503,volume,7,%B9%FA%CD%B6%B0%B2%D0%C5,3383,2455.0,国投安信
2025-02-24,CU2503,volume,8,%D2%F8%BA%D3%C6%DA%BB%F5,3282,-145.0,银河期货
2025-02-24,CU2503,volume,9,%CD%AD%B9%DA%BD%F0%D4%B4,2906,-24.0,铜冠金源
2025-02-24,CU2503,volume,10,%B7%BD%D5%FD%D6%D0%C6%DA,2640,241.0,方正中期
2025-02-24,CU2503,volume,11,%D6%D0%BD%F0%B2%C6%B8%BB,2310,2237.0,中金财富
2025-02-24,CU2503,volume,12,%D6%D0%CC%A9%C6%DA%BB%F5,2271,746.0,中泰期货
2025-02-24,CU2503,volume,13,%B9%E3%B7%A2%C6%DA%BB%F5,2233,-816.0,广发期货
2025-02-24,CU2503,volume,14,%C4%CF%BB%AA%C6%DA%BB%F5,2219,31.0,南华期货
2025-02-24,CU2503,volume,15,%B9%E2%B4%F3%C6%DA%BB%F5,2109,-1080.0,光大期货
2025-02-24,CU2503,volume,16,%D4%C6%B3%BF%C6%DA%BB%F5,1798,-476.0,云晨期货
2025-02-24,CU2503,volume,17,%D5%D0%C9%CC%C6%DA%BB%F5,1779,1172.0,招商期货
2025-02-24,CU2503,volume,18,%CE%E5%BF%F3%C6%DA%BB%F5,1497,-187.0,五矿期货
2025-02-24,CU2503,volume,19,%D5%E3%C9%CC%C6%DA%BB%F5,1416,-195.0,浙商期货
2025-02-24,CU2503,volume,20,%B9%FA%C3%B3%C6%DA%BB%F5,1400,433.0,国贸期货
2025-02-24,CU2503,volume,999,TOTAL,86867,,TOTAL
2025-02-24,CU2503,long,1,%D4%C6%B3%BF%C6%DA%BB%F5,9413,657.0,云晨期货
2025-02-24,CU2503,long,2,%D6%D0%D0%C5%C6%DA%BB%F5,9328,-819.0,中信期货
2025-02-24,CU2503,long,3,%CD%AD%B9%DA%BD%F0%D4%B4,8923,343.0,铜冠金源
2025-02-24,CU2503,long,4,%BD%F0%C8%F0%C6%DA%BB%F5,7128,-983.0,金瑞期货
2025-02-24,CU2503,long,5,%B9%FA%CC%A9%BE%FD%B0%B2,6999,-2391.0,国泰君安
2025-02-24,CU2503,long,6,%B9%FA%C3%B3%C6%DA%BB%F5,5594,-258.0,国贸期货
2025-02-24,CU2503,long,7,%B7%BD%D5%FD%D6%D0%C6%DA,5557,-157.0,方正中期
2025-02-24,CU2503,long,8,%B6%AB%D6%A4%C6%DA%BB%F5,5170,-824.0,东证期货
2025-02-24,CU2503,long,9,%D2%F8%BA%D3%C6%DA%BB%F5,4721,-411.0,银河期货
2025-02-24,CU2503,long,10,%CE%E5%BF%F3%C6%DA%BB%F5,4091,-125.0,五矿期货
2025-02-24,CU2503,long,11,%B6%AB%CE%E2%C6%DA%BB%F5,3929,-233.0,东吴期货
2025-02-24,CU2503,long,12,%C4%CF%BB%AA%C6%DA%BB%F5,3121,-703.0,南华期货
2025-02-24,CU2503,long,13,%BA%EB%D2%B5%C6%DA%BB%F5,2991,-55.0,弘业期货
2025-02-24,CU2503,long,14,%B9%E2%B4%F3%C6%DA%BB%F5,2517,-249.0,光大期货
2025-02-24,CU2503,long,15,%D6%D0%BA%BD%C6%DA%BB%F5,2354,-177.0,中航期货
2025-02-24,CU2503,long,16,%B9%E3%D6%DD%C6%DA%BB%F5,2303,-547.0,广州期货
2025-02-24,CU2503,long,17,%BA%A3%CD%A8%C6%DA%BB%F5,2113,-286.0,海通期货
2025-02-24,CU2503,long,18,%B9%E3%B7%A2%C6%DA%BB%F5,1652,9.0,广发期货
2025-02-24,CU2503,long,19,%D0%CB%D2%B5%C6%DA%BB%F5,1481,36.0,兴业期货
2025-02-24,CU2503,long,20,%BB%AA%CC%A9%C6%DA%BB%F5,1446,-413.0,华泰期货
2025-02-24,CU2503,long,999,TOTAL,90831,,TOTAL
2025-02-24,CU2503,short,1,%BD%F0%C8%F0%C6%DA%BB%F5,16236,-1350.0,金瑞期货
2025-02-24,CU2503,short,2,%D6%D0%D0%C5%C6%DA%BB%F5,11943,-903.0,中信期货
2025-02-24,CU2503,short,3,%B9%FA%CC%A9%BE%FD%B0%B2,10242,-1613.0,国泰君安
2025-02-24,CU2503,short,4,%B9%E2%B4%F3%C6%DA%BB%F5,3978,14.0,光大期货
2025-02-24,CU2503,short,5,%B9%FA%CD%B6%B0%B2%D0%C5,3505,-10.0,国投安信
2025-02-24,CU2503,short,6,%C9%BD%BD%F0%C6%DA%BB%F5,3470,88.0,山金期货
2025-02-24,CU2503,short,7,%BD%A8%D0%C5%C6%DA%BB%F5,3378,-70.0,建信期货
2025-02-24,CU2503,short,8,%B7%BD%D5%FD%D6%D0%C6%DA,3006,6.0,方正中期
2025-02-24,CU2503,short,9,%CE%E5%BF%F3%C6%DA%BB%F5,2791,-452.0,五矿期货
2025-02-24,CU2503,short,10,%BA%A3%CD%A8%C6%DA%BB%F5,2714,-506.0,海通期货
2025-02-24,CU2503,short,11,%D0%CB%D2%B5%C6%DA%BB%F5,2689,178.0,兴业期货
2025-02-24,CU2503,short,12,%CE%EF%B2%FA%D6%D0%B4%F3,2656,51.0,物产中大
2025-02-24,CU2503,short,13,%CD%AD%B9%DA%BD%F0%D4%B4,2302,-107.0,铜冠金源
2025-02-24,CU2503,short,14,%B9%FA%C3%B3%C6%DA%BB%F5,2231,-315.0,国贸期货
2025-02-24,CU2503,short,15,%C4%CF%BB%AA%C6%DA%BB%F5,2195,120.0,南华期货
2025-02-24,CU2503,short,16,%B6%AB%D6%A4%C6%DA%BB%F5,2099,-370.0,东证期货
2025-02-24,CU2503,short,17,%D2%F8%BA%D3%C6%DA%BB%F5,2070,-530.0,银河期货
2025-02-24,CU2503,short,18,%D7%CF%BD%F0%CC%EC%B7%E7,1975,-39.0,紫金天风
2025-02-24,CU2503,short,19,%BB%AA%CC%A9%C6%DA%BB%F5,1939,-553.0,华泰期货
2025-02-24,CU2503,short,20,%BB%AA%B0%B2%C6%DA%BB%F5,1672,-129.0,华安期货
2025-02-24,CU2503,short,999,TOTAL,83091,,TOTAL
2025-02-27,CU2503,volume,1,%D6%D0%D0%C5%C6%DA%BB%F5,5463,-3072.0,中信期货
2025-02-27,CU2503,volume,2,%B9%FA%CC%A9%BE%FD%B0%B2,4744,-4364.0,国泰君安
2025-02-27,CU2503,volume,3,%BD%F0%C8%F0%C6%DA%BB%F5,4344,-2356.0,金瑞期货
2025-02-27,CU2503,volume,4,%B6%AB%D6%A4%C6%DA%BB%F5,3847,-1288.0,东证期货
2025-02-27,CU2503,volume,5,%B7%BD%D5%FD%D6%D0%C6%DA,3102,142.0,方正中期
2025-02-27,CU2503,volume,6,%BA%A3%CD%A8%C6%DA%BB%F5,2623,-1645.0,海通期货
2025-02-27,CU2503,volume,7,%CD%AD%B9%DA%BD%F0%D4%B4,2127,-585.0,铜冠金源
2025-02-27,CU2503,volume,8,%B9%E2%B4%F3%C6%DA%BB%F5,1730,-674.0,光大期货
2025-02-27,CU2503,volume,9,%CE%E5%BF%F3%C6%DA%BB%F5,1688,-188.0,五矿期货
2025-02-27,CU2503,volume,10,%D2%F8%BA%D3%C6%DA%BB%F5,1637,-1032.0,银河期货
2025-02-27,CU2503,volume,11,%C4%CF%BB%AA%C6%DA%BB%F5,1576,-1109.0,南华期货
2025-02-27,CU2503,volume,12,%D4%C6%B3%BF%C6%DA%BB%F5,1569,312.0,云晨期货
2025-02-27,CU2503,volume,13,%B9%E3%B7%A2%C6%DA%BB%F5,1278,-347.0,广发期货
2025-02-27,CU2503,volume,14,%BA%EB%D2%B5%C6%DA%BB%F5,1064,519.0,弘业期货
2025-02-27,CU2503,volume,15,%BB%AA%CC%A9%C6%DA%BB%F5,999,-1267.0,华泰期货
2025-02-27,CU2503,volume,16,%B1%A6%B3%C7%C6%DA%BB%F5,979,-422.0,宝城期货
2025-02-27,CU2503,volume,17,%B9%FA%C3%B3%C6%DA%BB%F5,973,-447.0,国贸期货
2025-02-27,CU2503,volume,18,%CE%EF%B2%FA%D6%D0%B4%F3,935,-458.0,物产中大
2025-02-27,CU2503,volume,19,%D6%D0%D0%C5%BD%A8%CD%B6,774,164.0,中信建投
2025-02-27,CU2503,volume,20,%B6%AB%CE%E2%C6%DA%BB%F5,710,249.0,东吴期货
2025-02-27,CU2503,volume,999,TOTAL,42162,,TOTAL
2025-02-27,CU2503,long,1,%D4%C6%B3%BF%C6%DA%BB%F5,8596,-111.0,云晨期货
2025-02-27,CU2503,long,2,%CD%AD%B9%DA%BD%F0%D4%B4,7301,-570.0,铜冠金源
2025-02-27,CU2503,long,3,%D6%D0%D0%C5%C6%DA%BB%F5,5597,-834.0,中信期货
2025-02-27,CU2503,long,4,%B9%FA%C3%B3%C6%DA%BB%F5,4292,-294.0,国贸期货
2025-02-27,CU2503,long,5,%BD%F0%C8%F0%C6%DA%BB%F5,4166,111.0,金瑞期货
2025-02-27,CU2503,long,6,%B9%FA%CC%A9%BE%FD%B0%B2,3931,-596.0,国泰君安
2025-02-27,CU2503,long,7,%CE%E5%BF%F3%C6%DA%BB%F5,3194,-948.0,五矿期货
2025-02-27,CU2503,long,8,%B6%AB%CE%E2%C6%DA%BB%F5,3071,-677.0,东吴期货
2025-02-27,CU2503,long,9,%B6%AB%D6%A4%C6%DA%BB%F5,2870,-792.0,东证期货
2025-02-27,CU2503,long,10,%D2%F8%BA%D3%C6%DA%BB%F5,2321,-704.0,银河期货
2025-02-27,CU2503,long,11,%BA%EB%D2%B5%C6%DA%BB%F5,2035,-408.0,弘业期货
2025-02-27,CU2503,long,12,%D6%D0%BA%BD%C6%DA%BB%F5,2021,13.0,中航期货
2025-02-27,CU2503,long,13,%B7%BD%D5%FD%D6%D0%C6%DA,1862,-1985.0,方正中期
2025-02-27,CU2503,long,14,%B9%E2%B4%F3%C6%DA%BB%F5,1565,-400.0,光大期货
2025-02-27,CU2503,long,15,%D6%D0%CC%A9%C6%DA%BB%F5,1227,50.0,中泰期货
2025-02-27,CU2503,long,16,%B9%E3%D6%DD%C6%DA%BB%F5,1112,-122.0,广州期货
2025-02-27,CU2503,long,17,%D0%CB%D2%B5%C6%DA%BB%F5,1107,-37.0,兴业期货
2025-02-27,CU2503,long,18,%D3%C0%B0%B2%C6%DA%BB%F5,1060,-61.0,永安期货
2025-02-27,CU2503,long,19,%D6%D0%D0%C5%BD%A8%CD%B6,989,-242.0,中信建投
2025-02-27,CU2503,long,20,%BB%AA%BD%F0%C6%DA%BB%F5,980,-2.0,华金期货
2025-02-27,CU2503,long,999,TOTAL,59297,,TOTAL
2025-02-27,CU2503,short,1,%BD%F0%C8%F0%C6%DA%BB%F5,7877,-1537.0,金瑞期货
2025-02-27,CU2503,short,2,%D6%D0%D0%C5%C6%DA%BB%F5,6955,-1661.0,中信期货
2025-02-27,CU2503,short,3,%B9%FA%CC%A9%BE%FD%B0%B2,6601,-804.0,国泰君安
2025-02-27,CU2503,short,4,%B9%FA%CD%B6%B0%B2%D0%C5,3678,28.0,国投安信
2025-02-27,CU2503,short,5,%C9%BD%BD%F0%C6%DA%BB%F5,3511,-195.0,山金期货
2025-02-27,CU2503,short,6,%B9%FA%C3%B3%C6%DA%BB%F5,2432,25.0,国贸期货
2025-02-27,CU2503,short,7,%B9%E2%B4%F3%C6%DA%BB%F5,2134,-210.0,光大期货
2025-02-27,CU2503,short,8,%BD%A8%D0%C5%C6%DA%BB%F5,2049,-422.0,建信期货
2025-02-27,CU2503,short,9,%CD%AD%B9%DA%BD%F0%D4%B4,1807,-135.0,铜冠金源
2025-02-27,CU2503,short,10,%D2%F8%BA%D3%C6%DA%BB%F5,1775,113.0,银河期货
2025-02-27,CU2503,short,11,%CE%EF%B2%FA%D6%D0%B4%F3,1710,-507.0,物产中大
2025-02-27,CU2503,short,12,%C4%CF%BB%AA%C6%DA%BB%F5,1672,-321.0,南华期货
2025-02-27,CU2503,short,13,%D0%CB%D2%B5%C6%DA%BB%F5,1589,-46.0,兴业期货
2025-02-27,CU2503,short,14,%D7%CF%BD%F0%CC%EC%B7%E7,1544,-14.0,紫金天风
2025-02-27,CU2503,short,15,%CE%E5%BF%F3%C6%DA%BB%F5,1497,-336.0,五矿期货
2025-02-27,CU2503,short,16,%BB%AA%B0%B2%C6%DA%BB%F5,1469,-68.0,华安期货
2025-02-27,CU2503,short,17,%B7%BD%D5%FD%D6%D0%C6%DA,1429,-581.0,方正中期
2025-02-27,CU2503,short,18,%B6%AB%D6%A4%C6%DA%BB%F5,1392,-351.0,东证期货
2025-02-27,CU2503,short,19,%D6%D0%CC%A9%C6%DA%BB%F5,1269,-133.0,中泰期货
2025-02-27,CU2503,short,20,%C2%F5%BF%C6%C6%DA%BB%F5,1194,-4.0,迈科期货
2025-02-27,CU2503,short,999,TOTAL,53584,,TOTAL
2025-02-28,CU2503,volume,1,%BD%F0%C8%F0%C6%DA%BB%F5,4715,371.0,金瑞期货
2025-02-28,CU2503,volume,2,%B6%AB%D6%A4%C6%DA%BB%F5,3837,-10.0,东证期货
2025-02-28,CU2503,volume,3,%B9%FA%CC%A9%BE%FD%B0%B2,3666,-1078.0,国泰君安
2025-02-28,CU2503,volume,4,%CE%EF%B2%FA%D6%D0%B4%F3,2702,1767.0,物产中大
2025-02-28,CU2503,volume,5,%D6%D0%D0%C5%C6%DA%BB%F5,2576,-2887.0,中信期货
2025-02-28,CU2503,volume,6,%CD%AD%B9%DA%BD%F0%D4%B4,2186,59.0,铜冠金源
2025-02-28,CU2503,volume,7,%B7%BD%D5%FD%D6%D0%C6%DA,1840,-1262.0,方正中期
2025-02-28,CU2503,volume,8,%B9%E2%B4%F3%C6%DA%BB%F5,1750,20.0,光大期货
2025-02-28,CU2503,volume,9,%D4%C6%B3%BF%C6%DA%BB%F5,1605,36.0,云晨期货
2025-02-28,CU2503,volume,10,%B9%E3%B7%A2%C6%DA%BB%F5,1503,225.0,广发期货
2025-02-28,CU2503,volume,11,%D6%D0%CC%A9%C6%DA%BB%F5,1502,1019.0,中泰期货
2025-02-28,CU2503,volume,12,%BA%A3%CD%A8%C6%DA%BB%F5,1407,-1216.0,海通期货
2025-02-28,CU2503,volume,13,%D2%F8%BA%D3%C6%DA%BB%F5,1321,-316.0,银河期货
2025-02-28,CU2503,volume,14,%D0%C2%BA%FE%C6%DA%BB%F5,1310,807.0,新湖期货
2025-02-28,CU2503,volume,15,%B9%FA%C3%B3%C6%DA%BB%F5,1206,233.0,国贸期货
2025-02-28,CU2503,volume,16,%B9%E3%D6%DD%C6%DA%BB%F5,1077,753.0,广州期货
2025-02-28,CU2503,volume,17,%D5%E3%C9%CC%C6%DA%BB%F5,1061,386.0,浙商期货
2025-02-28,CU2503,volume,18,%C9%BD%BD%F0%C6%DA%BB%F5,1011,575.0,山金期货
2025-02-28,CU2503,volume,19,%CE%E5%BF%F3%C6%DA%BB%F5,1008,-680.0,五矿期货
2025-02-28,CU2503,volume,20,%BD%A8%D0%C5%C6%DA%BB%F5,1002,376.0,建信期货
2025-02-28,CU2503,volume,999,TOTAL,38285,,TOTAL
2025-02-28,CU2503,long,1,%D4%C6%B3%BF%C6%DA%BB%F5,8270,-326.0,云晨期货
2025-02-28,CU2503,long,2,%CD%AD%B9%DA%BD%F0%D4%B4,6720,-581.0,铜冠金源
2025-02-28,CU2503,long,3,%D6%D0%D0%C5%C6%DA%BB%F5,4900,-697.0,中信期货
2025-02-28,CU2503,long,4,%B9%FA%C3%B3%C6%DA%BB%F5,4150,-142.0,国贸期货
2025-02-28,CU2503,long,5,%BD%F0%C8%F0%C6%DA%BB%F5,3929,-237.0,金瑞期货
2025-02-28,CU2503,long,6,%CE%E5%BF%F3%C6%DA%BB%F5,3210,16.0,五矿期货
2025-02-28,CU2503,long,7,%B6%AB%CE%E2%C6%DA%BB%F5,2895,-176.0,东吴期货
2025-02-28,CU2503,long,8,%B9%FA%CC%A9%BE%FD%B0%B2,2805,-1126.0,国泰君安
2025-02-28,CU2503,long,9,%D2%F8%BA%D3%C6%DA%BB%F5,2240,-81.0,银河期货
2025-02-28,CU2503,long,10,%B6%AB%D6%A4%C6%DA%BB%F5,2135,-735.0,东证期货
2025-02-28,CU2503,long,11,%D6%D0%BA%BD%C6%DA%BB%F5,1605,-416.0,中航期货
2025-02-28,CU2503,long,12,%BA%EB%D2%B5%C6%DA%BB%F5,1555,-480.0,弘业期货
2025-02-28,CU2503,long,13,%B9%E2%B4%F3%C6%DA%BB%F5,1290,-275.0,光大期货
2025-02-28,CU2503,long,14,%D0%CB%D2%B5%C6%DA%BB%F5,1035,-72.0,兴业期货
2025-02-28,CU2503,long,15,%BB%AA%BD%F0%C6%DA%BB%F5,970,-10.0,华金期货
2025-02-28,CU2503,long,16,%C4%CF%BB%AA%C6%DA%BB%F5,935,-8.0,南华期货
2025-02-28,CU2503,long,17,%BB%AA%CC%A9%C6%DA%BB%F5,935,-42.0,华泰期货
2025-02-28,CU2503,long,18,%D6%D0%D0%C5%BD%A8%CD%B6,930,-59.0,中信建投
2025-02-28,CU2503,long,19,%D3%C0%B0%B2%C6%DA%BB%F5,915,-145.0,永安期货
2025-02-28,CU2503,long,20,%B6%AB%BA%A3%C6%DA%BB%F5,675,59.0,东海期货
2025-02-28,CU2503,long,999,TOTAL,52099,,TOTAL
2025-02-28,CU2503,short,1,%D6%D0%D0%C5%C6%DA%BB%F5,6240,-715.0,中信期货
2025-02-28,CU2503,short,2,%BD%F0%C8%F0%C6%DA%BB%F5,6095,-1782.0,金瑞期货
2025-02-28,CU2503,short,3,%B9%FA%CC%A9%BE%FD%B0%B2,5865,-736.0,国泰君安
2025-02-28,CU2503,short,4,%B9%FA%CD%B6%B0%B2%D0%C5,3585,-93.0,国投安信
2025-02-28,CU2503,short,5,%C9%BD%BD%F0%C6%DA%BB%F5,2740,-771.0,山金期货
2025-02-28,CU2503,short,6,%B9%FA%C3%B3%C6%DA%BB%F5,2320,-112.0,国贸期货
2025-02-28,CU2503,short,7,%B9%E2%B4%F3%C6%DA%BB%F5,1945,-189.0,光大期货
2025-02-28,CU2503,short,8,%BD%A8%D0%C5%C6%DA%BB%F5,1730,-319.0,建信期货
2025-02-28,CU2503,short,9,%D0%CB%D2%B5%C6%DA%BB%F5,1565,-24.0,兴业期货
2025-02-28,CU2503,short,10,%C4%CF%BB%AA%C6%DA%BB%F5,1485,-187.0,南华期货
2025-02-28,CU2503,short,11,%D7%CF%BD%F0%CC%EC%B7%E7,1480,-64.0,紫金天风
2025-02-28,CU2503,short,12,%B6%AB%D6%A4%C6%DA%BB%F5,1460,68.0,东证期货
2025-02-28,CU2503,short,13,%CE%E5%BF%F3%C6%DA%BB%F5,1435,-62.0,五矿期货
2025-02-28,CU2503,short,14,%D2%F8%BA%D3%C6%DA%BB%F5,1425,-350.0,银河期货
2025-02-28,CU2503,short,15,%BB%AA%B0%B2%C6%DA%BB%F5,1365,-104.0,华安期货
2025-02-28,CU2503,short,16,%CD%AD%B9%DA%BD%F0%D4%B4,1360,-447.0,铜冠金源
2025-02-28,CU2503,short,17,%B7%BD%D5%FD%D6%D0%C6%DA,1055,-374.0,方正中期
2025-02-28,CU2503,short,18,%C2%F5%BF%C6%C6%DA%BB%F5,955,-239.0,迈科期货
2025-02-28,CU2503,short,19,%C9%CF%BA%A3%D6%D0%C6%DA,940,155.0,上海中期
2025-02-28,CU2503,short,20,%D6%D0%D0%C5%BD%A8%CD%B6,931,60.0,中信建投
2025-02-28,CU2503,short,999,TOTAL,45976,,TOTAL
2025-03-03,CU2503,volume,1,%BD%F0%C8%F0%C6%DA%BB%F5,4054,-661.0,金瑞期货
2025-03-03,CU2503,volume,2,%B9%FA%CC%A9%BE%FD%B0%B2,2215,-1451.0,国泰君安
2025-03-03,CU2503,volume,3,%D2%F8%BA%D3%C6%DA%BB%F5,1880,559.0,银河期货
2025-03-03,CU2503,volume,4,%D6%D0%D0%C5%C6%DA%BB%F5,1845,-731.0,中信期货
2025-03-03,CU2503,volume,5,%B9%E2%B4%F3%C6%DA%BB%F5,1835,85.0,光大期货
2025-03-03,CU2503,volume,6,%B6%AB%D6%A4%C6%DA%BB%F5,1810,-2027.0,东证期货
2025-03-03,CU2503,volume,7,%CD%AD%B9%DA%BD%F0%D4%B4,1725,-461.0,铜冠金源
2025-03-03,CU2503,volume,8,%BB%AA%CE%C5%C6%DA%BB%F5,1385,1155.0,华闻期货
2025-03-03,CU2503,volume,9,%D6%D0%D6%DD%C6%DA%BB%F5,1090,458.0,中州期货
2025-03-03,CU2503,volume,10,%D4%C6%B3%BF%C6%DA%BB%F5,1040,-565.0,云晨期货
2025-03-03,CU2503,volume,11,%B6%AB%CE%E2%C6%DA%BB%F5,975,648.0,东吴期货
2025-03-03,CU2503,volume,12,%D6%D0%B9%FA%B9%FA%BC%CA,910,663.0,中国国际
2025-03-03,CU2503,volume,13,%C4%CF%BB%AA%C6%DA%BB%F5,825,84.0,南华期货
2025-03-03,CU2503,volume,14,%B7%BD%D5%FD%D6%D0%C6%DA,820,-1020.0,方正中期
2025-03-03,CU2503,volume,15,%B9%FA%C3%B3%C6%DA%BB%F5,810,-396.0,国贸期货
2025-03-03,CU2503,volume,16,%C9%EA%CD%F2%C6%DA%BB%F5,800,69.0,申万期货
2025-03-03,CU2503,volume,17,%CE%E5%BF%F3%C6%DA%BB%F5,735,-273.0,五矿期货
2025-03-03,CU2503,volume,18,%BB%AA%F6%CE%C6%DA%BB%F5,710,3.0,华鑫期货
2025-03-03,CU2503,volume,19,%CE%EF%B2%FA%D6%D0%B4%F3,650,-2052.0,物产中大
2025-03-03,CU2503,volume,20,%D0%CB%D2%B5%C6%DA%BB%F5,620,380.0,兴业期货
2025-03-03,CU2503,volume,999,TOTAL,26734,,TOTAL
2025-03-03,CU2503,long,1,%D4%C6%B3%BF%C6%DA%BB%F5,8220,-50.0,云晨期货
2025-03-03,CU2503,long,2,%CD%AD%B9%DA%BD%F0%D4%B4,5840,-880.0,铜冠金源
2025-03-03,CU2503,long,3,%D6%D0%D0%C5%C6%DA%BB%F5,4285,-615.0,中信期货
2025-03-03,CU2503,long,4,%B9%FA%C3%B3%C6%DA%BB%F5,4065,-85.0,国贸期货
2025-03-03,CU2503,long,5,%CE%E5%BF%F3%C6%DA%BB%F5,3360,150.0,五矿期货
2025-03-03,CU2503,long,6,%BD%F0%C8%F0%C6%DA%BB%F5,2795,-1134.0,金瑞期货
2025-03-03,CU2503,long,7,%B9%FA%CC%A9%BE%FD%B0%B2,2350,-455.0,国泰君安
2025-03-03,CU2503,long,8,%B6%AB%D6%A4%C6%DA%BB%F5,2100,-35.0,东证期货
2025-03-03,CU2503,long,9,%D2%F8%BA%D3%C6%DA%BB%F5,2005,-235.0,银河期货
2025-03-03,CU2503,long,10,%B6%AB%CE%E2%C6%DA%BB%F5,2000,-895.0,东吴期货
2025-03-03,CU2503,long,11,%D6%D0%BA%BD%C6%DA%BB%F5,1620,15.0,中航期货
2025-03-03,CU2503,long,12,%BA%EB%D2%B5%C6%DA%BB%F5,1165,-390.0,弘业期货
2025-03-03,CU2503,long,13,%D0%CB%D2%B5%C6%DA%BB%F5,1020,-15.0,兴业期货
2025-03-03,CU2503,long,14,%BB%AA%BD%F0%C6%DA%BB%F5,970,0.0,华金期货
2025-03-03,CU2503,long,15,%D6%D0%D0%C5%BD%A8%CD%B6,905,-25.0,中信建投
2025-03-03,CU2503,long,16,%D3%C0%B0%B2%C6%DA%BB%F5,885,-30.0,永安期货
2025-03-03,CU2503,long,17,%BB%AA%CC%A9%C6%DA%BB%F5,840,-95.0,华泰期货
2025-03-03,CU2503,long,18,%C4%CF%BB%AA%C6%DA%BB%F5,720,-215.0,南华期货
2025-03-03,CU2503,long,19,%B6%AB%BA%A3%C6%DA%BB%F5,700,25.0,东海期货
2025-03-03,CU2503,long,20,%B9%E2%B4%F3%C6%DA%BB%F5,590,-700.0,光大期货
2025-03-03,CU2503,long,999,TOTAL,46435,,TOTAL
2025-03-03,CU2503,short,1,%D6%D0%D0%C5%C6%DA%BB%F5,5770,-470.0,中信期货
2025-03-03,CU2503,short,2,%B9%FA%CC%A9%BE%FD%B0%B2,5515,-350.0,国泰君安
2025-03-03,CU2503,short,3,%BD%F0%C8%F0%C6%DA%BB%F5,4395,-1700.0,金瑞期货
2025-03-03,CU2503,short,4,%B9%FA%CD%B6%B0%B2%D0%C5,3495,-90.0,国投安信
2025-03-03,CU2503,short,5,%C9%BD%BD%F0%C6%DA%BB%F5,2335,-405.0,山金期货
2025-03-03,CU2503,short,6,%B9%FA%C3%B3%C6%DA%BB%F5,2195,-125.0,国贸期货
2025-03-03,CU2503,short,7,%B9%E2%B4%F3%C6%DA%BB%F5,1640,-305.0,光大期货
2025-03-03,CU2503,short,8,%CD%AD%B9%DA%BD%F0%D4%B4,1545,185.0,铜冠金源
2025-03-03,CU2503,short,9,%BD%A8%D0%C5%C6%DA%BB%F5,1495,-235.0,建信期货
2025-03-03,CU2503,short,10,%B6%AB%D6%A4%C6%DA%BB%F5,1485,25.0,东证期货
2025-03-03,CU2503,short,11,%D7%CF%BD%F0%CC%EC%B7%E7,1415,-65.0,紫金天风
2025-03-03,CU2503,short,12,%BB%AA%B0%B2%C6%DA%BB%F5,1335,-30.0,华安期货
2025-03-03,CU2503,short,13,%D2%F8%BA%D3%C6%DA%BB%F5,1270,-155.0,银河期货
2025-03-03,CU2503,short,14,%C4%CF%BB%AA%C6%DA%BB%F5,1215,-270.0,南华期货
2025-03-03,CU2503,short,15,%CE%E5%BF%F3%C6%DA%BB%F5,1170,-265.0,五矿期货
2025-03-03,CU2503,short,16,%D0%CB%D2%B5%C6%DA%BB%F5,1130,-435.0,兴业期货
2025-03-03,CU2503,short,17,%C2%F5%BF%C6%C6%DA%BB%F5,955,0.0,迈科期货
2025-03-03,CU2503,short,18,%B7%BD%D5%FD%D6%D0%C6%DA,895,-160.0,方正中期
2025-03-03,CU2503,short,19,%C9%CF%BA%A3%D6%D0%C6%DA,885,-55.0,上海中期
2025-03-03,CU2503,short,20,%D6%D0%D0%C5%BD%A8%CD%B6,865,-66.0,中信建投
2025-03-03,CU2503,short,999,TOTAL,41005,,TOTAL
2025-03-04,CU2503,volume,1,%BD%F0%C8%F0%C6%DA%BB%F5,2940,-1114.0,金瑞期货
2025-03-04,CU2503,volume,2,%CE%E5%BF%F3%C6%DA%BB%F5,2620,1885.0,五矿期货
2025-03-04,CU2503,volume,3,%B9%FA%CC%A9%BE%FD%B0%B2,2430,215.0,国泰君安
2025-03-04,CU2503,volume,4,%CD%AD%B9%DA%BD%F0%D4%B4,1950,225.0,铜冠金源
2025-03-04,CU2503,volume,5,%B6%AB%D6%A4%C6%DA%BB%F5,1605,-205.0,东证期货
2025-03-04,CU2503,volume,6,%D2%F8%BA%D3%C6%DA%BB%F5,1355,-525.0,银河期货
2025-03-04,CU2503,volume,7,%C9%BD%BD%F0%C6%DA%BB%F5,1320,805.0,山金期货
2025-03-04,CU2503,volume,8,%BB%AA%CE%C5%C6%DA%BB%F5,1300,-85.0,华闻期货
2025-03-04,CU2503,volume,9,%B9%FA%C3%B3%C6%DA%BB%F5,1155,345.0,国贸期货
2025-03-04,CU2503,volume,10,%B9%E2%B4%F3%C6%DA%BB%F5,1075,-760.0,光大期货
2025-03-04,CU2503,volume,11,%D6%D0%D6%DD%C6%DA%BB%F5,1010,-80.0,中州期货
2025-03-04,CU2503,volume,12,%D6%D0%D0%C5%C6%DA%BB%F5,935,-910.0,中信期货
2025-03-04,CU2503,volume,13,%D7%CF%BD%F0%CC%EC%B7%E7,775,710.0,紫金天风
2025-03-04,CU2503,volume,14,%B3%A4%BD%AD%C6%DA%BB%F5,740,415.0,长江期货
2025-03-04,CU2503,volume,15,%C9%EA%CD%F2%C6%DA%BB%F5,665,-135.0,申万期货
2025-03-04,CU2503,volume,16,%B7%BD%D5%FD%D6%D0%C6%DA,650,-170.0,方正中期
2025-03-04,CU2503,volume,17,%C4%CF%BB%AA%C6%DA%BB%F5,610,-215.0,南华期货
2025-03-04,CU2503,volume,18,%B9%FA%CD%B6%B0%B2%D0%C5,575,475.0,国投安信
2025-03-04,CU2503,volume,19,%BB%AA%F6%CE%C6%DA%BB%F5,545,-165.0,华鑫期货
2025-03-04,CU2503,volume,20,%CE%EF%B2%FA%D6%D0%B4%F3,500,-150.0,物产中大
2025-03-04,CU2503,volume,999,TOTAL,24755,,TOTAL
2025-03-04,CU2503,long,1,%D4%C6%B3%BF%C6%DA%BB%F5,8500,280.0,云晨期货
2025-03-04,CU2503,long,2,%CD%AD%B9%DA%BD%F0%D4%B4,5040,-800.0,铜冠金源
2025-03-04,CU2503,long,3,%D6%D0%D0%C5%C6%DA%BB%F5,4020,-265.0,中信期货
2025-03-04,CU2503,long,4,%B9%FA%C3%B3%C6%DA%BB%F5,3975,-90.0,国贸期货
2025-03-04,CU2503,long,5,%CE%E5%BF%F3%C6%DA%BB%F5,3300,-60.0,五矿期货
2025-03-04,CU2503,long,6,%BD%F0%C8%F0%C6%DA%BB%F5,2835,40.0,金瑞期货
2025-03-04,CU2503,long,7,%B9%FA%CC%A9%BE%FD%B0%B2,1805,-545.0,国泰君安
2025-03-04,CU2503,long,8,%B6%AB%D6%A4%C6%DA%BB%F5,1730,-370.0,东证期货
2025-03-04,CU2503,long,9,%D2%F8%BA%D3%C6%DA%BB%F5,1605,-400.0,银河期货
2025-03-04,CU2503,long,10,%D6%D0%BA%BD%C6%DA%BB%F5,1575,-45.0,中航期货
2025-03-04,CU2503,long,11,%B6%AB%CE%E2%C6%DA%BB%F5,1555,-445.0,东吴期货
2025-03-04,CU2503,long,12,%D0%CB%D2%B5%C6%DA%BB%F5,1100,80.0,兴业期货
2025-03-04,CU2503,long,13,%BA%EB%D2%B5%C6%DA%BB%F5,1050,-115.0,弘业期货
2025-03-04,CU2503,long,14,%BB%AA%BD%F0%C6%DA%BB%F5,970,0.0,华金期货
2025-03-04,CU2503,long,15,%D3%C0%B0%B2%C6%DA%BB%F5,840,-45.0,永安期货
2025-03-04,CU2503,long,16,%BB%AA%CC%A9%C6%DA%BB%F5,795,-45.0,华泰期货
2025-03-04,CU2503,long,17,%D6%D0%D0%C5%BD%A8%CD%B6,775,-130.0,中信建投
2025-03-04,CU2503,long,18,%C4%CF%BB%AA%C6%DA%BB%F5,725,5.0,南华期货
2025-03-04,CU2503,long,19,%B9%E2%B4%F3%C6%DA%BB%F5,680,90.0,光大期货
2025-03-04,CU2503,long,20,%B6%AB%BA%A3%C6%DA%BB%F5,590,-110.0,东海期货
2025-03-04,CU2503,long,999,TOTAL,43465,,TOTAL
2025-03-04,CU2503,short,1,%B9%FA%CC%A9%BE%FD%B0%B2,5390,-125.0,国泰君安
2025-03-04,CU2503,short,2,%D6%D0%D0%C5%C6%DA%BB%F5,5300,-470.0,中信期货
2025-03-04,CU2503,short,3,%BD%F0%C8%F0%C6%DA%BB%F5,4005,-390.0,金瑞期货
2025-03-04,CU2503,short,4,%B9%FA%CD%B6%B0%B2%D0%C5,2920,-575.0,国投安信
2025-03-04,CU2503,short,5,%CE%E5%BF%F3%C6%DA%BB%F5,2440,1270.0,五矿期货
2025-03-04,CU2503,short,6,%B9%FA%C3%B3%C6%DA%BB%F5,2260,65.0,国贸期货
2025-03-04,CU2503,short,7,%C9%BD%BD%F0%C6%DA%BB%F5,1915,-420.0,山金期货
2025-03-04,CU2503,short,8,%B9%E2%B4%F3%C6%DA%BB%F5,1625,-15.0,光大期货
2025-03-04,CU2503,short,9,%BD%A8%D0%C5%C6%DA%BB%F5,1380,-115.0,建信期货
2025-03-04,CU2503,short,10,%CD%AD%B9%DA%BD%F0%D4%B4,1355,-190.0,铜冠金源
2025-03-04,CU2503,short,11,%BB%AA%B0%B2%C6%DA%BB%F5,1260,-75.0,华安期货
2025-03-04,CU2503,short,12,%B6%AB%D6%A4%C6%DA%BB%F5,1240,-245.0,东证期货
2025-03-04,CU2503,short,13,%D7%CF%BD%F0%CC%EC%B7%E7,1150,-265.0,紫金天风
2025-03-04,CU2503,short,14,%D0%CB%D2%B5%C6%DA%BB%F5,1130,0.0,兴业期货
2025-03-04,CU2503,short,15,%D2%F8%BA%D3%C6%DA%BB%F5,1115,-155.0,银河期货
2025-03-04,CU2503,short,16,%C4%CF%BB%AA%C6%DA%BB%F5,1110,-105.0,南华期货
2025-03-04,CU2503,short,17,%C2%F5%BF%C6%C6%DA%BB%F5,955,0.0,迈科期货
2025-03-04,CU2503,short,18,%BB%AA%F6%CE%C6%DA%BB%F5,850,50.0,华鑫期货
2025-03-04,CU2503,short,19,%CE%EF%B2%FA%D6%D0%B4%F3,850,85.0,物产中大
2025-03-04,CU2503,short,20,%D6%D0%D0%C5%BD%A8%CD%B6,815,-50.0,中信建投
2025-03-04,CU2503,short,999,TOTAL,39065,,TOTAL
2025-03-05,CU2503,volume,1,%BD%F0%C8%F0%C6%DA%BB%F5,4735,1795.0,金瑞期货
2025-03-05,CU2503,volume,2,%CD%AD%B9%DA%BD%F0%D4%B4,2950,1000.0,铜冠金源
2025-03-05,CU2503,volume,3,%B9%E2%B4%F3%C6%DA%BB%F5,2820,1745.0,光大期货
2025-03-05,CU2503,volume,4,%B9%FA%CC%A9%BE%FD%B0%B2,2705,275.0,国泰君安
2025-03-05,CU2503,volume,5,%D6%D0%D6%DD%C6%DA%BB%F5,2410,1400.0,中州期货
2025-03-05,CU2503,volume,6,%CE%E5%BF%F3%C6%DA%BB%F5,2120,-500.0,五矿期货
2025-03-05,CU2503,volume,7,%C9%BD%BD%F0%C6%DA%BB%F5,2070,750.0,山金期货
2025-03-05,CU2503,volume,8,%B9%FA%C3%B3%C6%DA%BB%F5,1730,575.0,国贸期货
2025-03-05,CU2503,volume,9,%D6%D0%D0%C5%C6%DA%BB%F5,1730,795.0,中信期货
2025-03-05,CU2503,volume,10,%B6%AB%D6%A4%C6%DA%BB%F5,1705,100.0,东证期货
2025-03-05,CU2503,volume,11,%BB%AA%CE%C5%C6%DA%BB%F5,1605,305.0,华闻期货
2025-03-05,CU2503,volume,12,%C9%EA%CD%F2%C6%DA%BB%F5,1515,850.0,申万期货
2025-03-05,CU2503,volume,13,%D2%F8%BA%D3%C6%DA%BB%F5,1450,95.0,银河期货
2025-03-05,CU2503,volume,14,%D0%CB%D2%B5%C6%DA%BB%F5,1140,1040.0,兴业期货
2025-03-05,CU2503,volume,15,%D2%BB%B5%C2%C6%DA%BB%F5,1040,950.0,一德期货
2025-03-05,CU2503,volume,16,%D6%D0%BD%F0%B2%C6%B8%BB,775,770.0,中金财富
2025-03-05,CU2503,volume,17,%C4%CF%BB%AA%C6%DA%BB%F5,760,150.0,南华期货
2025-03-05,CU2503,volume,18,%B4%B4%D4%AA%C6%DA%BB%F5,705,475.0,创元期货
2025-03-05,CU2503,volume,19,%BB%AA%CC%A9%C6%DA%BB%F5,700,365.0,华泰期货
2025-03-05,CU2503,volume,20,%D5%E3%C9%CC%C6%DA%BB%F5,625,270.0,浙商期货
2025-03-05,CU2503,volume,999,TOTAL,35290,,TOTAL
2025-03-05,CU2503,long,1,%D4%C6%B3%BF%C6%DA%BB%F5,8725,225.0,云晨期货
2025-03-05,CU2503,long,2,%D6%D0%D0%C5%C6%DA%BB%F5,3950,-70.0,中信期货
2025-03-05,CU2503,long,3,%CD%AD%B9%DA%BD%F0%D4%B4,3535,-1505.0,铜冠金源
2025-03-05,CU2503,long,4,%B9%FA%C3%B3%C6%DA%BB%F5,3150,-825.0,国贸期货
2025-03-05,CU2503,long,5,%CE%E5%BF%F3%C6%DA%BB%F5,3060,-240.0,五矿期货
2025-03-05,CU2503,long,6,%BD%F0%C8%F0%C6%DA%BB%F5,2615,-220.0,金瑞期货
2025-03-05,CU2503,long,7,%B6%AB%D6%A4%C6%DA%BB%F5,1670,-60.0,东证期货
2025-03-05,CU2503,long,8,%D6%D0%BA%BD%C6%DA%BB%F5,1540,-35.0,中航期货
2025-03-05,CU2503,long,9,%B6%AB%CE%E2%C6%DA%BB%F5,1305,-250.0,东吴期货
2025-03-05,CU2503,long,10,%D2%F8%BA%D3%C6%DA%BB%F5,1240,-365.0,银河期货
2025-03-05,CU2503,long,11,%B9%FA%CC%A9%BE%FD%B0%B2,1205,-600.0,国泰君安
2025-03-05,CU2503,long,12,%D0%CB%D2%B5%C6%DA%BB%F5,1140,40.0,兴业期货
2025-03-05,CU2503,long,13,%BA%EB%D2%B5%C6%DA%BB%F5,980,-70.0,弘业期货
2025-03-05,CU2503,long,14,%BB%AA%BD%F0%C6%DA%BB%F5,970,0.0,华金期货
2025-03-05,CU2503,long,15,%D6%D0%D0%C5%BD%A8%CD%B6,765,-10.0,中信建投
2025-03-05,CU2503,long,16,%BB%AA%CC%A9%C6%DA%BB%F5,675,-120.0,华泰期货
2025-03-05,CU2503,long,17,%D2%BB%B5%C2%C6%DA%BB%F5,600,530.0,一德期货
2025-03-05,CU2503,long,18,%B9%E2%B4%F3%C6%DA%BB%F5,580,-100.0,光大期货
2025-03-05,CU2503,long,19,%C4%CF%BB%AA%C6%DA%BB%F5,570,-155.0,南华期货
2025-03-05,CU2503,long,20,%D3%C0%B0%B2%C6%DA%BB%F5,520,-320.0,永安期货
2025-03-05,CU2503,long,999,TOTAL,38795,,TOTAL
2025-03-05,CU2503,short,1,%B9%FA%CC%A9%BE%FD%B0%B2,5055,-335.0,国泰君安
2025-03-05,CU2503,short,2,%D6%D0%D0%C5%C6%DA%BB%F5,4680,-620.0,中信期货
2025-03-05,CU2503,short,3,%BD%F0%C8%F0%C6%DA%BB%F5,3950,-55.0,金瑞期货
2025-03-05,CU2503,short,4,%B9%FA%CD%B6%B0%B2%D0%C5,2830,-90.0,国投安信
2025-03-05,CU2503,short,5,%CE%E5%BF%F3%C6%DA%BB%F5,2220,-220.0,五矿期货
2025-03-05,CU2503,short,6,%B9%FA%C3%B3%C6%DA%BB%F5,1945,-315.0,国贸期货
2025-03-05,CU2503,short,7,%C4%CF%BB%AA%C6%DA%BB%F5,1295,185.0,南华期货
2025-03-05,CU2503,short,8,%B6%AB%D6%A4%C6%DA%BB%F5,1295,55.0,东证期货
2025-03-05,CU2503,short,9,%BD%A8%D0%C5%C6%DA%BB%F5,1290,-90.0,建信期货
2025-03-05,CU2503,short,10,%B9%E2%B4%F3%C6%DA%BB%F5,1285,-340.0,光大期货
2025-03-05,CU2503,short,11,%CD%AD%B9%DA%BD%F0%D4%B4,1190,-165.0,铜冠金源
2025-03-05,CU2503,short,12,%BB%AA%B0%B2%C6%DA%BB%F5,1190,-70.0,华安期货
2025-03-05,CU2503,short,13,%D7%CF%BD%F0%CC%EC%B7%E7,1155,5.0,紫金天风
2025-03-05,CU2503,short,14,%D6%D0%CC%A9%C6%DA%BB%F5,1025,235.0,中泰期货
2025-03-05,CU2503,short,15,%C2%F5%BF%C6%C6%DA%BB%F5,955,0.0,迈科期货
2025-03-05,CU2503,short,16,%C9%CF%BA%A3%D6%D0%C6%DA,825,70.0,上海中期
2025-03-05,CU2503,short,17,%D2%F8%BA%D3%C6%DA%BB%F5,820,-295.0,银河期货
2025-03-05,CU2503,short,18,%D6%D0%BD%F0%B2%C6%B8%BB,775,775.0,中金财富
2025-03-05,CU2503,short,19,%CE%EF%B2%FA%D6%D0%B4%F3,745,-105.0,物产中大
2025-03-05,CU2503,short,20,%BB%AA%CC%A9%C6%DA%BB%F5,720,110.0,华泰期货
2025-03-05,CU2503,short,999,TOTAL,35245,,TOTAL
2025-03-24,CU2504,volume,1,%B9%FA%CC%A9%BE%FD%B0%B2,9898,-3130.0,国泰君安
2025-03-24,CU2504,volume,2,%D6%D0%D0%C5%C6%DA%BB%F5,7619,-1502.0,中信期货
2025-03-24,CU2504,volume,3,%B6%AB%D6%A4%C6%DA%BB%F5,5576,-875.0,东证期货
2025-03-24,CU2504,volume,4,%BD%F0%C8%F0%C6%DA%BB%F5,4870,-708.0,金瑞期货
2025-03-24,CU2504,volume,5,%D6%D0%CC%A9%C6%DA%BB%F5,4844,-432.0,中泰期货
2025-03-24,CU2504,volume,6,%BB%AA%CC%A9%C6%DA%BB%F5,4099,-978.0,华泰期货
2025-03-24,CU2504,volume,7,%BA%A3%CD%A8%C6%DA%BB%F5,3090,-739.0,海通期货
2025-03-24,CU2504,volume,8,%CD%AD%B9%DA%BD%F0%D4%B4,2987,98.0,铜冠金源
2025-03-24,CU2504,volume,9,%D2%F8%BA%D3%C6%DA%BB%F5,1924,-25.0,银河期货
2025-03-24,CU2504,volume,10,%B9%E2%B4%F3%C6%DA%BB%F5,1904,867.0,光大期货
2025-03-24,CU2504,volume,11,%D5%E3%C9%CC%C6%DA%BB%F5,1736,63.0,浙商期货
2025-03-24,CU2504,volume,12,%CE%E5%BF%F3%C6%DA%BB%F5,1601,-850.0,五矿期货
2025-03-24,CU2504,volume,13,%D4%C6%B3%BF%C6%DA%BB%F5,1576,-1467.0,云晨期货
2025-03-24,CU2504,volume,14,%BD%F2%CD%B6%C6%DA%BB%F5,1512,31.0,津投期货
2025-03-24,CU2504,volume,15,%C4%CF%BB%AA%C6%DA%BB%F5,1425,-356.0,南华期货
2025-03-24,CU2504,volume,16,%D0%C2%BA%FE%C6%DA%BB%F5,1405,-1443.0,新湖期货
2025-03-24,CU2504,volume,17,%B9%E3%B7%A2%C6%DA%BB%F5,1211,-196.0,广发期货
2025-03-24,CU2504,volume,18,%B9%FA%CD%B6%B0%B2%D0%C5,1210,543.0,国投安信
2025-03-24,CU2504,volume,19,%B9%FA%BA%A3%C1%BC%CA%B1,1174,1127.0,国海良时
2025-03-24,CU2504,volume,20,%B7%BD%D5%FD%D6%D0%C6%DA,1115,-34.0,方正中期
2025-03-24,CU2504,volume,999,TOTAL,60776,,TOTAL
2025-03-24,CU2504,long,1,%CD%AD%B9%DA%BD%F0%D4%B4,9814,-1452.0,铜冠金源
2025-03-24,CU2504,long,2,%CE%E5%BF%F3%C6%DA%BB%F5,8452,-327.0,五矿期货
2025-03-24,CU2504,long,3,%B9%FA%CC%A9%BE%FD%B0%B2,8331,-929.0,国泰君安
2025-03-24,CU2504,long,4,%D4%C6%B3%BF%C6%DA%BB%F5,7756,234.0,云晨期货
2025-03-24,CU2504,long,5,%D6%D0%D0%C5%C6%DA%BB%F5,6524,-817.0,中信期货
2025-03-24,CU2504,long,6,%BD%F0%C8%F0%C6%DA%BB%F5,4404,207.0,金瑞期货
2025-03-24,CU2504,long,7,%D2%F8%BA%D3%C6%DA%BB%F5,4265,-705.0,银河期货
2025-03-24,CU2504,long,8,%C4%CF%BB%AA%C6%DA%BB%F5,2898,-107.0,南华期货
2025-03-24,CU2504,long,9,%C9%EA%CD%F2%C6%DA%BB%F5,2437,25.0,申万期货
2025-03-24,CU2504,long,10,%B9%FA%CD%B6%B0%B2%D0%C5,2339,-100.0,国投安信
2025-03-24,CU2504,long,11,%B9%E3%B7%A2%C6%DA%BB%F5,2082,101.0,广发期货
2025-03-24,CU2504,long,12,%B6%AB%D6%A4%C6%DA%BB%F5,2067,29.0,东证期货
2025-03-24,CU2504,long,13,%BB%AA%CC%A9%C6%DA%BB%F5,1867,-346.0,华泰期货
2025-03-24,CU2504,long,14,%D7%CF%BD%F0%CC%EC%B7%E7,1688,149.0,紫金天风
2025-03-24,CU2504,long,15,%D6%D0%CC%A9%C6%DA%BB%F5,1561,10.0,中泰期货
2025-03-24,CU2504,long,16,%C9%BD%BD%F0%C6%DA%BB%F5,1485,-2.0,山金期货
2025-03-24,CU2504,long,17,%CF%C8%B7%E6%C6%DA%BB%F5,1454,-2.0,先锋期货
2025-03-24,CU2504,long,18,%D3%C0%B0%B2%C6%DA%BB%F5,1405,-548.0,永安期货
2025-03-24,CU2504,long,19,%B6%AB%CE%E2%C6%DA%BB%F5,1364,-208.0,东吴期货
2025-03-24,CU2504,long,20,%D6%D0%B9%FA%B9%FA%BC%CA,1042,35.0,中国国际
2025-03-24,CU2504,long,999,TOTAL,73235,,TOTAL
2025-03-24,CU2504,short,1,%BD%F0%C8%F0%C6%DA%BB%F5,12463,383.0,金瑞期货
2025-03-24,CU2504,short,2,%D6%D0%D0%C5%C6%DA%BB%F5,9608,-899.0,中信期货
2025-03-24,CU2504,short,3,%B9%FA%C3%B3%C6%DA%BB%F5,5171,-468.0,国贸期货
2025-03-24,CU2504,short,4,%B6%AB%D6%A4%C6%DA%BB%F5,4102,-447.0,东证期货
2025-03-24,CU2504,short,5,%CE%E5%BF%F3%C6%DA%BB%F5,3975,-197.0,五矿期货
2025-03-24,CU2504,short,6,%B9%FA%CC%A9%BE%FD%B0%B2,2946,-1209.0,国泰君安
2025-03-24,CU2504,short,7,%BB%AA%CC%A9%C6%DA%BB%F5,2532,27.0,华泰期货
2025-03-24,CU2504,short,8,%CD%AD%B9%DA%BD%F0%D4%B4,2487,265.0,铜冠金源
2025-03-24,CU2504,short,9,%D7%CF%BD%F0%CC%EC%B7%E7,2469,-145.0,紫金天风
2025-03-24,CU2504,short,10,%BA%EB%D2%B5%C6%DA%BB%F5,2388,-152.0,弘业期货
2025-03-24,CU2504,short,11,%B9%E2%B4%F3%C6%DA%BB%F5,2351,-59.0,光大期货
2025-03-24,CU2504,short,12,%B9%FA%CD%B6%B0%B2%D0%C5,2188,-286.0,国投安信
2025-03-24,CU2504,short,13,%C9%BD%BD%F0%C6%DA%BB%F5,1862,371.0,山金期货
2025-03-24,CU2504,short,14,%C4%CF%BB%AA%C6%DA%BB%F5,1853,-144.0,南华期货
2025-03-24,CU2504,short,15,%D6%D0%D0%C5%BD%A8%CD%B6,1800,-85.0,中信建投
2025-03-24,CU2504,short,16,%B7%BD%D5%FD%D6%D0%C6%DA,1694,-102.0,方正中期
2025-03-24,CU2504,short,17,%D2%F8%BA%D3%C6%DA%BB%F5,1679,-198.0,银河期货
2025-03-24,CU2504,short,18,%BA%A3%CD%A8%C6%DA%BB%F5,1661,-219.0,海通期货
2025-03-24,CU2504,short,19,%D6%D0%CC%A9%C6%DA%BB%F5,1625,-75.0,中泰期货
2025-03-24,CU2504,short,20,%BD%A8%D0%C5%C6%DA%BB%F5,1611,-147.0,建信期货
2025-03-24,CU2504,short,999,TOTAL,66465,,TOTAL
2025-03-27,CU2504,volume,1,%B9%FA%CC%A9%BE%FD%B0%B2,8510,-740.0,国泰君安
2025-03-27,CU2504,volume,2,%D6%D0%D0%C5%C6%DA%BB%F5,5608,-3125.0,中信期货
2025-03-27,CU2504,volume,3,%B6%AB%D6%A4%C6%DA%BB%F5,5338,-401.0,东证期货
2025-03-27,CU2504,volume,4,%BD%F0%C8%F0%C6%DA%BB%F5,4595,-909.0,金瑞期货
2025-03-27,CU2504,volume,5,%D6%D0%CC%A9%C6%DA%BB%F5,3053,104.0,中泰期货
2025-03-27,CU2504,volume,6,%CD%AD%B9%DA%BD%F0%D4%B4,2460,-21.0,铜冠金源
2025-03-27,CU2504,volume,7,%B4%F3%D3%D0%C6%DA%BB%F5,2162,1185.0,大有期货
2025-03-27,CU2504,volume,8,%BD%F2%CD%B6%C6%DA%BB%F5,2027,641.0,津投期货
2025-03-27,CU2504,volume,9,%BD%F0%D4%AA%C6%DA%BB%F5,1963,-529.0,金元期货
2025-03-27,CU2504,volume,10,%BA%A3%CD%A8%C6%DA%BB%F5,1951,-901.0,海通期货
2025-03-27,CU2504,volume,11,%CE%E5%BF%F3%C6%DA%BB%F5,1807,920.0,五矿期货
2025-03-27,CU2504,volume,12,%B9%E3%B7%A2%C6%DA%BB%F5,1610,-91.0,广发期货
2025-03-27,CU2504,volume,13,%D2%F8%BA%D3%C6%DA%BB%F5,1511,-114.0,银河期货
2025-03-27,CU2504,volume,14,%B7%BD%D5%FD%D6%D0%C6%DA,1333,147.0,方正中期
2025-03-27,CU2504,volume,15,%C4%CF%BB%AA%C6%DA%BB%F5,1258,-752.0,南华期货
2025-03-27,CU2504,volume,16,%B9%E2%B4%F3%C6%DA%BB%F5,1081,-648.0,光大期货
2025-03-27,CU2504,volume,17,%D5%E3%C9%CC%C6%DA%BB%F5,1047,-765.0,浙商期货
2025-03-27,CU2504,volume,18,%D6%D0%C1%B8%C6%DA%BB%F5,1012,197.0,中粮期货
2025-03-27,CU2504,volume,19,%BB%AA%CC%A9%C6%DA%BB%F5,986,-91.0,华泰期货
2025-03-27,CU2504,volume,20,%B9%FA%C3%B3%C6%DA%BB%F5,966,-14.0,国贸期货
2025-03-27,CU2504,volume,999,TOTAL,50278,,TOTAL
2025-03-27,CU2504,long,1,%CE%E5%BF%F3%C6%DA%BB%F5,9054,661.0,五矿期货
2025-03-27,CU2504,long,2,%CD%AD%B9%DA%BD%F0%D4%B4,9027,-273.0,铜冠金源
2025-03-27,CU2504,long,3,%D4%C6%B3%BF%C6%DA%BB%F5,6898,-519.0,云晨期货
2025-03-27,CU2504,long,4,%B9%FA%CC%A9%BE%FD%B0%B2,5017,-894.0,国泰君安
2025-03-27,CU2504,long,5,%BD%F0%C8%F0%C6%DA%BB%F5,4588,281.0,金瑞期货
2025-03-27,CU2504,long,6,%D6%D0%D0%C5%C6%DA%BB%F5,3740,-180.0,中信期货
2025-03-27,CU2504,long,7,%D2%F8%BA%D3%C6%DA%BB%F5,3525,-398.0,银河期货
2025-03-27,CU2504,long,8,%C9%EA%CD%F2%C6%DA%BB%F5,2009,-123.0,申万期货
2025-03-27,CU2504,long,9,%B6%AB%D6%A4%C6%DA%BB%F5,1889,-516.0,东证期货
2025-03-27,CU2504,long,10,%C4%CF%BB%AA%C6%DA%BB%F5,1675,41.0,南华期货
2025-03-27,CU2504,long,11,%B9%E3%B7%A2%C6%DA%BB%F5,1548,92.0,广发期货
2025-03-27,CU2504,long,12,%CF%C8%B7%E6%C6%DA%BB%F5,1471,-1.0,先锋期货
2025-03-27,CU2504,long,13,%C9%BD%BD%F0%C6%DA%BB%F5,1280,-4.0,山金期货
2025-03-27,CU2504,long,14,%D6%D0%CC%A9%C6%DA%BB%F5,1202,-327.0,中泰期货
2025-03-27,CU2504,long,15,%B7%BD%D5%FD%D6%D0%C6%DA,1177,255.0,方正中期
2025-03-27,CU2504,long,16,%BD%A8%D0%C5%C6%DA%BB%F5,1094,75.0,建信期货
2025-03-27,CU2504,long,17,%B6%AB%CE%E2%C6%DA%BB%F5,1061,-15.0,东吴期货
2025-03-27,CU2504,long,18,%D7%CF%BD%F0%CC%EC%B7%E7,1057,-278.0,紫金天风
2025-03-27,CU2504,long,19,%D6%D0%B9%FA%B9%FA%BC%CA,1000,-1.0,中国国际
2025-03-27,CU2504,long,20,%BA%EB%D2%B5%C6%DA%BB%F5,923,-51.0,弘业期货
2025-03-27,CU2504,long,999,TOTAL,59235,,TOTAL
2025-03-27,CU2504,short,1,%BD%F0%C8%F0%C6%DA%BB%F5,9721,-1600.0,金瑞期货
2025-03-27,CU2504,short,2,%D6%D0%D0%C5%C6%DA%BB%F5,6553,-946.0,中信期货
2025-03-27,CU2504,short,3,%B9%FA%C3%B3%C6%DA%BB%F5,4453,-157.0,国贸期货
2025-03-27,CU2504,short,4,%B6%AB%D6%A4%C6%DA%BB%F5,3803,-230.0,东证期货
2025-03-27,CU2504,short,5,%CE%E5%BF%F3%C6%DA%BB%F5,3614,124.0,五矿期货
2025-03-27,CU2504,short,6,%B9%FA%CC%A9%BE%FD%B0%B2,3170,668.0,国泰君安
2025-03-27,CU2504,short,7,%B9%E2%B4%F3%C6%DA%BB%F5,2556,-207.0,光大期货
2025-03-27,CU2504,short,8,%D7%CF%BD%F0%CC%EC%B7%E7,2221,-297.0,紫金天风
2025-03-27,CU2504,short,9,%CD%AD%B9%DA%BD%F0%D4%B4,1949,-251.0,铜冠金源
2025-03-27,CU2504,short,10,%BA%EB%D2%B5%C6%DA%BB%F5,1721,-318.0,弘业期货
2025-03-27,CU2504,short,11,%D6%D0%CC%A9%C6%DA%BB%F5,1685,38.0,中泰期货
2025-03-27,CU2504,short,12,%C9%BD%BD%F0%C6%DA%BB%F5,1674,-60.0,山金期货
2025-03-27,CU2504,short,13,%B9%FA%CD%B6%B0%B2%D0%C5,1548,3.0,国投安信
2025-03-27,CU2504,short,14,%B3%A4%BD%AD%C6%DA%BB%F5,1467,25.0,长江期货
2025-03-27,CU2504,short,15,%C4%CF%BB%AA%C6%DA%BB%F5,1411,-117.0,南华期货
2025-03-27,CU2504,short,16,%BA%A3%CD%A8%C6%DA%BB%F5,1409,-214.0,海通期货
2025-03-27,CU2504,short,17,%BB%AA%CC%A9%C6%DA%BB%F5,1284,-399.0,华泰期货
2025-03-27,CU2504,short,18,%D2%F8%BA%D3%C6%DA%BB%F5,1251,-79.0,银河期货
2025-03-27,CU2504,short,19,%B6%AB%BA%A3%C6%DA%BB%F5,1073,-142.0,东海期货
2025-03-27,CU2504,short,20,%C9%CF%BA%A3%D6%D0%C6%DA,981,-23.0,上海中期
2025-03-27,CU2504,short,999,TOTAL,53544,,TOTAL
2025-03-31,CU2504,volume,1,%B9%FA%CC%A9%BE%FD%B0%B2,4569,-3014.0,国泰君安
2025-03-31,CU2504,volume,2,%B6%AB%D6%A4%C6%DA%BB%F5,3979,-3517.0,东证期货
2025-03-31,CU2504,volume,3,%BD%F0%C8%F0%C6%DA%BB%F5,3764,-4160.0,金瑞期货
2025-03-31,CU2504,volume,4,%D6%D0%D0%C5%C6%DA%BB%F5,3651,-2309.0,中信期货
2025-03-31,CU2504,volume,5,%CD%AD%B9%DA%BD%F0%D4%B4,2378,-1816.0,铜冠金源
2025-03-31,CU2504,volume,6,%B9%FA%C3%B3%C6%DA%BB%F5,2212,43.0,国贸期货
2025-03-31,CU2504,volume,7,%BA%A3%CD%A8%C6%DA%BB%F5,2187,159.0,海通期货
2025-03-31,CU2504,volume,8,%D2%F8%BA%D3%C6%DA%BB%F5,1817,-74.0,银河期货
2025-03-31,CU2504,volume,9,%D6%D0%CC%A9%C6%DA%BB%F5,1683,736.0,中泰期货
2025-03-31,CU2504,volume,10,%B4%F3%D3%D0%C6%DA%BB%F5,1647,585.0,大有期货
2025-03-31,CU2504,volume,11,%C4%CF%BB%AA%C6%DA%BB%F5,1508,-109.0,南华期货
2025-03-31,CU2504,volume,12,%B9%E2%B4%F3%C6%DA%BB%F5,1496,-306.0,光大期货
2025-03-31,CU2504,volume,13,%BB%AA%CE%C5%C6%DA%BB%F5,1470,662.0,华闻期货
2025-03-31,CU2504,volume,14,%CF%C8%B7%E6%C6%DA%BB%F5,1455,1322.0,先锋期货
2025-03-31,CU2504,volume,15,%D6%D0%D6%DD%C6%DA%BB%F5,1354,357.0,中州期货
2025-03-31,CU2504,volume,16,%C9%EA%CD%F2%C6%DA%BB%F5,1265,260.0,申万期货
2025-03-31,CU2504,volume,17,%D4%C6%B3%BF%C6%DA%BB%F5,1183,392.0,云晨期货
2025-03-31,CU2504,volume,18,%D0%C2%BA%FE%C6%DA%BB%F5,1128,540.0,新湖期货
2025-03-31,CU2504,volume,19,%CE%E5%BF%F3%C6%DA%BB%F5,1124,-2026.0,五矿期货
2025-03-31,CU2504,volume,20,%B4%B4%D4%AA%C6%DA%BB%F5,993,599.0,创元期货
2025-03-31,CU2504,volume,999,TOTAL,40863,,TOTAL
2025-03-31,CU2504,long,1,%CE%E5%BF%F3%C6%DA%BB%F5,7960,-47.0,五矿期货
2025-03-31,CU2504,long,2,%D4%C6%B3%BF%C6%DA%BB%F5,7180,331.0,云晨期货
2025-03-31,CU2504,long,3,%CD%AD%B9%DA%BD%F0%D4%B4,6326,-991.0,铜冠金源
2025-03-31,CU2504,long,4,%BD%F0%C8%F0%C6%DA%BB%F5,4130,-308.0,金瑞期货
2025-03-31,CU2504,long,5,%D2%F8%BA%D3%C6%DA%BB%F5,3215,-235.0,银河期货
2025-03-31,CU2504,long,6,%B9%FA%CC%A9%BE%FD%B0%B2,3119,-414.0,国泰君安
2025-03-31,CU2504,long,7,%D6%D0%D0%C5%C6%DA%BB%F5,2335,-177.0,中信期货
2025-03-31,CU2504,long,8,%C4%CF%BB%AA%C6%DA%BB%F5,1675,-352.0,南华期货
2025-03-31,CU2504,long,9,%C9%BD%BD%F0%C6%DA%BB%F5,1280,-3.0,山金期货
2025-03-31,CU2504,long,10,%C9%EA%CD%F2%C6%DA%BB%F5,1075,-722.0,申万期货
2025-03-31,CU2504,long,11,%BD%A8%D0%C5%C6%DA%BB%F5,1030,-110.0,建信期货
2025-03-31,CU2504,long,12,%B9%E3%B7%A2%C6%DA%BB%F5,890,-206.0,广发期货
2025-03-31,CU2504,long,13,%BB%AA%B0%B2%C6%DA%BB%F5,810,102.0,华安期货
2025-03-31,CU2504,long,14,%B6%AB%CE%E2%C6%DA%BB%F5,790,-25.0,东吴期货
2025-03-31,CU2504,long,15,%BA%EB%D2%B5%C6%DA%BB%F5,770,-109.0,弘业期货
2025-03-31,CU2504,long,16,%D6%D0%D0%C5%BD%A8%CD%B6,681,-48.0,中信建投
2025-03-31,CU2504,long,17,%B7%BD%D5%FD%D6%D0%C6%DA,650,-118.0,方正中期
2025-03-31,CU2504,long,18,%D6%D0%CC%A9%C6%DA%BB%F5,600,-347.0,中泰期货
2025-03-31,CU2504,long,19,%B6%AB%D6%A4%C6%DA%BB%F5,575,-919.0,东证期货
2025-03-31,CU2504,long,20,%B9%E3%D6%DD%C6%DA%BB%F5,575,-57.0,广州期货
2025-03-31,CU2504,long,999,TOTAL,45666,,TOTAL
2025-03-31,CU2504,short,1,%BD%F0%C8%F0%C6%DA%BB%F5,6975,-770.0,金瑞期货
2025-03-31,CU2504,short,2,%D6%D0%D0%C5%C6%DA%BB%F5,5285,-934.0,中信期货
2025-03-31,CU2504,short,3,%B9%FA%C3%B3%C6%DA%BB%F5,3400,-451.0,国贸期货
2025-03-31,CU2504,short,4,%CE%E5%BF%F3%C6%DA%BB%F5,3120,-177.0,五矿期货
2025-03-31,CU2504,short,5,%B9%FA%CC%A9%BE%FD%B0%B2,2980,769.0,国泰君安
2025-03-31,CU2504,short,6,%B9%FA%CD%B6%B0%B2%D0%C5,2790,229.0,国投安信
2025-03-31,CU2504,short,7,%B6%AB%D6%A4%C6%DA%BB%F5,2440,-760.0,东证期货
2025-03-31,CU2504,short,8,%D7%CF%BD%F0%CC%EC%B7%E7,2165,56.0,紫金天风
2025-03-31,CU2504,short,9,%CD%AD%B9%DA%BD%F0%D4%B4,1670,109.0,铜冠金源
2025-03-31,CU2504,short,10,%B9%E2%B4%F3%C6%DA%BB%F5,1630,-304.0,光大期货
2025-03-31,CU2504,short,11,%B3%A4%BD%AD%C6%DA%BB%F5,1360,38.0,长江期货
2025-03-31,CU2504,short,12,%C9%BD%BD%F0%C6%DA%BB%F5,1285,-385.0,山金期货
2025-03-31,CU2504,short,13,%BA%EB%D2%B5%C6%DA%BB%F5,990,-393.0,弘业期货
2025-03-31,CU2504,short,14,%D0%CB%D2%B5%C6%DA%BB%F5,875,47.0,兴业期货
2025-03-31,CU2504,short,15,%C4%CF%BB%AA%C6%DA%BB%F5,820,-372.0,南华期货
2025-03-31,CU2504,short,16,%D2%F8%BA%D3%C6%DA%BB%F5,815,-118.0,银河期货
2025-03-31,CU2504,short,17,%B6%AB%BA%A3%C6%DA%BB%F5,735,-32.0,东海期货
2025-03-31,CU2504,short,18,%C9%CF%BA%A3%D6%D0%C6%DA,660,-194.0,上海中期
2025-03-31,CU2504,short,19,%BD%A8%D0%C5%C6%DA%BB%F5,560,-136.0,建信期货
2025-03-31,CU2504,short,20,%D0%CB%D6%A4%C6%DA%BB%F5,530,-107.0,兴证期货
2025-03-31,CU2504,short,999,TOTAL,41085,,TOTAL
2025-04-01,CU2504,volume,1,%BB%AA%CE%C5%C6%DA%BB%F5,3680,2210.0,华闻期货
2025-04-01,CU2504,volume,2,%BD%F0%C8%F0%C6%DA%BB%F5,3260,-504.0,金瑞期货
2025-04-01,CU2504,volume,3,%B9%FA%CC%A9%BE%FD%B0%B2,2279,-2290.0,国泰君安
2025-04-01,CU2504,volume,4,%D6%D0%D6%DD%C6%DA%BB%F5,2090,736.0,中州期货
2025-04-01,CU2504,volume,5,%B9%E2%B4%F3%C6%DA%BB%F5,2020,524.0,光大期货
2025-04-01,CU2504,volume,6,%B9%FA%C3%B3%C6%DA%BB%F5,1515,-697.0,国贸期货
2025-04-01,CU2504,volume,7,%D2%F8%BA%D3%C6%DA%BB%F5,1495,-322.0,银河期货
2025-04-01,CU2504,volume,8,%D6%D0%D0%C5%C6%DA%BB%F5,1405,-2246.0,中信期货
2025-04-01,CU2504,volume,9,%D4%C6%B3%BF%C6%DA%BB%F5,1405,222.0,云晨期货
2025-04-01,CU2504,volume,10,%C9%EA%CD%F2%C6%DA%BB%F5,1240,-25.0,申万期货
2025-04-01,CU2504,volume,11,%CD%AD%B9%DA%BD%F0%D4%B4,1146,-1232.0,铜冠金源
2025-04-01,CU2504,volume,12,%B6%AB%D6%A4%C6%DA%BB%F5,1130,-2849.0,东证期货
2025-04-01,CU2504,volume,13,%CE%E5%BF%F3%C6%DA%BB%F5,915,-209.0,五矿期货
2025-04-01,CU2504,volume,14,%B4%F3%D3%D0%C6%DA%BB%F5,850,-797.0,大有期货
2025-04-01,CU2504,volume,15,%D6%D0%CC%A9%C6%DA%BB%F5,800,-883.0,中泰期货
2025-04-01,CU2504,volume,16,%B9%FA%CD%B6%B0%B2%D0%C5,740,8.0,国投安信
2025-04-01,CU2504,volume,17,%C4%CF%BB%AA%C6%DA%BB%F5,675,-833.0,南华期货
2025-04-01,CU2504,volume,18,%BB%AA%F6%CE%C6%DA%BB%F5,666,342.0,华鑫期货
2025-04-01,CU2504,volume,19,%BD%A8%D0%C5%C6%DA%BB%F5,525,157.0,建信期货
2025-04-01,CU2504,volume,20,%B4%B4%D4%AA%C6%DA%BB%F5,520,-473.0,创元期货
2025-04-01,CU2504,volume,999,TOTAL,28356,,TOTAL
2025-04-01,CU2504,long,1,%CE%E5%BF%F3%C6%DA%BB%F5,7500,-460.0,五矿期货
2025-04-01,CU2504,long,2,%D4%C6%B3%BF%C6%DA%BB%F5,7385,205.0,云晨期货
2025-04-01,CU2504,long,3,%CD%AD%B9%DA%BD%F0%D4%B4,6150,-176.0,铜冠金源
2025-04-01,CU2504,long,4,%BD%F0%C8%F0%C6%DA%BB%F5,3695,-435.0,金瑞期货
2025-04-01,CU2504,long,5,%D2%F8%BA%D3%C6%DA%BB%F5,3160,-55.0,银河期货
2025-04-01,CU2504,long,6,%B9%FA%CC%A9%BE%FD%B0%B2,3130,11.0,国泰君安
2025-04-01,CU2504,long,7,%D6%D0%D0%C5%C6%DA%BB%F5,2165,-170.0,中信期货
2025-04-01,CU2504,long,8,%C4%CF%BB%AA%C6%DA%BB%F5,1340,-335.0,南华期货
2025-04-01,CU2504,long,9,%C9%BD%BD%F0%C6%DA%BB%F5,1205,-75.0,山金期货
2025-04-01,CU2504,long,10,%BD%A8%D0%C5%C6%DA%BB%F5,1000,-30.0,建信期货
2025-04-01,CU2504,long,11,%B9%E3%B7%A2%C6%DA%BB%F5,890,0.0,广发期货
2025-04-01,CU2504,long,12,%BB%AA%B0%B2%C6%DA%BB%F5,875,65.0,华安期货
2025-04-01,CU2504,long,13,%C9%EA%CD%F2%C6%DA%BB%F5,810,-265.0,申万期货
2025-04-01,CU2504,long,14,%BA%EB%D2%B5%C6%DA%BB%F5,740,-30.0,弘业期货
2025-04-01,CU2504,long,15,%D6%D0%D0%C5%BD%A8%CD%B6,605,-76.0,中信建投
2025-04-01,CU2504,long,16,%B6%AB%CE%E2%C6%DA%BB%F5,590,-200.0,东吴期货
2025-04-01,CU2504,long,17,%B9%E3%D6%DD%C6%DA%BB%F5,565,-10.0,广州期货
2025-04-01,CU2504,long,18,%B6%AB%D6%A4%C6%DA%BB%F5,550,-25.0,东证期货
2025-04-01,CU2504,long,19,%BB%AA%F6%CE%C6%DA%BB%F5,530,10.0,华鑫期货
2025-04-01,CU2504,long,20,%B7%BD%D5%FD%D6%D0%C6%DA,520,-130.0,方正中期
2025-04-01,CU2504,long,999,TOTAL,43405,,TOTAL
2025-04-01,CU2504,short,1,%BD%F0%C8%F0%C6%DA%BB%F5,7090,115.0,金瑞期货
2025-04-01,CU2504,short,2,%D6%D0%D0%C5%C6%DA%BB%F5,4380,-905.0,中信期货
2025-04-01,CU2504,short,3,%CE%E5%BF%F3%C6%DA%BB%F5,3135,15.0,五矿期货
2025-04-01,CU2504,short,4,%B9%FA%C3%B3%C6%DA%BB%F5,2795,-605.0,国贸期货
2025-04-01,CU2504,short,5,%B9%FA%CC%A9%BE%FD%B0%B2,2370,-610.0,国泰君安
2025-04-01,CU2504,short,6,%B6%AB%D6%A4%C6%DA%BB%F5,2365,-75.0,东证期货
2025-04-01,CU2504,short,7,%B9%FA%CD%B6%B0%B2%D0%C5,2350,-440.0,国投安信
2025-04-01,CU2504,short,8,%D7%CF%BD%F0%CC%EC%B7%E7,2160,-5.0,紫金天风
2025-04-01,CU2504,short,9,%B9%E2%B4%F3%C6%DA%BB%F5,1775,145.0,光大期货
2025-04-01,CU2504,short,10,%CD%AD%B9%DA%BD%F0%D4%B4,1540,-130.0,铜冠金源
2025-04-01,CU2504,short,11,%B3%A4%BD%AD%C6%DA%BB%F5,1360,0.0,长江期货
2025-04-01,CU2504,short,12,%C9%BD%BD%F0%C6%DA%BB%F5,1195,-90.0,山金期货
2025-04-01,CU2504,short,13,%D4%C6%B3%BF%C6%DA%BB%F5,1005,730.0,云晨期货
2025-04-01,CU2504,short,14,%BA%EB%D2%B5%C6%DA%BB%F5,900,-90.0,弘业期货
2025-04-01,CU2504,short,15,%C4%CF%BB%AA%C6%DA%BB%F5,820,0.0,南华期货
2025-04-01,CU2504,short,16,%B6%AB%BA%A3%C6%DA%BB%F5,760,25.0,东海期货
2025-04-01,CU2504,short,17,%D0%CB%D2%B5%C6%DA%BB%F5,720,-155.0,兴业期货
2025-04-01,CU2504,short,18,%D2%F8%BA%D3%C6%DA%BB%F5,675,-140.0,银河期货
2025-04-01,CU2504,short,19,%C9%CF%BA%A3%D6%D0%C6%DA,580,-80.0,上海中期
2025-04-01,CU2504,short,20,%BD%A8%D0%C5%C6%DA%BB%F5,515,-45.0,建信期货
2025-04-01,CU2504,short,999,TOTAL,38490,,TOTAL
2025-04-02,CU2504,volume,1,%BB%AA%CE%C5%C6%DA%BB%F5,4585,905.0,华闻期货
2025-04-02,CU2504,volume,2,%BD%F0%C8%F0%C6%DA%BB%F5,3535,275.0,金瑞期货
2025-04-02,CU2504,volume,3,%D4%C6%B3%BF%C6%DA%BB%F5,2845,1440.0,云晨期货
2025-04-02,CU2504,volume,4,%B9%FA%CC%A9%BE%FD%B0%B2,2110,-169.0,国泰君安
2025-04-02,CU2504,volume,5,%CD%AD%B9%DA%BD%F0%D4%B4,1845,699.0,铜冠金源
2025-04-02,CU2504,volume,6,%B9%FA%C3%B3%C6%DA%BB%F5,1745,230.0,国贸期货
2025-04-02,CU2504,volume,7,%CE%E5%BF%F3%C6%DA%BB%F5,1730,815.0,五矿期货
2025-04-02,CU2504,volume,8,%D6%D0%D6%DD%C6%DA%BB%F5,1660,-430.0,中州期货
2025-04-02,CU2504,volume,9,%BD%A8%D0%C5%C6%DA%BB%F5,1385,860.0,建信期货
2025-04-02,CU2504,volume,10,%D6%D0%D0%C5%C6%DA%BB%F5,1340,-65.0,中信期货
2025-04-02,CU2504,volume,11,%D2%F8%BA%D3%C6%DA%BB%F5,1230,-265.0,银河期货
2025-04-02,CU2504,volume,12,%C9%EA%CD%F2%C6%DA%BB%F5,1110,-130.0,申万期货
2025-04-02,CU2504,volume,13,%B6%AB%D6%A4%C6%DA%BB%F5,1100,-30.0,东证期货
2025-04-02,CU2504,volume,14,%C4%CF%BB%AA%C6%DA%BB%F5,1060,385.0,南华期货
2025-04-02,CU2504,volume,15,%B9%E2%B4%F3%C6%DA%BB%F5,1055,-965.0,光大期货
2025-04-02,CU2504,volume,16,%C9%BD%BD%F0%C6%DA%BB%F5,960,795.0,山金期货
2025-04-02,CU2504,volume,17,%B4%F3%D3%D0%C6%DA%BB%F5,640,-210.0,大有期货
2025-04-02,CU2504,volume,18,%BB%AA%B0%B2%C6%DA%BB%F5,580,480.0,华安期货
2025-04-02,CU2504,volume,19,%CE%EF%B2%FA%D6%D0%B4%F3,535,60.0,物产中大
2025-04-02,CU2504,volume,20,%B7%BD%D5%FD%D6%D0%C6%DA,530,205.0,方正中期
2025-04-02,CU2504,volume,999,TOTAL,31580,,TOTAL
2025-04-02,CU2504,long,1,%CE%E5%BF%F3%C6%DA%BB%F5,6905,-595.0,五矿期货
2025-04-02,CU2504,long,2,%D4%C6%B3%BF%C6%DA%BB%F5,6805,-580.0,云晨期货
2025-04-02,CU2504,long,3,%CD%AD%B9%DA%BD%F0%D4%B4,5725,-425.0,铜冠金源
2025-04-02,CU2504,long,4,%B9%FA%CC%A9%BE%FD%B0%B2,3140,10.0,国泰君安
2025-04-02,CU2504,long,5,%BD%F0%C8%F0%C6%DA%BB%F5,3095,-600.0,金瑞期货
2025-04-02,CU2504,long,6,%D2%F8%BA%D3%C6%DA%BB%F5,2900,-260.0,银河期货
2025-04-02,CU2504,long,7,%D6%D0%D0%C5%C6%DA%BB%F5,1940,-225.0,中信期货
2025-04-02,CU2504,long,8,%C4%CF%BB%AA%C6%DA%BB%F5,960,-380.0,南华期货
2025-04-02,CU2504,long,9,%BA%EB%D2%B5%C6%DA%BB%F5,740,0.0,弘业期货
2025-04-02,CU2504,long,10,%B9%E3%B7%A2%C6%DA%BB%F5,710,-180.0,广发期货
2025-04-02,CU2504,long,11,%BD%A8%D0%C5%C6%DA%BB%F5,575,-425.0,建信期货
2025-04-02,CU2504,long,12,%BB%AA%B0%B2%C6%DA%BB%F5,550,-325.0,华安期货
2025-04-02,CU2504,long,13,%B6%AB%CE%E2%C6%DA%BB%F5,530,-60.0,东吴期货
2025-04-02,CU2504,long,14,%BB%AA%F6%CE%C6%DA%BB%F5,525,-5.0,华鑫期货
2025-04-02,CU2504,long,15,%C9%EA%CD%F2%C6%DA%BB%F5,520,-290.0,申万期货
2025-04-02,CU2504,long,16,%B6%AB%D6%A4%C6%DA%BB%F5,490,-60.0,东证期货
2025-04-02,CU2504,long,17,%D6%D0%D0%C5%BD%A8%CD%B6,450,-155.0,中信建投
2025-04-02,CU2504,long,18,%C9%BD%BD%F0%C6%DA%BB%F5,435,-770.0,山金期货
2025-04-02,CU2504,long,19,%B9%E3%D6%DD%C6%DA%BB%F5,415,-150.0,广州期货
2025-04-02,CU2504,long,20,%B7%BD%D5%FD%D6%D0%C6%DA,410,-110.0,方正中期
2025-04-02,CU2504,long,999,TOTAL,37820,,TOTAL
2025-04-02,CU2504,short,1,%BD%F0%C8%F0%C6%DA%BB%F5,6815,-275.0,金瑞期货
2025-04-02,CU2504,short,2,%D6%D0%D0%C5%C6%DA%BB%F5,3355,-1025.0,中信期货
2025-04-02,CU2504,short,3,%B9%FA%C3%B3%C6%DA%BB%F5,2390,-405.0,国贸期货
2025-04-02,CU2504,short,4,%CE%E5%BF%F3%C6%DA%BB%F5,2290,-845.0,五矿期货
2025-04-02,CU2504,short,5,%B6%AB%D6%A4%C6%DA%BB%F5,2185,-180.0,东证期货
2025-04-02,CU2504,short,6,%B9%FA%CC%A9%BE%FD%B0%B2,2170,-200.0,国泰君安
2025-04-02,CU2504,short,7,%B9%FA%CD%B6%B0%B2%D0%C5,2155,-195.0,国投安信
2025-04-02,CU2504,short,8,%D7%CF%BD%F0%CC%EC%B7%E7,2085,-75.0,紫金天风
2025-04-02,CU2504,short,9,%CD%AD%B9%DA%BD%F0%D4%B4,1460,-80.0,铜冠金源
2025-04-02,CU2504,short,10,%B9%E2%B4%F3%C6%DA%BB%F5,1450,-325.0,光大期货
2025-04-02,CU2504,short,11,%B3%A4%BD%AD%C6%DA%BB%F5,1260,-100.0,长江期货
2025-04-02,CU2504,short,12,%C9%BD%BD%F0%C6%DA%BB%F5,1005,-190.0,山金期货
2025-04-02,CU2504,short,13,%C4%CF%BB%AA%C6%DA%BB%F5,920,100.0,南华期货
2025-04-02,CU2504,short,14,%D4%C6%B3%BF%C6%DA%BB%F5,900,-105.0,云晨期货
2025-04-02,CU2504,short,15,%BA%EB%D2%B5%C6%DA%BB%F5,640,-260.0,弘业期货
2025-04-02,CU2504,short,16,%D0%CB%D2%B5%C6%DA%BB%F5,610,-110.0,兴业期货
2025-04-02,CU2504,short,17,%D2%F8%BA%D3%C6%DA%BB%F5,575,-100.0,银河期货
2025-04-02,CU2504,short,18,%C9%CF%BA%A3%D6%D0%C6%DA,565,-15.0,上海中期
2025-04-02,CU2504,short,19,%B6%AB%BA%A3%C6%DA%BB%F5,450,-310.0,东海期货
2025-04-02,CU2504,short,20,%B0%B2%C1%B8%C6%DA%BB%F5,385,-25.0,安粮期货
2025-04-02,CU2504,short,999,TOTAL,33665,,TOTAL
2025-04-03,CU2504,volume,1,%BB%AA%CE%C5%C6%DA%BB%F5,5725,1140.0,华闻期货
2025-04-03,CU2504,volume,2,%BD%F0%C8%F0%C6%DA%BB%F5,4135,600.0,金瑞期货
2025-04-03,CU2504,volume,3,%D4%C6%B3%BF%C6%DA%BB%F5,3015,170.0,云晨期货
2025-04-03,CU2504,volume,4,%B9%FA%CC%A9%BE%FD%B0%B2,2900,790.0,国泰君安
2025-04-03,CU2504,volume,5,%D6%D0%D0%C5%C6%DA%BB%F5,2150,810.0,中信期货
2025-04-03,CU2504,volume,6,%D6%D0%D6%DD%C6%DA%BB%F5,1880,220.0,中州期货
2025-04-03,CU2504,volume,7,%CD%AD%B9%DA%BD%F0%D4%B4,1825,-20.0,铜冠金源
2025-04-03,CU2504,volume,8,%D6%D0%CC%A9%C6%DA%BB%F5,1815,1460.0,中泰期货
2025-04-03,CU2504,volume,9,%D2%F8%BA%D3%C6%DA%BB%F5,1790,560.0,银河期货
2025-04-03,CU2504,volume,10,%B6%AB%D6%A4%C6%DA%BB%F5,1770,670.0,东证期货
2025-04-03,CU2504,volume,11,%B9%E2%B4%F3%C6%DA%BB%F5,1630,575.0,光大期货
2025-04-03,CU2504,volume,12,%CE%E5%BF%F3%C6%DA%BB%F5,1575,-155.0,五矿期货
2025-04-03,CU2504,volume,13,%B9%FA%C3%B3%C6%DA%BB%F5,1575,-170.0,国贸期货
2025-04-03,CU2504,volume,14,%C9%EA%CD%F2%C6%DA%BB%F5,1540,430.0,申万期货
2025-04-03,CU2504,volume,15,%C9%BD%BD%F0%C6%DA%BB%F5,1310,350.0,山金期货
2025-04-03,CU2504,volume,16,%C4%CF%BB%AA%C6%DA%BB%F5,1285,225.0,南华期货
2025-04-03,CU2504,volume,17,%CE%EF%B2%FA%D6%D0%B4%F3,1125,590.0,物产中大
2025-04-03,CU2504,volume,18,%D5%E3%C9%CC%C6%DA%BB%F5,825,430.0,浙商期货
2025-04-03,CU2504,volume,19,%B9%E3%B7%A2%C6%DA%BB%F5,770,315.0,广发期货
2025-04-03,CU2504,volume,20,%BB%AA%F6%CE%C6%DA%BB%F5,680,365.0,华鑫期货
2025-04-03,CU2504,volume,999,TOTAL,39320,,TOTAL
2025-04-03,CU2504,long,1,%CE%E5%BF%F3%C6%DA%BB%F5,5790,-1115.0,五矿期货
2025-04-03,CU2504,long,2,%D4%C6%B3%BF%C6%DA%BB%F5,5055,-1750.0,云晨期货
2025-04-03,CU2504,long,3,%CD%AD%B9%DA%BD%F0%D4%B4,4790,-935.0,铜冠金源
2025-04-03,CU2504,long,4,%BD%F0%C8%F0%C6%DA%BB%F5,3090,-5.0,金瑞期货
2025-04-03,CU2504,long,5,%D2%F8%BA%D3%C6%DA%BB%F5,2975,75.0,银河期货
2025-04-03,CU2504,long,6,%B9%FA%CC%A9%BE%FD%B0%B2,2345,-795.0,国泰君安
2025-04-03,CU2504,long,7,%D6%D0%D0%C5%C6%DA%BB%F5,1530,-410.0,中信期货
2025-04-03,CU2504,long,8,%C4%CF%BB%AA%C6%DA%BB%F5,1085,125.0,南华期货
2025-04-03,CU2504,long,9,%BD%A8%D0%C5%C6%DA%BB%F5,785,210.0,建信期货
2025-04-03,CU2504,long,10,%BA%EB%D2%B5%C6%DA%BB%F5,730,-10.0,弘业期货
2025-04-03,CU2504,long,11,%BB%AA%B0%B2%C6%DA%BB%F5,540,-10.0,华安期货
2025-04-03,CU2504,long,12,%B6%AB%D6%A4%C6%DA%BB%F5,485,-5.0,东证期货
2025-04-03,CU2504,long,13,%BB%AA%F6%CE%C6%DA%BB%F5,480,-45.0,华鑫期货
2025-04-03,CU2504,long,14,%B9%E3%D6%DD%C6%DA%BB%F5,455,40.0,广州期货
2025-04-03,CU2504,long,15,%D7%CF%BD%F0%CC%EC%B7%E7,450,150.0,紫金天风
2025-04-03,CU2504,long,16,%B9%E3%B7%A2%C6%DA%BB%F5,390,-320.0,广发期货
2025-04-03,CU2504,long,17,%D6%D0%BA%BD%C6%DA%BB%F5,355,65.0,中航期货
2025-04-03,CU2504,long,18,%B7%BD%D5%FD%D6%D0%C6%DA,355,-55.0,方正中期
2025-04-03,CU2504,long,19,%D6%D0%B9%FA%B9%FA%BC%CA,320,-20.0,中国国际
2025-04-03,CU2504,long,20,%D6%D0%D0%C5%BD%A8%CD%B6,315,-135.0,中信建投
2025-04-03,CU2504,long,999,TOTAL,32320,,TOTAL
2025-04-03,CU2504,short,1,%BD%F0%C8%F0%C6%DA%BB%F5,4475,-2340.0,金瑞期货
2025-04-03,CU2504,short,2,%D6%D0%D0%C5%C6%DA%BB%F5,3155,-200.0,中信期货
2025-04-03,CU2504,short,3,%B9%FA%CC%A9%BE%FD%B0%B2,2265,95.0,国泰君安
2025-04-03,CU2504,short,4,%CE%E5%BF%F3%C6%DA%BB%F5,2210,-80.0,五矿期货
2025-04-03,CU2504,short,5,%B9%FA%C3%B3%C6%DA%BB%F5,2125,-265.0,国贸期货
2025-04-03,CU2504,short,6,%B6%AB%D6%A4%C6%DA%BB%F5,2050,-135.0,东证期货
2025-04-03,CU2504,short,7,%D7%CF%BD%F0%CC%EC%B7%E7,2045,-40.0,紫金天风
2025-04-03,CU2504,short,8,%B9%FA%CD%B6%B0%B2%D0%C5,1940,-215.0,国投安信
2025-04-03,CU2504,short,9,%CD%AD%B9%DA%BD%F0%D4%B4,1120,-340.0,铜冠金源
2025-04-03,CU2504,short,10,%B3%A4%BD%AD%C6%DA%BB%F5,1120,-140.0,长江期货
2025-04-03,CU2504,short,11,%D4%C6%B3%BF%C6%DA%BB%F5,1095,195.0,云晨期货
2025-04-03,CU2504,short,12,%B9%E2%B4%F3%C6%DA%BB%F5,1000,-450.0,光大期货
2025-04-03,CU2504,short,13,%C9%BD%BD%F0%C6%DA%BB%F5,880,-125.0,山金期货
2025-04-03,CU2504,short,14,%C4%CF%BB%AA%C6%DA%BB%F5,810,-110.0,南华期货
2025-04-03,CU2504,short,15,%D2%F8%BA%D3%C6%DA%BB%F5,610,35.0,银河期货
2025-04-03,CU2504,short,16,%C9%CF%BA%A3%D6%D0%C6%DA,445,-120.0,上海中期
2025-04-03,CU2504,short,17,%D0%CB%D2%B5%C6%DA%BB%F5,370,-240.0,兴业期货
2025-04-03,CU2504,short,18,%BA%EB%D2%B5%C6%DA%BB%F5,355,-285.0,弘业期货
2025-04-03,CU2504,short,19,%B0%B2%C1%B8%C6%DA%BB%F5,355,-30.0,安粮期货
2025-04-03,CU2504,short,20,%C2%F5%BF%C6%C6%DA%BB%F5,345,0.0,迈科期货
2025-04-03,CU2504,short,999,TOTAL,28770,,TOTAL
2025-04-24,CU2505,volume,1,%D6%D0%D0%C5%C6%DA%BB%F5,10936,947.0,中信期货
2025-04-24,CU2505,volume,2,%B6%AB%D6%A4%C6%DA%BB%F5,10331,3882.0,东证期货
2025-04-24,CU2505,volume,3,%B9%FA%CC%A9%BE%FD%B0%B2,8226,376.0,国泰君安
2025-04-24,CU2505,volume,4,%BD%F0%C8%F0%C6%DA%BB%F5,5008,-1162.0,金瑞期货
2025-04-24,CU2505,volume,5,%D6%D0%CC%A9%C6%DA%BB%F5,3925,21.0,中泰期货
2025-04-24,CU2505,volume,6,%C6%BD%B0%B2%C6%DA%BB%F5,2769,2530.0,平安期货
2025-04-24,CU2505,volume,7,%B9%FA%CD%B6%C6%DA%BB%F5,2742,1423.0,国投期货
2025-04-24,CU2505,volume,8,%BA%A3%CD%A8%C6%DA%BB%F5,2684,-360.0,海通期货
2025-04-24,CU2505,volume,9,%D5%E3%C9%CC%C6%DA%BB%F5,2492,458.0,浙商期货
2025-04-24,CU2505,volume,10,%D2%F8%BA%D3%C6%DA%BB%F5,2379,447.0,银河期货
2025-04-24,CU2505,volume,11,%BB%AA%CC%A9%C6%DA%BB%F5,2283,896.0,华泰期货
2025-04-24,CU2505,volume,12,%B9%E3%B7%A2%C6%DA%BB%F5,2136,639.0,广发期货
2025-04-24,CU2505,volume,13,%BD%F2%CD%B6%C6%DA%BB%F5,1925,-2017.0,津投期货
2025-04-24,CU2505,volume,14,%C9%EA%CD%F2%C6%DA%BB%F5,1914,832.0,申万期货
2025-04-24,CU2505,volume,15,%B7%BD%D5%FD%D6%D0%C6%DA,1885,1643.0,方正中期
2025-04-24,CU2505,volume,16,%C4%CF%BB%AA%C6%DA%BB%F5,1839,-130.0,南华期货
2025-04-24,CU2505,volume,17,%D4%C6%B3%BF%C6%DA%BB%F5,1687,586.0,云晨期货
2025-04-24,CU2505,volume,18,%D6%D0%D0%C5%BD%A8%CD%B6,1681,58.0,中信建投
2025-04-24,CU2505,volume,19,%CE%E5%BF%F3%C6%DA%BB%F5,1461,550.0,五矿期货
2025-04-24,CU2505,volume,20,%D5%D0%C9%CC%C6%DA%BB%F5,1378,1005.0,招商期货
2025-04-24,CU2505,volume,999,TOTAL,69681,,TOTAL
2025-04-24,CU2505,long,1,%BD%F0%C8%F0%C6%DA%BB%F5,8345,-680.0,金瑞期货
2025-04-24,CU2505,long,2,%D4%C6%B3%BF%C6%DA%BB%F5,8005,-456.0,云晨期货
2025-04-24,CU2505,long,3,%CD%AD%B9%DA%BD%F0%D4%B4,7894,157.0,铜冠金源
2025-04-24,CU2505,long,4,%D6%D0%D0%C5%C6%DA%BB%F5,7329,-562.0,中信期货
2025-04-24,CU2505,long,5,%B9%FA%CC%A9%BE%FD%B0%B2,6684,65.0,国泰君安
2025-04-24,CU2505,long,6,%B9%E3%B7%A2%C6%DA%BB%F5,3318,11.0,广发期货
2025-04-24,CU2505,long,7,%D2%F8%BA%D3%C6%DA%BB%F5,2710,2.0,银河期货
2025-04-24,CU2505,long,8,%D6%D0%CC%A9%C6%DA%BB%F5,2706,160.0,中泰期货
2025-04-24,CU2505,long,9,%C9%EA%CD%F2%C6%DA%BB%F5,2323,167.0,申万期货
2025-04-24,CU2505,long,10,%CF%C8%B7%E6%C6%DA%BB%F5,2097,247.0,先锋期货
2025-04-24,CU2505,long,11,%D3%C0%B0%B2%C6%DA%BB%F5,2039,111.0,永安期货
2025-04-24,CU2505,long,12,%B9%FA%CD%B6%C6%DA%BB%F5,2031,-821.0,国投期货
2025-04-24,CU2505,long,13,%D6%D0%B9%FA%B9%FA%BC%CA,1743,0.0,中国国际
2025-04-24,CU2505,long,14,%B6%AB%D6%A4%C6%DA%BB%F5,1725,-1188.0,东证期货
2025-04-24,CU2505,long,15,%B9%E2%B4%F3%C6%DA%BB%F5,1618,-116.0,光大期货
2025-04-24,CU2505,long,16,%BD%A8%D0%C5%C6%DA%BB%F5,1356,-525.0,建信期货
2025-04-24,CU2505,long,17,%B4%B4%D4%AA%C6%DA%BB%F5,1306,110.0,创元期货
2025-04-24,CU2505,long,18,%B2%C6%D0%C5%C6%DA%BB%F5,1289,0.0,财信期货
2025-04-24,CU2505,long,19,%B7%BD%D5%FD%D6%D0%C6%DA,1157,-356.0,方正中期
2025-04-24,CU2505,long,20,%CE%E5%BF%F3%C6%DA%BB%F5,1156,693.0,五矿期货
2025-04-24,CU2505,long,999,TOTAL,66831,,TOTAL
2025-04-24,CU2505,short,1,%D6%D0%D0%C5%C6%DA%BB%F5,9574,-337.0,中信期货
2025-04-24,CU2505,short,2,%BD%F0%C8%F0%C6%DA%BB%F5,8065,-388.0,金瑞期货
2025-04-24,CU2505,short,3,%CE%E5%BF%F3%C6%DA%BB%F5,6818,198.0,五矿期货
2025-04-24,CU2505,short,4,%B6%AB%D6%A4%C6%DA%BB%F5,5686,-870.0,东证期货
2025-04-24,CU2505,short,5,%B9%FA%CC%A9%BE%FD%B0%B2,3301,-854.0,国泰君安
2025-04-24,CU2505,short,6,%D7%CF%BD%F0%CC%EC%B7%E7,2866,-31.0,紫金天风
2025-04-24,CU2505,short,7,%B9%FA%CD%B6%C6%DA%BB%F5,2616,-163.0,国投期货
2025-04-24,CU2505,short,8,%B9%E2%B4%F3%C6%DA%BB%F5,2446,434.0,光大期货
2025-04-24,CU2505,short,9,%C9%EA%CD%F2%C6%DA%BB%F5,2317,-322.0,申万期货
2025-04-24,CU2505,short,10,%B9%FA%C3%B3%C6%DA%BB%F5,2229,263.0,国贸期货
2025-04-24,CU2505,short,11,%BA%A3%CD%A8%C6%DA%BB%F5,2182,-238.0,海通期货
2025-04-24,CU2505,short,12,%D6%D0%C1%B8%C6%DA%BB%F5,2112,-267.0,中粮期货
2025-04-24,CU2505,short,13,%BD%A8%D0%C5%C6%DA%BB%F5,2023,20.0,建信期货
2025-04-24,CU2505,short,14,%D2%F8%BA%D3%C6%DA%BB%F5,1799,-59.0,银河期货
2025-04-24,CU2505,short,15,%CD%AD%B9%DA%BD%F0%D4%B4,1538,152.0,铜冠金源
2025-04-24,CU2505,short,16,%C9%CF%BA%A3%D6%D0%C6%DA,1358,-22.0,上海中期
2025-04-24,CU2505,short,17,%BB%AA%CC%A9%C6%DA%BB%F5,1225,-72.0,华泰期货
2025-04-24,CU2505,short,18,%B3%A4%BD%AD%C6%DA%BB%F5,1136,2.0,长江期货
2025-04-24,CU2505,short,19,%C9%BD%BD%F0%C6%DA%BB%F5,970,-672.0,山金期货
2025-04-24,CU2505,short,20,%B1%A6%B3%C7%C6%DA%BB%F5,937,552.0,宝城期货
2025-04-24,CU2505,short,999,TOTAL,61198,,TOTAL
2025-04-28,CU2505,volume,1,%B9%FA%CC%A9%BE%FD%B0%B2,7518,1364.0,国泰君安
2025-04-28,CU2505,volume,2,%D6%D0%D0%C5%C6%DA%BB%F5,7144,-240.0,中信期货
2025-04-28,CU2505,volume,3,%BD%F0%C8%F0%C6%DA%BB%F5,6546,1390.0,金瑞期货
2025-04-28,CU2505,volume,4,%B6%AB%D6%A4%C6%DA%BB%F5,4034,-707.0,东证期货
2025-04-28,CU2505,volume,5,%D6%D0%CC%A9%C6%DA%BB%F5,3651,170.0,中泰期货
2025-04-28,CU2505,volume,6,%D2%F8%BA%D3%C6%DA%BB%F5,2370,1140.0,银河期货
2025-04-28,CU2505,volume,7,%CE%E5%BF%F3%C6%DA%BB%F5,2054,1031.0,五矿期货
2025-04-28,CU2505,volume,8,%C4%CF%BB%AA%C6%DA%BB%F5,1717,109.0,南华期货
2025-04-28,CU2505,volume,9,%BA%A3%CD%A8%C6%DA%BB%F5,1677,-587.0,海通期货
2025-04-28,CU2505,volume,10,%B9%E2%B4%F3%C6%DA%BB%F5,1539,174.0,光大期货
2025-04-28,CU2505,volume,11,%D4%C6%B3%BF%C6%DA%BB%F5,1539,54.0,云晨期货
2025-04-28,CU2505,volume,12,%D3%C0%B0%B2%C6%DA%BB%F5,1528,414.0,永安期货
2025-04-28,CU2505,volume,13,%CD%AD%B9%DA%BD%F0%D4%B4,1404,176.0,铜冠金源
2025-04-28,CU2505,volume,14,%B9%E3%B7%A2%C6%DA%BB%F5,1393,479.0,广发期货
2025-04-28,CU2505,volume,15,%BD%A8%D0%C5%C6%DA%BB%F5,1329,370.0,建信期货
2025-04-28,CU2505,volume,16,%BD%F2%CD%B6%C6%DA%BB%F5,1270,173.0,津投期货
2025-04-28,CU2505,volume,17,%B7%BD%D5%FD%D6%D0%C6%DA,1118,-572.0,方正中期
2025-04-28,CU2505,volume,18,%D0%C2%BA%FE%C6%DA%BB%F5,1053,555.0,新湖期货
2025-04-28,CU2505,volume,19,%D5%E3%C9%CC%C6%DA%BB%F5,917,204.0,浙商期货
2025-04-28,CU2505,volume,20,%B1%A6%B3%C7%C6%DA%BB%F5,909,-554.0,宝城期货
2025-04-28,CU2505,volume,999,TOTAL,50710,,TOTAL
2025-04-28,CU2505,long,1,%CD%AD%B9%DA%BD%F0%D4%B4,7975,-225.0,铜冠金源
2025-04-28,CU2505,long,2,%BD%F0%C8%F0%C6%DA%BB%F5,7182,-1470.0,金瑞期货
2025-04-28,CU2505,long,3,%D4%C6%B3%BF%C6%DA%BB%F5,7011,-479.0,云晨期货
2025-04-28,CU2505,long,4,%B9%FA%CC%A9%BE%FD%B0%B2,5929,-741.0,国泰君安
2025-04-28,CU2505,long,5,%D6%D0%D0%C5%C6%DA%BB%F5,5034,-1714.0,中信期货
2025-04-28,CU2505,long,6,%B9%E3%B7%A2%C6%DA%BB%F5,3183,-157.0,广发期货
2025-04-28,CU2505,long,7,%D6%D0%CC%A9%C6%DA%BB%F5,2844,137.0,中泰期货
2025-04-28,CU2505,long,8,%CE%E5%BF%F3%C6%DA%BB%F5,2153,576.0,五矿期货
2025-04-28,CU2505,long,9,%CF%C8%B7%E6%C6%DA%BB%F5,1997,100.0,先锋期货
2025-04-28,CU2505,long,10,%D2%F8%BA%D3%C6%DA%BB%F5,1936,-472.0,银河期货
2025-04-28,CU2505,long,11,%C9%EA%CD%F2%C6%DA%BB%F5,1934,-43.0,申万期货
2025-04-28,CU2505,long,12,%B6%AB%D6%A4%C6%DA%BB%F5,1779,-26.0,东证期货
2025-04-28,CU2505,long,13,%B9%E2%B4%F3%C6%DA%BB%F5,1510,-68.0,光大期货
2025-04-28,CU2505,long,14,%B9%FA%CD%B6%C6%DA%BB%F5,1366,-413.0,国投期货
2025-04-28,CU2505,long,15,%B2%C6%D0%C5%C6%DA%BB%F5,1283,-7.0,财信期货
2025-04-28,CU2505,long,16,%BD%A8%D0%C5%C6%DA%BB%F5,1217,361.0,建信期货
2025-04-28,CU2505,long,17,%BA%EB%D2%B5%C6%DA%BB%F5,984,23.0,弘业期货
2025-04-28,CU2505,long,18,%D6%D0%D0%C5%BD%A8%CD%B6,967,-149.0,中信建投
2025-04-28,CU2505,long,19,%C9%BD%BD%F0%C6%DA%BB%F5,860,-30.0,山金期货
2025-04-28,CU2505,long,20,%B4%B4%D4%AA%C6%DA%BB%F5,854,-112.0,创元期货
2025-04-28,CU2505,long,999,TOTAL,57998,,TOTAL
2025-04-28,CU2505,short,1,%D6%D0%D0%C5%C6%DA%BB%F5,7473,-1094.0,中信期货
2025-04-28,CU2505,short,2,%BD%F0%C8%F0%C6%DA%BB%F5,7428,-488.0,金瑞期货
2025-04-28,CU2505,short,3,%CE%E5%BF%F3%C6%DA%BB%F5,6582,-200.0,五矿期货
2025-04-28,CU2505,short,4,%B6%AB%D6%A4%C6%DA%BB%F5,4607,-694.0,东证期货
2025-04-28,CU2505,short,5,%D7%CF%BD%F0%CC%EC%B7%E7,2667,-193.0,紫金天风
2025-04-28,CU2505,short,6,%B9%FA%CC%A9%BE%FD%B0%B2,2458,-491.0,国泰君安
2025-04-28,CU2505,short,7,%B9%FA%CD%B6%C6%DA%BB%F5,2129,-152.0,国投期货
2025-04-28,CU2505,short,8,%D6%D0%C1%B8%C6%DA%BB%F5,1961,-5.0,中粮期货
2025-04-28,CU2505,short,9,%BA%A3%CD%A8%C6%DA%BB%F5,1921,-114.0,海通期货
2025-04-28,CU2505,short,10,%B9%E2%B4%F3%C6%DA%BB%F5,1770,55.0,光大期货
2025-04-28,CU2505,short,11,%C9%EA%CD%F2%C6%DA%BB%F5,1740,-189.0,申万期货
2025-04-28,CU2505,short,12,%BD%A8%D0%C5%C6%DA%BB%F5,1712,-166.0,建信期货
2025-04-28,CU2505,short,13,%D2%F8%BA%D3%C6%DA%BB%F5,1631,-154.0,银河期货
2025-04-28,CU2505,short,14,%CD%AD%B9%DA%BD%F0%D4%B4,1441,-87.0,铜冠金源
2025-04-28,CU2505,short,15,%C9%CF%BA%A3%D6%D0%C6%DA,1326,-27.0,上海中期
2025-04-28,CU2505,short,16,%B9%FA%C3%B3%C6%DA%BB%F5,1133,-371.0,国贸期货
2025-04-28,CU2505,short,17,%B3%A4%BD%AD%C6%DA%BB%F5,1122,-49.0,长江期货
2025-04-28,CU2505,short,18,%C9%BD%BD%F0%C6%DA%BB%F5,959,175.0,山金期货
2025-04-28,CU2505,short,19,%BB%AA%CC%A9%C6%DA%BB%F5,924,-26.0,华泰期货
2025-04-28,CU2505,short,20,%B3%A4%B0%B2%C6%DA%BB%F5,789,-6.0,长安期货
2025-04-28,CU2505,short,999,TOTAL,51773,,TOTAL
2025-04-30,CU2505,volume,1,%B6%AB%D6%A4%C6%DA%BB%F5,4326,-688.0,东证期货
2025-04-30,CU2505,volume,2,%BD%F0%C8%F0%C6%DA%BB%F5,4078,-2053.0,金瑞期货
2025-04-30,CU2505,volume,3,%D6%D0%D0%C5%C6%DA%BB%F5,3446,-2206.0,中信期货
2025-04-30,CU2505,volume,4,%B9%FA%CC%A9%BE%FD%B0%B2,3270,-2305.0,国泰君安
2025-04-30,CU2505,volume,5,%D4%C6%B3%BF%C6%DA%BB%F5,2654,1135.0,云晨期货
2025-04-30,CU2505,volume,6,%CE%E5%BF%F3%C6%DA%BB%F5,2200,-356.0,五矿期货
2025-04-30,CU2505,volume,7,%D0%C2%BA%FE%C6%DA%BB%F5,1792,1031.0,新湖期货
2025-04-30,CU2505,volume,8,%BD%A8%D0%C5%C6%DA%BB%F5,1195,558.0,建信期货
2025-04-30,CU2505,volume,9,%B9%E2%B4%F3%C6%DA%BB%F5,1158,105.0,光大期货
2025-04-30,CU2505,volume,10,%CD%AD%B9%DA%BD%F0%D4%B4,1080,-272.0,铜冠金源
2025-04-30,CU2505,volume,11,%B9%FA%CD%B6%C6%DA%BB%F5,1032,196.0,国投期货
2025-04-30,CU2505,volume,12,%B9%E3%B7%A2%C6%DA%BB%F5,1025,68.0,广发期货
2025-04-30,CU2505,volume,13,%D2%F8%BA%D3%C6%DA%BB%F5,1014,-672.0,银河期货
2025-04-30,CU2505,volume,14,%BB%AA%CE%C5%C6%DA%BB%F5,984,616.0,华闻期货
2025-04-30,CU2505,volume,15,%BB%AA%F6%CE%C6%DA%BB%F5,937,213.0,华鑫期货
2025-04-30,CU2505,volume,16,%C9%BD%BD%F0%C6%DA%BB%F5,934,364.0,山金期货
2025-04-30,CU2505,volume,17,%D7%CF%BD%F0%CC%EC%B7%E7,907,-260.0,紫金天风
2025-04-30,CU2505,volume,18,%D6%D0%CC%A9%C6%DA%BB%F5,906,16.0,中泰期货
2025-04-30,CU2505,volume,19,%B9%FA%C3%B3%C6%DA%BB%F5,856,424.0,国贸期货
2025-04-30,CU2505,volume,20,%D3%C0%B0%B2%C6%DA%BB%F5,718,562.0,永安期货
2025-04-30,CU2505,volume,999,TOTAL,34512,,TOTAL
2025-04-30,CU2505,long,1,%CD%AD%B9%DA%BD%F0%D4%B4,7575,-239.0,铜冠金源
2025-04-30,CU2505,long,2,%BD%F0%C8%F0%C6%DA%BB%F5,6525,575.0,金瑞期货
2025-04-30,CU2505,long,3,%D4%C6%B3%BF%C6%DA%BB%F5,5475,-518.0,云晨期货
2025-04-30,CU2505,long,4,%B9%FA%CC%A9%BE%FD%B0%B2,3788,-1313.0,国泰君安
2025-04-30,CU2505,long,5,%D6%D0%CC%A9%C6%DA%BB%F5,3290,481.0,中泰期货
2025-04-30,CU2505,long,6,%CE%E5%BF%F3%C6%DA%BB%F5,3080,-76.0,五矿期货
2025-04-30,CU2505,long,7,%D6%D0%D0%C5%C6%DA%BB%F5,2861,-1383.0,中信期货
2025-04-30,CU2505,long,8,%B9%E3%B7%A2%C6%DA%BB%F5,2707,-157.0,广发期货
2025-04-30,CU2505,long,9,%D2%F8%BA%D3%C6%DA%BB%F5,2045,55.0,银河期货
2025-04-30,CU2505,long,10,%CF%C8%B7%E6%C6%DA%BB%F5,1940,3.0,先锋期货
2025-04-30,CU2505,long,11,%C9%EA%CD%F2%C6%DA%BB%F5,1875,-26.0,申万期货
2025-04-30,CU2505,long,12,%C9%BD%BD%F0%C6%DA%BB%F5,1445,630.0,山金期货
2025-04-30,CU2505,long,13,%B9%E2%B4%F3%C6%DA%BB%F5,1270,-122.0,光大期货
2025-04-30,CU2505,long,14,%B2%C6%D0%C5%C6%DA%BB%F5,1155,-78.0,财信期货
2025-04-30,CU2505,long,15,%D6%D0%D0%C5%BD%A8%CD%B6,957,-22.0,中信建投
2025-04-30,CU2505,long,16,%BA%EB%D2%B5%C6%DA%BB%F5,905,-88.0,弘业期货
2025-04-30,CU2505,long,17,%D3%C0%B0%B2%C6%DA%BB%F5,800,576.0,永安期货
2025-04-30,CU2505,long,18,%D2%BB%B5%C2%C6%DA%BB%F5,795,-88.0,一德期货
2025-04-30,CU2505,long,19,%B9%FA%C3%B3%C6%DA%BB%F5,745,-7.0,国贸期货
2025-04-30,CU2505,long,20,%D0%CB%D2%B5%C6%DA%BB%F5,740,36.0,兴业期货
2025-04-30,CU2505,long,999,TOTAL,49973,,TOTAL
2025-04-30,CU2505,short,1,%D6%D0%D0%C5%C6%DA%BB%F5,6170,-279.0,中信期货
2025-04-30,CU2505,short,2,%CE%E5%BF%F3%C6%DA%BB%F5,5915,-506.0,五矿期货
2025-04-30,CU2505,short,3,%BD%F0%C8%F0%C6%DA%BB%F5,5290,-621.0,金瑞期货
2025-04-30,CU2505,short,4,%B6%AB%D6%A4%C6%DA%BB%F5,3065,-627.0,东证期货
2025-04-30,CU2505,short,5,%D4%C6%B3%BF%C6%DA%BB%F5,1905,1444.0,云晨期货
2025-04-30,CU2505,short,6,%D7%CF%BD%F0%CC%EC%B7%E7,1905,-141.0,紫金天风
2025-04-30,CU2505,short,7,%B9%FA%CC%A9%BE%FD%B0%B2,1890,-157.0,国泰君安
2025-04-30,CU2505,short,8,%D6%D0%C1%B8%C6%DA%BB%F5,1695,-241.0,中粮期货
2025-04-30,CU2505,short,9,%C9%EA%CD%F2%C6%DA%BB%F5,1590,80.0,申万期货
2025-04-30,CU2505,short,10,%B9%FA%CD%B6%C6%DA%BB%F5,1590,-551.0,国投期货
2025-04-30,CU2505,short,11,%B9%E2%B4%F3%C6%DA%BB%F5,1585,-418.0,光大期货
2025-04-30,CU2505,short,12,%BD%A8%D0%C5%C6%DA%BB%F5,1505,-170.0,建信期货
2025-04-30,CU2505,short,13,%BA%A3%CD%A8%C6%DA%BB%F5,1485,-140.0,海通期货
2025-04-30,CU2505,short,14,%C9%CF%BA%A3%D6%D0%C6%DA,1425,37.0,上海中期
2025-04-30,CU2505,short,15,%CD%AD%B9%DA%BD%F0%D4%B4,1215,-59.0,铜冠金源
2025-04-30,CU2505,short,16,%B3%A4%BD%AD%C6%DA%BB%F5,1050,-90.0,长江期货
2025-04-30,CU2505,short,17,%D2%F8%BA%D3%C6%DA%BB%F5,890,-421.0,银河期货
2025-04-30,CU2505,short,18,%B3%A4%B0%B2%C6%DA%BB%F5,785,-2.0,长安期货
2025-04-30,CU2505,short,19,%B9%FA%C3%B3%C6%DA%BB%F5,660,-393.0,国贸期货
2025-04-30,CU2505,short,20,%B9%E3%B7%A2%C6%DA%BB%F5,636,-18.0,广发期货
2025-04-30,CU2505,short,999,TOTAL,42251,,TOTAL
2025-05-06,CU2505,volume,1,%BD%F0%C8%F0%C6%DA%BB%F5,3080,-998.0,金瑞期货
2025-05-06,CU2505,volume,2,%B9%FA%CC%A9%BE%FD%B0%B2,2883,-387.0,国泰君安
2025-05-06,CU2505,volume,3,%D2%F8%BA%D3%C6%DA%BB%F5,2210,1196.0,银河期货
2025-05-06,CU2505,volume,4,%CE%E5%BF%F3%C6%DA%BB%F5,2040,-160.0,五矿期货
2025-05-06,CU2505,volume,5,%D4%C6%B3%BF%C6%DA%BB%F5,1910,-744.0,云晨期货
2025-05-06,CU2505,volume,6,%D6%D0%D0%C5%C6%DA%BB%F5,1776,-1670.0,中信期货
2025-05-06,CU2505,volume,7,%BB%AA%CE%C5%C6%DA%BB%F5,1770,786.0,华闻期货
2025-05-06,CU2505,volume,8,%B9%E2%B4%F3%C6%DA%BB%F5,1560,402.0,光大期货
2025-05-06,CU2505,volume,9,%B6%AB%D6%A4%C6%DA%BB%F5,1400,-2926.0,东证期货
2025-05-06,CU2505,volume,10,%C9%EA%CD%F2%C6%DA%BB%F5,1190,876.0,申万期货
2025-05-06,CU2505,volume,11,%D6%D0%D6%DD%C6%DA%BB%F5,1060,571.0,中州期货
2025-05-06,CU2505,volume,12,%CD%AD%B9%DA%BD%F0%D4%B4,1055,-25.0,铜冠金源
2025-05-06,CU2505,volume,13,%B9%FA%C3%B3%C6%DA%BB%F5,985,129.0,国贸期货
2025-05-06,CU2505,volume,14,%B9%E3%B7%A2%C6%DA%BB%F5,863,-162.0,广发期货
2025-05-06,CU2505,volume,15,%BD%A8%D0%C5%C6%DA%BB%F5,710,-485.0,建信期货
2025-05-06,CU2505,volume,16,%B9%FA%CD%B6%C6%DA%BB%F5,670,-362.0,国投期货
2025-05-06,CU2505,volume,17,%D5%E3%C9%CC%C6%DA%BB%F5,590,394.0,浙商期货
2025-05-06,CU2505,volume,18,%CC%EC%B8%BB%C6%DA%BB%F5,520,370.0,天富期货
2025-05-06,CU2505,volume,19,%D0%CB%D2%B5%C6%DA%BB%F5,515,361.0,兴业期货
2025-05-06,CU2505,volume,20,%B6%AB%D0%CB%C6%DA%BB%F5,515,512.0,东兴期货
2025-05-06,CU2505,volume,999,TOTAL,27302,,TOTAL
2025-05-06,CU2505,long,1,%CD%AD%B9%DA%BD%F0%D4%B4,7320,-255.0,铜冠金源
2025-05-06,CU2505,long,2,%BD%F0%C8%F0%C6%DA%BB%F5,6440,-85.0,金瑞期货
2025-05-06,CU2505,long,3,%D4%C6%B3%BF%C6%DA%BB%F5,5095,-380.0,云晨期货
2025-05-06,CU2505,long,4,%B9%FA%CC%A9%BE%FD%B0%B2,4280,492.0,国泰君安
2025-05-06,CU2505,long,5,%D6%D0%CC%A9%C6%DA%BB%F5,3415,125.0,中泰期货
2025-05-06,CU2505,long,6,%CE%E5%BF%F3%C6%DA%BB%F5,2995,-85.0,五矿期货
2025-05-06,CU2505,long,7,%B9%E3%B7%A2%C6%DA%BB%F5,2710,3.0,广发期货
2025-05-06,CU2505,long,8,%D6%D0%D0%C5%C6%DA%BB%F5,2575,-286.0,中信期货
2025-05-06,CU2505,long,9,%D2%F8%BA%D3%C6%DA%BB%F5,2290,245.0,银河期货
2025-05-06,CU2505,long,10,%CF%C8%B7%E6%C6%DA%BB%F5,1900,-40.0,先锋期货
2025-05-06,CU2505,long,11,%C9%EA%CD%F2%C6%DA%BB%F5,1500,-375.0,申万期货
2025-05-06,CU2505,long,12,%C9%BD%BD%F0%C6%DA%BB%F5,1445,0.0,山金期货
2025-05-06,CU2505,long,13,%B9%E2%B4%F3%C6%DA%BB%F5,1310,40.0,光大期货
2025-05-06,CU2505,long,14,%B2%C6%D0%C5%C6%DA%BB%F5,1020,-135.0,财信期货
2025-05-06,CU2505,long,15,%D6%D0%D0%C5%BD%A8%CD%B6,890,-67.0,中信建投
2025-05-06,CU2505,long,16,%D3%C0%B0%B2%C6%DA%BB%F5,800,0.0,永安期货
2025-05-06,CU2505,long,17,%BA%EB%D2%B5%C6%DA%BB%F5,800,-105.0,弘业期货
2025-05-06,CU2505,long,18,%B6%AB%D6%A4%C6%DA%BB%F5,720,195.0,东证期货
2025-05-06,CU2505,long,19,%D7%CF%BD%F0%CC%EC%B7%E7,715,0.0,紫金天风
2025-05-06,CU2505,long,20,%D6%D0%D2%F8%C6%DA%BB%F5,685,30.0,中银期货
2025-05-06,CU2505,long,999,TOTAL,48905,,TOTAL
2025-05-06,CU2505,short,1,%CE%E5%BF%F3%C6%DA%BB%F5,5640,-275.0,五矿期货
2025-05-06,CU2505,short,2,%D6%D0%D0%C5%C6%DA%BB%F5,5290,-880.0,中信期货
2025-05-06,CU2505,short,3,%BD%F0%C8%F0%C6%DA%BB%F5,5225,-65.0,金瑞期货
2025-05-06,CU2505,short,4,%B6%AB%D6%A4%C6%DA%BB%F5,2970,-95.0,东证期货
2025-05-06,CU2505,short,5,%B9%FA%CC%A9%BE%FD%B0%B2,2195,305.0,国泰君安
2025-05-06,CU2505,short,6,%C9%EA%CD%F2%C6%DA%BB%F5,1795,205.0,申万期货
2025-05-06,CU2505,short,7,%D6%D0%C1%B8%C6%DA%BB%F5,1750,55.0,中粮期货
2025-05-06,CU2505,short,8,%B9%E2%B4%F3%C6%DA%BB%F5,1605,20.0,光大期货
2025-05-06,CU2505,short,9,%D4%C6%B3%BF%C6%DA%BB%F5,1495,-410.0,云晨期货
2025-05-06,CU2505,short,10,%BD%A8%D0%C5%C6%DA%BB%F5,1490,-15.0,建信期货
2025-05-06,CU2505,short,11,%B9%FA%CD%B6%C6%DA%BB%F5,1455,-135.0,国投期货
2025-05-06,CU2505,short,12,%D7%CF%BD%F0%CC%EC%B7%E7,1450,-455.0,紫金天风
2025-05-06,CU2505,short,13,%D2%F8%BA%D3%C6%DA%BB%F5,1435,545.0,银河期货
2025-05-06,CU2505,short,14,%C9%CF%BA%A3%D6%D0%C6%DA,1425,0.0,上海中期
2025-05-06,CU2505,short,15,%BA%A3%CD%A8%C6%DA%BB%F5,1275,-210.0,海通期货
2025-05-06,CU2505,short,16,%CD%AD%B9%DA%BD%F0%D4%B4,1265,50.0,铜冠金源
2025-05-06,CU2505,short,17,%B3%A4%BD%AD%C6%DA%BB%F5,1015,-35.0,长江期货
2025-05-06,CU2505,short,18,%B3%A4%B0%B2%C6%DA%BB%F5,795,10.0,长安期货
2025-05-06,CU2505,short,19,%B9%FA%C3%B3%C6%DA%BB%F5,790,130.0,国贸期货
2025-05-06,CU2505,short,20,%BB%AA%CC%A9%C6%DA%BB%F5,680,90.0,华泰期货
2025-05-06,CU2505,short,999,TOTAL,41040,,TOTAL
2025-05-07,CU2505,volume,1,%BD%F0%C8%F0%C6%DA%BB%F5,4015,935.0,金瑞期货
2025-05-07,CU2505,volume,2,%B9%FA%CC%A9%BE%FD%B0%B2,3945,1062.0,国泰君安
2025-05-07,CU2505,volume,3,%D2%F8%BA%D3%C6%DA%BB%F5,2680,470.0,银河期货
2025-05-07,CU2505,volume,4,%BB%AA%CE%C5%C6%DA%BB%F5,2215,445.0,华闻期货
2025-05-07,CU2505,volume,5,%D6%D0%D0%C5%C6%DA%BB%F5,2205,429.0,中信期货
2025-05-07,CU2505,volume,6,%D6%D0%CC%A9%C6%DA%BB%F5,2160,1870.0,中泰期货
2025-05-07,CU2505,volume,7,%B6%AB%D6%A4%C6%DA%BB%F5,2145,745.0,东证期货
2025-05-07,CU2505,volume,8,%CE%E5%BF%F3%C6%DA%BB%F5,2030,-10.0,五矿期货
2025-05-07,CU2505,volume,9,%C9%EA%CD%F2%C6%DA%BB%F5,1950,760.0,申万期货
2025-05-07,CU2505,volume,10,%D6%D0%D6%DD%C6%DA%BB%F5,1240,180.0,中州期货
2025-05-07,CU2505,volume,11,%CD%AD%B9%DA%BD%F0%D4%B4,1230,175.0,铜冠金源
2025-05-07,CU2505,volume,12,%B9%E2%B4%F3%C6%DA%BB%F5,1195,-365.0,光大期货
2025-05-07,CU2505,volume,13,%B7%BD%D5%FD%D6%D0%C6%DA,1145,634.0,方正中期
2025-05-07,CU2505,volume,14,%B9%FA%C3%B3%C6%DA%BB%F5,1140,155.0,国贸期货
2025-05-07,CU2505,volume,15,%D4%C6%B3%BF%C6%DA%BB%F5,1060,-850.0,云晨期货
2025-05-07,CU2505,volume,16,%B4%B4%D4%AA%C6%DA%BB%F5,1030,690.0,创元期货
2025-05-07,CU2505,volume,17,%BD%A8%D0%C5%C6%DA%BB%F5,945,235.0,建信期货
2025-05-07,CU2505,volume,18,%B9%E3%B7%A2%C6%DA%BB%F5,945,82.0,广发期货
2025-05-07,CU2505,volume,19,%D3%C0%B0%B2%C6%DA%BB%F5,810,800.0,永安期货
2025-05-07,CU2505,volume,20,%D6%D0%C1%B8%C6%DA%BB%F5,725,555.0,中粮期货
2025-05-07,CU2505,volume,999,TOTAL,34810,,TOTAL
2025-05-07,CU2505,long,1,%CD%AD%B9%DA%BD%F0%D4%B4,7180,-140.0,铜冠金源
2025-05-07,CU2505,long,2,%BD%F0%C8%F0%C6%DA%BB%F5,6270,-170.0,金瑞期货
2025-05-07,CU2505,long,3,%D4%C6%B3%BF%C6%DA%BB%F5,5180,85.0,云晨期货
2025-05-07,CU2505,long,4,%B9%FA%CC%A9%BE%FD%B0%B2,4215,-65.0,国泰君安
2025-05-07,CU2505,long,5,%D6%D0%CC%A9%C6%DA%BB%F5,3320,-95.0,中泰期货
2025-05-07,CU2505,long,6,%CE%E5%BF%F3%C6%DA%BB%F5,2960,-35.0,五矿期货
2025-05-07,CU2505,long,7,%B9%E3%B7%A2%C6%DA%BB%F5,2470,-240.0,广发期货
2025-05-07,CU2505,long,8,%D6%D0%D0%C5%C6%DA%BB%F5,2325,-250.0,中信期货
2025-05-07,CU2505,long,9,%D2%F8%BA%D3%C6%DA%BB%F5,1835,-455.0,银河期货
2025-05-07,CU2505,long,10,%CF%C8%B7%E6%C6%DA%BB%F5,1600,-300.0,先锋期货
2025-05-07,CU2505,long,11,%C9%EA%CD%F2%C6%DA%BB%F5,1500,0.0,申万期货
2025-05-07,CU2505,long,12,%C9%BD%BD%F0%C6%DA%BB%F5,1370,-75.0,山金期货
2025-05-07,CU2505,long,13,%B9%E2%B4%F3%C6%DA%BB%F5,1265,-45.0,光大期货
2025-05-07,CU2505,long,14,%B2%C6%D0%C5%C6%DA%BB%F5,1040,20.0,财信期货
2025-05-07,CU2505,long,15,%BA%EB%D2%B5%C6%DA%BB%F5,755,-45.0,弘业期货
2025-05-07,CU2505,long,16,%D7%CF%BD%F0%CC%EC%B7%E7,710,-5.0,紫金天风
2025-05-07,CU2505,long,17,%BB%AA%CC%A9%C6%DA%BB%F5,705,50.0,华泰期货
2025-05-07,CU2505,long,18,%D6%D0%D2%F8%C6%DA%BB%F5,705,20.0,中银期货
2025-05-07,CU2505,long,19,%B4%B4%D4%AA%C6%DA%BB%F5,645,190.0,创元期货
2025-05-07,CU2505,long,20,%D6%D0%D0%C5%BD%A8%CD%B6,605,-285.0,中信建投
2025-05-07,CU2505,long,999,TOTAL,46655,,TOTAL
2025-05-07,CU2505,short,1,%CE%E5%BF%F3%C6%DA%BB%F5,6405,765.0,五矿期货
2025-05-07,CU2505,short,2,%BD%F0%C8%F0%C6%DA%BB%F5,4780,-445.0,金瑞期货
2025-05-07,CU2505,short,3,%D6%D0%D0%C5%C6%DA%BB%F5,4415,-875.0,中信期货
2025-05-07,CU2505,short,4,%B6%AB%D6%A4%C6%DA%BB%F5,2515,-455.0,东证期货
2025-05-07,CU2505,short,5,%B9%E2%B4%F3%C6%DA%BB%F5,1915,310.0,光大期货
2025-05-07,CU2505,short,6,%D4%C6%B3%BF%C6%DA%BB%F5,1810,315.0,云晨期货
2025-05-07,CU2505,short,7,%B9%FA%CC%A9%BE%FD%B0%B2,1645,-550.0,国泰君安
2025-05-07,CU2505,short,8,%C9%CF%BA%A3%D6%D0%C6%DA,1325,-100.0,上海中期
2025-05-07,CU2505,short,9,%C9%EA%CD%F2%C6%DA%BB%F5,1235,-560.0,申万期货
2025-05-07,CU2505,short,10,%BD%A8%D0%C5%C6%DA%BB%F5,1210,-280.0,建信期货
2025-05-07,CU2505,short,11,%B9%FA%CD%B6%C6%DA%BB%F5,1175,-280.0,国投期货
2025-05-07,CU2505,short,12,%BA%A3%CD%A8%C6%DA%BB%F5,1105,-170.0,海通期货
2025-05-07,CU2505,short,13,%D7%CF%BD%F0%CC%EC%B7%E7,1085,-365.0,紫金天风
2025-05-07,CU2505,short,14,%D2%F8%BA%D3%C6%DA%BB%F5,1040,-395.0,银河期货
2025-05-07,CU2505,short,15,%D6%D0%C1%B8%C6%DA%BB%F5,1025,-725.0,中粮期货
2025-05-07,CU2505,short,16,%CD%AD%B9%DA%BD%F0%D4%B4,955,-310.0,铜冠金源
2025-05-07,CU2505,short,17,%B3%A4%BD%AD%C6%DA%BB%F5,855,-160.0,长江期货
2025-05-07,CU2505,short,18,%B3%A4%B0%B2%C6%DA%BB%F5,795,0.0,长安期货
2025-05-07,CU2505,short,19,%B9%FA%C3%B3%C6%DA%BB%F5,710,-80.0,国贸期货
2025-05-07,CU2505,short,20,%C2%F5%BF%C6%C6%DA%BB%F5,590,-15.0,迈科期货
2025-05-07,CU2505,short,999,TOTAL,36590,,TOTAL
2025-05-08,CU2505,volume,1,%BD%F0%C8%F0%C6%DA%BB%F5,6060,2045.0,金瑞期货
2025-05-08,CU2505,volume,2,%B6%AB%D6%A4%C6%DA%BB%F5,2440,295.0,东证期货
2025-05-08,CU2505,volume,3,%D2%F8%BA%D3%C6%DA%BB%F5,2345,-335.0,银河期货
2025-05-08,CU2505,volume,4,%BB%AA%CE%C5%C6%DA%BB%F5,2055,-160.0,华闻期货
2025-05-08,CU2505,volume,5,%CD%AD%B9%DA%BD%F0%D4%B4,1940,710.0,铜冠金源
2025-05-08,CU2505,volume,6,%C9%EA%CD%F2%C6%DA%BB%F5,1905,-45.0,申万期货
2025-05-08,CU2505,volume,7,%B9%FA%CD%B6%C6%DA%BB%F5,1780,1275.0,国投期货
2025-05-08,CU2505,volume,8,%D6%D0%D0%C5%C6%DA%BB%F5,1665,-540.0,中信期货
2025-05-08,CU2505,volume,9,%B9%FA%CC%A9%BE%FD%B0%B2,1635,-2310.0,国泰君安
2025-05-08,CU2505,volume,10,%B9%E2%B4%F3%C6%DA%BB%F5,1515,320.0,光大期货
2025-05-08,CU2505,volume,11,%D4%C6%B3%BF%C6%DA%BB%F5,1500,440.0,云晨期货
2025-05-08,CU2505,volume,12,%CE%E5%BF%F3%C6%DA%BB%F5,1465,-565.0,五矿期货
2025-05-08,CU2505,volume,13,%B9%E3%B7%A2%C6%DA%BB%F5,1465,520.0,广发期货
2025-05-08,CU2505,volume,14,%CE%EF%B2%FA%D6%D0%B4%F3,1445,1065.0,物产中大
2025-05-08,CU2505,volume,15,%D6%D0%CC%A9%C6%DA%BB%F5,1445,-715.0,中泰期货
2025-05-08,CU2505,volume,16,%BD%A8%D0%C5%C6%DA%BB%F5,935,-10.0,建信期货
2025-05-08,CU2505,volume,17,%D6%D0%D6%DD%C6%DA%BB%F5,830,-410.0,中州期货
2025-05-08,CU2505,volume,18,%BB%AA%CC%A9%C6%DA%BB%F5,810,490.0,华泰期货
2025-05-08,CU2505,volume,19,%D6%D0%D0%C5%BD%A8%CD%B6,760,235.0,中信建投
2025-05-08,CU2505,volume,20,%B4%B4%D4%AA%C6%DA%BB%F5,740,-290.0,创元期货
2025-05-08,CU2505,volume,999,TOTAL,34735,,TOTAL
2025-05-08,CU2505,long,1,%CD%AD%B9%DA%BD%F0%D4%B4,6005,-1175.0,铜冠金源
2025-05-08,CU2505,long,2,%D4%C6%B3%BF%C6%DA%BB%F5,5180,0.0,云晨期货
2025-05-08,CU2505,long,3,%BD%F0%C8%F0%C6%DA%BB%F5,4470,-1800.0,金瑞期货
2025-05-08,CU2505,long,4,%B9%FA%CC%A9%BE%FD%B0%B2,3460,-755.0,国泰君安
2025-05-08,CU2505,long,5,%D6%D0%CC%A9%C6%DA%BB%F5,2880,-440.0,中泰期货
2025-05-08,CU2505,long,6,%CE%E5%BF%F3%C6%DA%BB%F5,2755,-205.0,五矿期货
2025-05-08,CU2505,long,7,%D6%D0%D0%C5%C6%DA%BB%F5,1785,-540.0,中信期货
2025-05-08,CU2505,long,8,%B9%E3%B7%A2%C6%DA%BB%F5,1505,-965.0,广发期货
2025-05-08,CU2505,long,9,%D2%F8%BA%D3%C6%DA%BB%F5,1500,-335.0,银河期货
2025-05-08,CU2505,long,10,%C9%BD%BD%F0%C6%DA%BB%F5,1370,0.0,山金期货
2025-05-08,CU2505,long,11,%CF%C8%B7%E6%C6%DA%BB%F5,1300,-300.0,先锋期货
2025-05-08,CU2505,long,12,%BB%AA%CC%A9%C6%DA%BB%F5,895,190.0,华泰期货
2025-05-08,CU2505,long,13,%B9%E2%B4%F3%C6%DA%BB%F5,885,-380.0,光大期货
2025-05-08,CU2505,long,14,%B2%C6%D0%C5%C6%DA%BB%F5,795,-245.0,财信期货
2025-05-08,CU2505,long,15,%BA%EB%D2%B5%C6%DA%BB%F5,715,-40.0,弘业期货
2025-05-08,CU2505,long,16,%D7%CF%BD%F0%CC%EC%B7%E7,700,-10.0,紫金天风
2025-05-08,CU2505,long,17,%CE%EF%B2%FA%D6%D0%B4%F3,635,180.0,物产中大
2025-05-08,CU2505,long,18,%B6%AB%D6%A4%C6%DA%BB%F5,605,25.0,东证期货
2025-05-08,CU2505,long,19,%BA%A3%D6%A4%C6%DA%BB%F5,545,0.0,海证期货
2025-05-08,CU2505,long,20,%B6%AB%D0%CB%C6%DA%BB%F5,530,0.0,东兴期货
2025-05-08,CU2505,long,999,TOTAL,38515,,TOTAL
2025-05-08,CU2505,short,1,%CE%E5%BF%F3%C6%DA%BB%F5,6375,-30.0,五矿期货
2025-05-08,CU2505,short,2,%D6%D0%D0%C5%C6%DA%BB%F5,4220,-195.0,中信期货
2025-05-08,CU2505,short,3,%BD%F0%C8%F0%C6%DA%BB%F5,3180,-1600.0,金瑞期货
2025-05-08,CU2505,short,4,%B6%AB%D6%A4%C6%DA%BB%F5,1870,-645.0,东证期货
2025-05-08,CU2505,short,5,%B9%FA%CC%A9%BE%FD%B0%B2,1595,-50.0,国泰君安
2025-05-08,CU2505,short,6,%B9%FA%CD%B6%C6%DA%BB%F5,1405,230.0,国投期货
2025-05-08,CU2505,short,7,%B9%E2%B4%F3%C6%DA%BB%F5,1380,-535.0,光大期货
2025-05-08,CU2505,short,8,%C9%CF%BA%A3%D6%D0%C6%DA,1315,-10.0,上海中期
2025-05-08,CU2505,short,9,%D6%D0%C1%B8%C6%DA%BB%F5,1070,45.0,中粮期货
2025-05-08,CU2505,short,10,%C9%EA%CD%F2%C6%DA%BB%F5,945,-290.0,申万期货
2025-05-08,CU2505,short,11,%CD%AD%B9%DA%BD%F0%D4%B4,890,-65.0,铜冠金源
2025-05-08,CU2505,short,12,%B3%A4%BD%AD%C6%DA%BB%F5,860,5.0,长江期货
2025-05-08,CU2505,short,13,%D7%CF%BD%F0%CC%EC%B7%E7,840,-245.0,紫金天风
2025-05-08,CU2505,short,14,%B3%A4%B0%B2%C6%DA%BB%F5,785,-10.0,长安期货
2025-05-08,CU2505,short,15,%BD%A8%D0%C5%C6%DA%BB%F5,720,-490.0,建信期货
2025-05-08,CU2505,short,16,%BA%A3%CD%A8%C6%DA%BB%F5,710,-395.0,海通期货
2025-05-08,CU2505,short,17,%D4%C6%B3%BF%C6%DA%BB%F5,710,-1100.0,云晨期货
2025-05-08,CU2505,short,18,%D2%F8%BA%D3%C6%DA%BB%F5,690,-350.0,银河期货
2025-05-08,CU2505,short,19,%B9%FA%C3%B3%C6%DA%BB%F5,625,-85.0,国贸期货
2025-05-08,CU2505,short,20,%C2%F5%BF%C6%C6%DA%BB%F5,570,-20.0,迈科期货
2025-05-08,CU2505,short,999,TOTAL,30755,,TOTAL
2025-05-26,CU2506,volume,1,%B9%FA%CC%A9%BE%FD%B0%B2,21709,6615.0,国泰君安
2025-05-26,CU2506,volume,2,%B6%AB%D6%A4%C6%DA%BB%F5,19145,6226.0,东证期货
2025-05-26,CU2506,volume,3,%D6%D0%D0%C5%C6%DA%BB%F5,17885,3327.0,中信期货
2025-05-26,CU2506,volume,4,%BD%F0%C8%F0%C6%DA%BB%F5,7559,13.0,金瑞期货
2025-05-26,CU2506,volume,5,%BB%AA%CC%A9%C6%DA%BB%F5,4730,-441.0,华泰期货
2025-05-26,CU2506,volume,6,%B9%E3%B7%A2%C6%DA%BB%F5,3522,857.0,广发期货
2025-05-26,CU2506,volume,7,%C6%BD%B0%B2%C6%DA%BB%F5,3167,2681.0,平安期货
2025-05-26,CU2506,volume,8,%D6%D0%CC%A9%C6%DA%BB%F5,3133,347.0,中泰期货
2025-05-26,CU2506,volume,9,%D2%F8%BA%D3%C6%DA%BB%F5,2935,-358.0,银河期货
2025-05-26,CU2506,volume,10,%C9%EA%CD%F2%C6%DA%BB%F5,2843,1950.0,申万期货
2025-05-26,CU2506,volume,11,%BD%A8%D0%C5%C6%DA%BB%F5,2768,1595.0,建信期货
2025-05-26,CU2506,volume,12,%D6%D0%D0%C5%BD%A8%CD%B6,2752,1382.0,中信建投
2025-05-26,CU2506,volume,13,%BA%A3%CD%A8%C6%DA%BB%F5,2736,63.0,海通期货
2025-05-26,CU2506,volume,14,%D5%E3%C9%CC%C6%DA%BB%F5,2433,1502.0,浙商期货
2025-05-26,CU2506,volume,15,%B9%FA%CD%B6%C6%DA%BB%F5,2349,1716.0,国投期货
2025-05-26,CU2506,volume,16,%B7%BD%D5%FD%D6%D0%C6%DA,2060,-608.0,方正中期
2025-05-26,CU2506,volume,17,%B9%E2%B4%F3%C6%DA%BB%F5,2052,-237.0,光大期货
2025-05-26,CU2506,volume,18,%B9%FA%D0%C5%C6%DA%BB%F5,2029,-521.0,国信期货
2025-05-26,CU2506,volume,19,%D5%D0%C9%CC%C6%DA%BB%F5,2016,1034.0,招商期货
2025-05-26,CU2506,volume,20,%B9%FA%C3%B3%C6%DA%BB%F5,1960,1066.0,国贸期货
2025-05-26,CU2506,volume,999,TOTAL,109783,,TOTAL
2025-05-26,CU2506,long,1,%BD%F0%C8%F0%C6%DA%BB%F5,12380,-1823.0,金瑞期货
2025-05-26,CU2506,long,2,%D6%D0%D0%C5%C6%DA%BB%F5,11975,-72.0,中信期货
2025-05-26,CU2506,long,3,%D2%F8%BA%D3%C6%DA%BB%F5,11152,351.0,银河期货
2025-05-26,CU2506,long,4,%B9%FA%CC%A9%BE%FD%B0%B2,10890,-68.0,国泰君安
2025-05-26,CU2506,long,5,%CD%AD%B9%DA%BD%F0%D4%B4,9340,-233.0,铜冠金源
2025-05-26,CU2506,long,6,%D6%D0%CC%A9%C6%DA%BB%F5,5772,-20.0,中泰期货
2025-05-26,CU2506,long,7,%B9%E3%B7%A2%C6%DA%BB%F5,5141,-321.0,广发期货
2025-05-26,CU2506,long,8,%BB%AA%CC%A9%C6%DA%BB%F5,4820,-596.0,华泰期货
2025-05-26,CU2506,long,9,%C9%EA%CD%F2%C6%DA%BB%F5,4632,-538.0,申万期货
2025-05-26,CU2506,long,10,%CE%E5%BF%F3%C6%DA%BB%F5,4188,-180.0,五矿期货
2025-05-26,CU2506,long,11,%D6%D0%D0%C5%BD%A8%CD%B6,4026,-276.0,中信建投
2025-05-26,CU2506,long,12,%B6%AB%D6%A4%C6%DA%BB%F5,3860,-868.0,东证期货
2025-05-26,CU2506,long,13,%D4%C6%B3%BF%C6%DA%BB%F5,3752,290.0,云晨期货
2025-05-26,CU2506,long,14,%CF%C8%B7%E6%C6%DA%BB%F5,3446,73.0,先锋期货
2025-05-26,CU2506,long,15,%D6%D0%C1%B8%C6%DA%BB%F5,2865,77.0,中粮期货
2025-05-26,CU2506,long,16,%B9%E2%B4%F3%C6%DA%BB%F5,2457,-5.0,光大期货
2025-05-26,CU2506,long,17,%BB%EC%E3%E7%CC%EC%B3%C9,2258,-13.0,混沌天成
2025-05-26,CU2506,long,18,%D2%BB%B5%C2%C6%DA%BB%F5,1916,196.0,一德期货
2025-05-26,CU2506,long,19,%BD%A8%D0%C5%C6%DA%BB%F5,1851,-305.0,建信期货
2025-05-26,CU2506,long,20,%D3%C0%B0%B2%C6%DA%BB%F5,1709,-328.0,永安期货
2025-05-26,CU2506,long,999,TOTAL,108430,,TOTAL
2025-05-26,CU2506,short,1,%D6%D0%D0%C5%C6%DA%BB%F5,12870,-889.0,中信期货
2025-05-26,CU2506,short,2,%BD%F0%C8%F0%C6%DA%BB%F5,11570,2224.0,金瑞期货
2025-05-26,CU2506,short,3,%B6%AB%D6%A4%C6%DA%BB%F5,9819,38.0,东证期货
2025-05-26,CU2506,short,4,%CE%E5%BF%F3%C6%DA%BB%F5,9067,-140.0,五矿期货
2025-05-26,CU2506,short,5,%B9%FA%CC%A9%BE%FD%B0%B2,7247,-1194.0,国泰君安
2025-05-26,CU2506,short,6,%D7%CF%BD%F0%CC%EC%B7%E7,5358,314.0,紫金天风
2025-05-26,CU2506,short,7,%B9%E2%B4%F3%C6%DA%BB%F5,4043,27.0,光大期货
2025-05-26,CU2506,short,8,%CD%AD%B9%DA%BD%F0%D4%B4,3792,71.0,铜冠金源
2025-05-26,CU2506,short,9,%BA%A3%CD%A8%C6%DA%BB%F5,3244,-382.0,海通期货
2025-05-26,CU2506,short,10,%BB%AA%CC%A9%C6%DA%BB%F5,3152,-109.0,华泰期货
2025-05-26,CU2506,short,11,%B9%FA%C3%B3%C6%DA%BB%F5,3048,-659.0,国贸期货
2025-05-26,CU2506,short,12,%BA%EB%D2%B5%C6%DA%BB%F5,2761,74.0,弘业期货
2025-05-26,CU2506,short,13,%D0%C2%BA%FE%C6%DA%BB%F5,2281,242.0,新湖期货
2025-05-26,CU2506,short,14,%BD%A8%D0%C5%C6%DA%BB%F5,2212,-1277.0,建信期货
2025-05-26,CU2506,short,15,%D2%F8%BA%D3%C6%DA%BB%F5,2126,-82.0,银河期货
2025-05-26,CU2506,short,16,%B9%FA%CD%B6%C6%DA%BB%F5,2061,-801.0,国投期货
2025-05-26,CU2506,short,17,%C4%CF%BB%AA%C6%DA%BB%F5,2059,-32.0,南华期货
2025-05-26,CU2506,short,18,%D6%D0%D0%C5%BD%A8%CD%B6,2012,-287.0,中信建投
2025-05-26,CU2506,short,19,%C9%CF%BA%A3%D6%D0%C6%DA,2009,151.0,上海中期
2025-05-26,CU2506,short,20,%D4%C6%B3%BF%C6%DA%BB%F5,1958,34.0,云晨期货
2025-05-26,CU2506,short,999,TOTAL,92689,,TOTAL
2025-05-27,CU2506,volume,1,%B9%FA%CC%A9%BE%FD%B0%B2,18587,-3122.0,国泰君安
2025-05-27,CU2506,volume,2,%D6%D0%D0%C5%C6%DA%BB%F5,16010,-1875.0,中信期货
2025-05-27,CU2506,volume,3,%B6%AB%D6%A4%C6%DA%BB%F5,12332,-6813.0,东证期货
2025-05-27,CU2506,volume,4,%BD%F0%C8%F0%C6%DA%BB%F5,7686,127.0,金瑞期货
2025-05-27,CU2506,volume,5,%D6%D0%CC%A9%C6%DA%BB%F5,4715,1582.0,中泰期货
2025-05-27,CU2506,volume,6,%D2%F8%BA%D3%C6%DA%BB%F5,3888,953.0,银河期货
2025-05-27,CU2506,volume,7,%BB%AA%CC%A9%C6%DA%BB%F5,3463,-1267.0,华泰期货
2025-05-27,CU2506,volume,8,%B9%E2%B4%F3%C6%DA%BB%F5,3090,1038.0,光大期货
2025-05-27,CU2506,volume,9,%CD%AD%B9%DA%BD%F0%D4%B4,2496,758.0,铜冠金源
2025-05-27,CU2506,volume,10,%D6%D0%B2%C6%C6%DA%BB%F5,2416,1949.0,中财期货
2025-05-27,CU2506,volume,11,%CE%E5%BF%F3%C6%DA%BB%F5,2184,658.0,五矿期货
2025-05-27,CU2506,volume,12,%C4%CF%BB%AA%C6%DA%BB%F5,2048,663.0,南华期货
2025-05-27,CU2506,volume,13,%BA%A3%CD%A8%C6%DA%BB%F5,2003,-733.0,海通期货
2025-05-27,CU2506,volume,14,%B7%BD%D5%FD%D6%D0%C6%DA,1916,-144.0,方正中期
2025-05-27,CU2506,volume,15,%D3%C0%B0%B2%C6%DA%BB%F5,1804,1042.0,永安期货
2025-05-27,CU2506,volume,16,%B9%E3%B7%A2%C6%DA%BB%F5,1697,-1825.0,广发期货
2025-05-27,CU2506,volume,17,%B9%FA%D0%C5%C6%DA%BB%F5,1641,-388.0,国信期货
2025-05-27,CU2506,volume,18,%D6%D0%D2%F8%C6%DA%BB%F5,1625,180.0,中银期货
2025-05-27,CU2506,volume,19,%B9%FA%C3%B3%C6%DA%BB%F5,1585,-375.0,国贸期货
2025-05-27,CU2506,volume,20,%C9%EA%CD%F2%C6%DA%BB%F5,1572,-1271.0,申万期货
2025-05-27,CU2506,volume,999,TOTAL,92758,,TOTAL
2025-05-27,CU2506,long,1,%BD%F0%C8%F0%C6%DA%BB%F5,12494,114.0,金瑞期货
2025-05-27,CU2506,long,2,%D2%F8%BA%D3%C6%DA%BB%F5,10900,-252.0,银河期货
2025-05-27,CU2506,long,3,%B9%FA%CC%A9%BE%FD%B0%B2,9445,-1445.0,国泰君安
2025-05-27,CU2506,long,4,%D6%D0%D0%C5%C6%DA%BB%F5,9021,-2954.0,中信期货
2025-05-27,CU2506,long,5,%CD%AD%B9%DA%BD%F0%D4%B4,8831,-509.0,铜冠金源
2025-05-27,CU2506,long,6,%D4%C6%B3%BF%C6%DA%BB%F5,4517,765.0,云晨期货
2025-05-27,CU2506,long,7,%D6%D0%CC%A9%C6%DA%BB%F5,4458,-1314.0,中泰期货
2025-05-27,CU2506,long,8,%B9%E3%B7%A2%C6%DA%BB%F5,4430,-711.0,广发期货
2025-05-27,CU2506,long,9,%BB%AA%CC%A9%C6%DA%BB%F5,3969,-851.0,华泰期货
2025-05-27,CU2506,long,10,%D6%D0%D0%C5%BD%A8%CD%B6,3731,-295.0,中信建投
2025-05-27,CU2506,long,11,%C9%EA%CD%F2%C6%DA%BB%F5,3675,-957.0,申万期货
2025-05-27,CU2506,long,12,%CF%C8%B7%E6%C6%DA%BB%F5,3553,107.0,先锋期货
2025-05-27,CU2506,long,13,%CE%E5%BF%F3%C6%DA%BB%F5,3528,-660.0,五矿期货
2025-05-27,CU2506,long,14,%B6%AB%D6%A4%C6%DA%BB%F5,3360,-500.0,东证期货
2025-05-27,CU2506,long,15,%D6%D0%C1%B8%C6%DA%BB%F5,3118,253.0,中粮期货
2025-05-27,CU2506,long,16,%B9%E2%B4%F3%C6%DA%BB%F5,2050,-407.0,光大期货
2025-05-27,CU2506,long,17,%BD%A8%D0%C5%C6%DA%BB%F5,1818,-33.0,建信期货
2025-05-27,CU2506,long,18,%D2%BB%B5%C2%C6%DA%BB%F5,1654,-262.0,一德期货
2025-05-27,CU2506,long,19,%B1%A6%B3%C7%C6%DA%BB%F5,1502,56.0,宝城期货
2025-05-27,CU2506,long,20,%B7%BD%D5%FD%D6%D0%C6%DA,1396,-239.0,方正中期
2025-05-27,CU2506,long,999,TOTAL,97450,,TOTAL
2025-05-27,CU2506,short,1,%D6%D0%D0%C5%C6%DA%BB%F5,11940,-930.0,中信期货
2025-05-27,CU2506,short,2,%BD%F0%C8%F0%C6%DA%BB%F5,10042,-1528.0,金瑞期货
2025-05-27,CU2506,short,3,%CE%E5%BF%F3%C6%DA%BB%F5,9019,-48.0,五矿期货
2025-05-27,CU2506,short,4,%B6%AB%D6%A4%C6%DA%BB%F5,5687,-4132.0,东证期货
2025-05-27,CU2506,short,5,%B9%FA%CC%A9%BE%FD%B0%B2,5623,-1624.0,国泰君安
2025-05-27,CU2506,short,6,%D7%CF%BD%F0%CC%EC%B7%E7,4295,-1063.0,紫金天风
2025-05-27,CU2506,short,7,%CD%AD%B9%DA%BD%F0%D4%B4,3561,-231.0,铜冠金源
2025-05-27,CU2506,short,8,%B9%FA%CD%B6%C6%DA%BB%F5,2996,935.0,国投期货
2025-05-27,CU2506,short,9,%BB%AA%CC%A9%C6%DA%BB%F5,2914,-238.0,华泰期货
2025-05-27,CU2506,short,10,%B9%E2%B4%F3%C6%DA%BB%F5,2902,-1141.0,光大期货
2025-05-27,CU2506,short,11,%BA%A3%CD%A8%C6%DA%BB%F5,2768,-476.0,海通期货
2025-05-27,CU2506,short,12,%BA%EB%D2%B5%C6%DA%BB%F5,2496,-265.0,弘业期货
2025-05-27,CU2506,short,13,%D0%C2%BA%FE%C6%DA%BB%F5,2307,26.0,新湖期货
2025-05-27,CU2506,short,14,%B9%FA%C3%B3%C6%DA%BB%F5,2226,-822.0,国贸期货
2025-05-27,CU2506,short,15,%C9%CF%BA%A3%D6%D0%C6%DA,2082,73.0,上海中期
2025-05-27,CU2506,short,16,%BD%A8%D0%C5%C6%DA%BB%F5,2068,-144.0,建信期货
2025-05-27,CU2506,short,17,%C4%CF%BB%AA%C6%DA%BB%F5,1981,-78.0,南华期货
2025-05-27,CU2506,short,18,%D4%C6%B3%BF%C6%DA%BB%F5,1961,3.0,云晨期货
2025-05-27,CU2506,short,19,%D2%F8%BA%D3%C6%DA%BB%F5,1942,-184.0,银河期货
2025-05-27,CU2506,short,20,%D6%D0%D0%C5%BD%A8%CD%B6,1909,-103.0,中信建投
2025-05-27,CU2506,short,999,TOTAL,80719,,TOTAL
2025-05-30,CU2506,volume,1,%BD%F0%C8%F0%C6%DA%BB%F5,7083,1002.0,金瑞期货
2025-05-30,CU2506,volume,2,%B6%AB%D6%A4%C6%DA%BB%F5,5837,-1658.0,东证期货
2025-05-30,CU2506,volume,3,%D6%D0%D0%C5%C6%DA%BB%F5,4501,-1452.0,中信期货
2025-05-30,CU2506,volume,4,%B9%FA%CC%A9%BE%FD%B0%B2,3970,-4820.0,国泰君安
2025-05-30,CU2506,volume,5,%C9%EA%CD%F2%C6%DA%BB%F5,2771,1527.0,申万期货
2025-05-30,CU2506,volume,6,%D2%F8%BA%D3%C6%DA%BB%F5,2757,-208.0,银河期货
2025-05-30,CU2506,volume,7,%B9%E2%B4%F3%C6%DA%BB%F5,2333,-92.0,光大期货
2025-05-30,CU2506,volume,8,%D6%D0%C1%B8%C6%DA%BB%F5,2076,1863.0,中粮期货
2025-05-30,CU2506,volume,9,%CD%AD%B9%DA%BD%F0%D4%B4,2023,-68.0,铜冠金源
2025-05-30,CU2506,volume,10,%D4%C6%B3%BF%C6%DA%BB%F5,1801,860.0,云晨期货
2025-05-30,CU2506,volume,11,%D6%D0%CC%A9%C6%DA%BB%F5,1519,725.0,中泰期货
2025-05-30,CU2506,volume,12,%B9%E3%B7%A2%C6%DA%BB%F5,1511,509.0,广发期货
2025-05-30,CU2506,volume,13,%CE%E5%BF%F3%C6%DA%BB%F5,1378,-281.0,五矿期货
2025-05-30,CU2506,volume,14,%BB%AA%CC%A9%C6%DA%BB%F5,1285,-483.0,华泰期货
2025-05-30,CU2506,volume,15,%BA%A3%CD%A8%C6%DA%BB%F5,1071,-1446.0,海通期货
2025-05-30,CU2506,volume,16,%B7%BD%D5%FD%D6%D0%C6%DA,1030,645.0,方正中期
2025-05-30,CU2506,volume,17,%D3%C0%B0%B2%C6%DA%BB%F5,1016,477.0,永安期货
2025-05-30,CU2506,volume,18,%D6%D0%D0%C5%BD%A8%CD%B6,981,-1005.0,中信建投
2025-05-30,CU2506,volume,19,%D0%C2%BA%FE%C6%DA%BB%F5,918,-42.0,新湖期货
2025-05-30,CU2506,volume,20,%BD%A8%D0%C5%C6%DA%BB%F5,884,250.0,建信期货
2025-05-30,CU2506,volume,999,TOTAL,46745,,TOTAL
2025-05-30,CU2506,long,1,%BD%F0%C8%F0%C6%DA%BB%F5,10190,-994.0,金瑞期货
2025-05-30,CU2506,long,2,%CD%AD%B9%DA%BD%F0%D4%B4,7705,-50.0,铜冠金源
2025-05-30,CU2506,long,3,%D2%F8%BA%D3%C6%DA%BB%F5,7495,-1597.0,银河期货
2025-05-30,CU2506,long,4,%B9%FA%CC%A9%BE%FD%B0%B2,5460,-805.0,国泰君安
2025-05-30,CU2506,long,5,%D6%D0%D0%C5%C6%DA%BB%F5,4580,-1340.0,中信期货
2025-05-30,CU2506,long,6,%D4%C6%B3%BF%C6%DA%BB%F5,4500,-215.0,云晨期货
2025-05-30,CU2506,long,7,%CE%E5%BF%F3%C6%DA%BB%F5,4195,62.0,五矿期货
2025-05-30,CU2506,long,8,%BB%AA%CC%A9%C6%DA%BB%F5,3941,-148.0,华泰期货
2025-05-30,CU2506,long,9,%CF%C8%B7%E6%C6%DA%BB%F5,3510,-32.0,先锋期货
2025-05-30,CU2506,long,10,%D6%D0%CC%A9%C6%DA%BB%F5,2810,-1033.0,中泰期货
2025-05-30,CU2506,long,11,%B9%E3%B7%A2%C6%DA%BB%F5,2700,-968.0,广发期货
2025-05-30,CU2506,long,12,%D6%D0%C1%B8%C6%DA%BB%F5,1985,-985.0,中粮期货
2025-05-30,CU2506,long,13,%D6%D0%D0%C5%BD%A8%CD%B6,1860,-584.0,中信建投
2025-05-30,CU2506,long,14,%B6%AB%D6%A4%C6%DA%BB%F5,1845,-601.0,东证期货
2025-05-30,CU2506,long,15,%BD%A8%D0%C5%C6%DA%BB%F5,1500,-180.0,建信期货
2025-05-30,CU2506,long,16,%C9%EA%CD%F2%C6%DA%BB%F5,1415,-2026.0,申万期货
2025-05-30,CU2506,long,17,%D2%BB%B5%C2%C6%DA%BB%F5,1340,-240.0,一德期货
2025-05-30,CU2506,long,18,%BB%AA%F6%CE%C6%DA%BB%F5,1195,-88.0,华鑫期货
2025-05-30,CU2506,long,19,%BB%EC%E3%E7%CC%EC%B3%C9,1000,-70.0,混沌天成
2025-05-30,CU2506,long,20,%B6%AB%CE%E2%C6%DA%BB%F5,970,-13.0,东吴期货
2025-05-30,CU2506,long,999,TOTAL,70196,,TOTAL
2025-05-30,CU2506,short,1,%D6%D0%D0%C5%C6%DA%BB%F5,8880,-345.0,中信期货
2025-05-30,CU2506,short,2,%CE%E5%BF%F3%C6%DA%BB%F5,6855,-782.0,五矿期货
2025-05-30,CU2506,short,3,%BD%F0%C8%F0%C6%DA%BB%F5,5855,-2399.0,金瑞期货
2025-05-30,CU2506,short,4,%B6%AB%D6%A4%C6%DA%BB%F5,4255,-498.0,东证期货
2025-05-30,CU2506,short,5,%B9%FA%CC%A9%BE%FD%B0%B2,3570,-405.0,国泰君安
2025-05-30,CU2506,short,6,%D7%CF%BD%F0%CC%EC%B7%E7,2895,-502.0,紫金天风
2025-05-30,CU2506,short,7,%B9%FA%CD%B6%C6%DA%BB%F5,2750,-199.0,国投期货
2025-05-30,CU2506,short,8,%CD%AD%B9%DA%BD%F0%D4%B4,2560,-975.0,铜冠金源
2025-05-30,CU2506,short,9,%B9%E2%B4%F3%C6%DA%BB%F5,2295,-835.0,光大期货
2025-05-30,CU2506,short,10,%BB%AA%CC%A9%C6%DA%BB%F5,2050,-539.0,华泰期货
2025-05-30,CU2506,short,11,%D2%F8%BA%D3%C6%DA%BB%F5,1930,-528.0,银河期货
2025-05-30,CU2506,short,12,%B9%FA%C3%B3%C6%DA%BB%F5,1875,-95.0,国贸期货
2025-05-30,CU2506,short,13,%C4%CF%BB%AA%C6%DA%BB%F5,1735,-358.0,南华期货
2025-05-30,CU2506,short,14,%D0%C2%BA%FE%C6%DA%BB%F5,1675,-343.0,新湖期货
2025-05-30,CU2506,short,15,%BD%A8%D0%C5%C6%DA%BB%F5,1640,-118.0,建信期货
2025-05-30,CU2506,short,16,%BA%EB%D2%B5%C6%DA%BB%F5,1502,-311.0,弘业期货
2025-05-30,CU2506,short,17,%B3%A4%BD%AD%C6%DA%BB%F5,1410,-47.0,长江期货
2025-05-30,CU2506,short,18,%D5%D0%C9%CC%C6%DA%BB%F5,1400,-93.0,招商期货
2025-05-30,CU2506,short,19,%C9%CF%BA%A3%D6%D0%C6%DA,1315,-699.0,上海中期
2025-05-30,CU2506,short,20,%D0%CB%D2%B5%C6%DA%BB%F5,1315,-24.0,兴业期货
2025-05-30,CU2506,short,999,TOTAL,57762,,TOTAL
2025-06-03,CU2506,volume,1,%BD%F0%C8%F0%C6%DA%BB%F5,5210,-1873.0,金瑞期货
2025-06-03,CU2506,volume,2,%B9%FA%CC%A9%BE%FD%B0%B2,3425,-545.0,国泰君安
2025-06-03,CU2506,volume,3,%B6%AB%D6%A4%C6%DA%BB%F5,2915,-2922.0,东证期货
2025-06-03,CU2506,volume,4,%D6%D0%D0%C5%C6%DA%BB%F5,2520,-1981.0,中信期货
2025-06-03,CU2506,volume,5,%B9%E2%B4%F3%C6%DA%BB%F5,2090,-243.0,光大期货
2025-06-03,CU2506,volume,6,%CE%E5%BF%F3%C6%DA%BB%F5,2060,682.0,五矿期货
2025-06-03,CU2506,volume,7,%D4%C6%B3%BF%C6%DA%BB%F5,1455,-346.0,云晨期货
2025-06-03,CU2506,volume,8,%CD%AD%B9%DA%BD%F0%D4%B4,1415,-608.0,铜冠金源
2025-06-03,CU2506,volume,9,%C9%EA%CD%F2%C6%DA%BB%F5,1325,-1446.0,申万期货
2025-06-03,CU2506,volume,10,%B9%E3%B7%A2%C6%DA%BB%F5,1315,-196.0,广发期货
2025-06-03,CU2506,volume,11,%D2%F8%BA%D3%C6%DA%BB%F5,1235,-1522.0,银河期货
2025-06-03,CU2506,volume,12,%BB%AA%CE%C5%C6%DA%BB%F5,1165,835.0,华闻期货
2025-06-03,CU2506,volume,13,%D6%D0%C1%B8%C6%DA%BB%F5,1100,-976.0,中粮期货
2025-06-03,CU2506,volume,14,%B7%BD%D5%FD%D6%D0%C6%DA,1095,65.0,方正中期
2025-06-03,CU2506,volume,15,%D2%BB%B5%C2%C6%DA%BB%F5,1070,439.0,一德期货
2025-06-03,CU2506,volume,16,%BB%EC%E3%E7%CC%EC%B3%C9,1005,786.0,混沌天成
2025-06-03,CU2506,volume,17,%D0%C2%BA%FE%C6%DA%BB%F5,940,22.0,新湖期货
2025-06-03,CU2506,volume,18,%D7%CF%BD%F0%CC%EC%B7%E7,925,333.0,紫金天风
2025-06-03,CU2506,volume,19,%D6%D0%D2%F8%C6%DA%BB%F5,915,613.0,中银期货
2025-06-03,CU2506,volume,20,%BB%AA%CC%A9%C6%DA%BB%F5,906,-379.0,华泰期货
2025-06-03,CU2506,volume,999,TOTAL,34086,,TOTAL
2025-06-03,CU2506,long,1,%BD%F0%C8%F0%C6%DA%BB%F5,8860,-1330.0,金瑞期货
2025-06-03,CU2506,long,2,%CD%AD%B9%DA%BD%F0%D4%B4,7480,-225.0,铜冠金源
2025-06-03,CU2506,long,3,%D2%F8%BA%D3%C6%DA%BB%F5,7435,-60.0,银河期货
2025-06-03,CU2506,long,4,%D4%C6%B3%BF%C6%DA%BB%F5,5365,865.0,云晨期货
2025-06-03,CU2506,long,5,%B9%FA%CC%A9%BE%FD%B0%B2,5280,-180.0,国泰君安
2025-06-03,CU2506,long,6,%D6%D0%D0%C5%C6%DA%BB%F5,4240,-340.0,中信期货
2025-06-03,CU2506,long,7,%CE%E5%BF%F3%C6%DA%BB%F5,4090,-105.0,五矿期货
2025-06-03,CU2506,long,8,%BB%AA%CC%A9%C6%DA%BB%F5,3560,-381.0,华泰期货
2025-06-03,CU2506,long,9,%CF%C8%B7%E6%C6%DA%BB%F5,3110,-400.0,先锋期货
2025-06-03,CU2506,long,10,%D6%D0%CC%A9%C6%DA%BB%F5,2630,-180.0,中泰期货
2025-06-03,CU2506,long,11,%B9%E3%B7%A2%C6%DA%BB%F5,2520,-180.0,广发期货
2025-06-03,CU2506,long,12,%B6%AB%D6%A4%C6%DA%BB%F5,1720,-125.0,东证期货
2025-06-03,CU2506,long,13,%D6%D0%D0%C5%BD%A8%CD%B6,1510,-350.0,中信建投
2025-06-03,CU2506,long,14,%BD%A8%D0%C5%C6%DA%BB%F5,1470,-30.0,建信期货
2025-06-03,CU2506,long,15,%D6%D0%C1%B8%C6%DA%BB%F5,1375,-610.0,中粮期货
2025-06-03,CU2506,long,16,%C9%EA%CD%F2%C6%DA%BB%F5,1125,-290.0,申万期货
2025-06-03,CU2506,long,17,%B9%E2%B4%F3%C6%DA%BB%F5,1040,175.0,光大期货
2025-06-03,CU2506,long,18,%C4%CF%BB%AA%C6%DA%BB%F5,850,65.0,南华期货
2025-06-03,CU2506,long,19,%D2%BB%B5%C2%C6%DA%BB%F5,850,-490.0,一德期货
2025-06-03,CU2506,long,20,%BA%A3%D6%A4%C6%DA%BB%F5,750,-200.0,海证期货
2025-06-03,CU2506,long,999,TOTAL,65260,,TOTAL
2025-06-03,CU2506,short,1,%D6%D0%D0%C5%C6%DA%BB%F5,7890,-990.0,中信期货
2025-06-03,CU2506,short,2,%CE%E5%BF%F3%C6%DA%BB%F5,5640,-1215.0,五矿期货
2025-06-03,CU2506,short,3,%BD%F0%C8%F0%C6%DA%BB%F5,5175,-680.0,金瑞期货
2025-06-03,CU2506,short,4,%B9%FA%CC%A9%BE%FD%B0%B2,3815,245.0,国泰君安
2025-06-03,CU2506,short,5,%B6%AB%D6%A4%C6%DA%BB%F5,3505,-750.0,东证期货
2025-06-03,CU2506,short,6,%D7%CF%BD%F0%CC%EC%B7%E7,2665,-230.0,紫金天风
2025-06-03,CU2506,short,7,%CD%AD%B9%DA%BD%F0%D4%B4,2620,60.0,铜冠金源
2025-06-03,CU2506,short,8,%B9%FA%CD%B6%C6%DA%BB%F5,2485,-265.0,国投期货
2025-06-03,CU2506,short,9,%B9%E2%B4%F3%C6%DA%BB%F5,2150,-145.0,光大期货
2025-06-03,CU2506,short,10,%BB%AA%CC%A9%C6%DA%BB%F5,1865,-185.0,华泰期货
2025-06-03,CU2506,short,11,%D2%F8%BA%D3%C6%DA%BB%F5,1835,-95.0,银河期货
2025-06-03,CU2506,short,12,%B9%FA%C3%B3%C6%DA%BB%F5,1660,-215.0,国贸期货
2025-06-03,CU2506,short,13,%C4%CF%BB%AA%C6%DA%BB%F5,1645,-90.0,南华期货
2025-06-03,CU2506,short,14,%BD%A8%D0%C5%C6%DA%BB%F5,1620,-20.0,建信期货
2025-06-03,CU2506,short,15,%D5%D0%C9%CC%C6%DA%BB%F5,1370,-30.0,招商期货
2025-06-03,CU2506,short,16,%D6%D0%C1%B8%C6%DA%BB%F5,1345,70.0,中粮期货
2025-06-03,CU2506,short,17,%BA%EB%D2%B5%C6%DA%BB%F5,1295,-207.0,弘业期货
2025-06-03,CU2506,short,18,%B3%A4%BD%AD%C6%DA%BB%F5,1255,-155.0,长江期货
2025-06-03,CU2506,short,19,%C9%CF%BA%A3%D6%D0%C6%DA,1200,-115.0,上海中期
2025-06-03,CU2506,short,20,%D6%D0%D0%C5%BD%A8%CD%B6,1145,-79.0,中信建投
2025-06-03,CU2506,short,999,TOTAL,52180,,TOTAL
2025-06-04,CU2506,volume,1,%BD%F0%C8%F0%C6%DA%BB%F5,7500,2290.0,金瑞期货
2025-06-04,CU2506,volume,2,%B9%FA%CC%A9%BE%FD%B0%B2,4110,685.0,国泰君安
2025-06-04,CU2506,volume,3,%B6%AB%D6%A4%C6%DA%BB%F5,3720,805.0,东证期货
2025-06-04,CU2506,volume,4,%D2%F8%BA%D3%C6%DA%BB%F5,3255,2020.0,银河期货
2025-06-04,CU2506,volume,5,%CD%AD%B9%DA%BD%F0%D4%B4,3140,1725.0,铜冠金源
2025-06-04,CU2506,volume,6,%CE%E5%BF%F3%C6%DA%BB%F5,2545,485.0,五矿期货
2025-06-04,CU2506,volume,7,%D6%D0%D0%C5%C6%DA%BB%F5,2195,-325.0,中信期货
2025-06-04,CU2506,volume,8,%B9%E2%B4%F3%C6%DA%BB%F5,1670,-420.0,光大期货
2025-06-04,CU2506,volume,9,%C9%EA%CD%F2%C6%DA%BB%F5,1655,330.0,申万期货
2025-06-04,CU2506,volume,10,%BA%A3%CD%A8%C6%DA%BB%F5,1305,1020.0,海通期货
2025-06-04,CU2506,volume,11,%D0%C2%BA%FE%C6%DA%BB%F5,1280,340.0,新湖期货
2025-06-04,CU2506,volume,12,%D7%CF%BD%F0%CC%EC%B7%E7,1130,205.0,紫金天风
2025-06-04,CU2506,volume,13,%B7%BD%D5%FD%D6%D0%C6%DA,1075,-20.0,方正中期
2025-06-04,CU2506,volume,14,%B9%E3%B7%A2%C6%DA%BB%F5,1025,-290.0,广发期货
2025-06-04,CU2506,volume,15,%D4%C6%B3%BF%C6%DA%BB%F5,1005,-450.0,云晨期货
2025-06-04,CU2506,volume,16,%C9%BD%BD%F0%C6%DA%BB%F5,990,775.0,山金期货
2025-06-04,CU2506,volume,17,%BB%AA%CE%C5%C6%DA%BB%F5,875,-290.0,华闻期货
2025-06-04,CU2506,volume,18,%B9%FA%C3%B3%C6%DA%BB%F5,865,10.0,国贸期货
2025-06-04,CU2506,volume,19,%D6%D0%C1%B8%C6%DA%BB%F5,790,-310.0,中粮期货
2025-06-04,CU2506,volume,20,%C4%CF%BB%AA%C6%DA%BB%F5,780,195.0,南华期货
2025-06-04,CU2506,volume,999,TOTAL,40910,,TOTAL
2025-06-04,CU2506,long,1,%BD%F0%C8%F0%C6%DA%BB%F5,6300,-2560.0,金瑞期货
2025-06-04,CU2506,long,2,%D2%F8%BA%D3%C6%DA%BB%F5,5900,-1535.0,银河期货
2025-06-04,CU2506,long,3,%D4%C6%B3%BF%C6%DA%BB%F5,5585,220.0,云晨期货
2025-06-04,CU2506,long,4,%CD%AD%B9%DA%BD%F0%D4%B4,5500,-1980.0,铜冠金源
2025-06-04,CU2506,long,5,%B9%FA%CC%A9%BE%FD%B0%B2,4270,-1010.0,国泰君安
2025-06-04,CU2506,long,6,%D6%D0%D0%C5%C6%DA%BB%F5,4270,30.0,中信期货
2025-06-04,CU2506,long,7,%CE%E5%BF%F3%C6%DA%BB%F5,4015,-75.0,五矿期货
2025-06-04,CU2506,long,8,%BB%AA%CC%A9%C6%DA%BB%F5,3560,0.0,华泰期货
2025-06-04,CU2506,long,9,%CF%C8%B7%E6%C6%DA%BB%F5,3020,-90.0,先锋期货
2025-06-04,CU2506,long,10,%D6%D0%CC%A9%C6%DA%BB%F5,2460,-170.0,中泰期货
2025-06-04,CU2506,long,11,%B9%E3%B7%A2%C6%DA%BB%F5,2410,-110.0,广发期货
2025-06-04,CU2506,long,12,%BD%A8%D0%C5%C6%DA%BB%F5,1485,15.0,建信期货
2025-06-04,CU2506,long,13,%D6%D0%D0%C5%BD%A8%CD%B6,1455,-55.0,中信建投
2025-06-04,CU2506,long,14,%B6%AB%D6%A4%C6%DA%BB%F5,1260,-460.0,东证期货
2025-06-04,CU2506,long,15,%B9%E2%B4%F3%C6%DA%BB%F5,1105,65.0,光大期货
2025-06-04,CU2506,long,16,%D2%BB%B5%C2%C6%DA%BB%F5,900,50.0,一德期货
2025-06-04,CU2506,long,17,%D6%D0%C1%B8%C6%DA%BB%F5,840,-535.0,中粮期货
2025-06-04,CU2506,long,18,%C4%CF%BB%AA%C6%DA%BB%F5,720,-130.0,南华期货
2025-06-04,CU2506,long,19,%C9%EA%CD%F2%C6%DA%BB%F5,600,-525.0,申万期货
2025-06-04,CU2506,long,20,%CE%EF%B2%FA%D6%D0%B4%F3,585,-10.0,物产中大
2025-06-04,CU2506,long,999,TOTAL,56240,,TOTAL
2025-06-04,CU2506,short,1,%D6%D0%D0%C5%C6%DA%BB%F5,6345,-1545.0,中信期货
2025-06-04,CU2506,short,2,%CE%E5%BF%F3%C6%DA%BB%F5,4260,-1380.0,五矿期货
2025-06-04,CU2506,short,3,%B9%FA%CC%A9%BE%FD%B0%B2,4195,380.0,国泰君安
2025-06-04,CU2506,short,4,%BD%F0%C8%F0%C6%DA%BB%F5,3975,-1200.0,金瑞期货
2025-06-04,CU2506,short,5,%B6%AB%D6%A4%C6%DA%BB%F5,2785,-720.0,东证期货
2025-06-04,CU2506,short,6,%CD%AD%B9%DA%BD%F0%D4%B4,2580,-40.0,铜冠金源
2025-06-04,CU2506,short,7,%D7%CF%BD%F0%CC%EC%B7%E7,2515,-150.0,紫金天风
2025-06-04,CU2506,short,8,%B9%E2%B4%F3%C6%DA%BB%F5,1965,-185.0,光大期货
2025-06-04,CU2506,short,9,%D2%F8%BA%D3%C6%DA%BB%F5,1965,130.0,银河期货
2025-06-04,CU2506,short,10,%B9%FA%CD%B6%C6%DA%BB%F5,1920,-565.0,国投期货
2025-06-04,CU2506,short,11,%B9%FA%C3%B3%C6%DA%BB%F5,1585,-75.0,国贸期货
2025-06-04,CU2506,short,12,%C4%CF%BB%AA%C6%DA%BB%F5,1585,-60.0,南华期货
2025-06-04,CU2506,short,13,%BB%AA%CC%A9%C6%DA%BB%F5,1565,-300.0,华泰期货
2025-06-04,CU2506,short,14,%D6%D0%C1%B8%C6%DA%BB%F5,1380,35.0,中粮期货
2025-06-04,CU2506,short,15,%D5%D0%C9%CC%C6%DA%BB%F5,1370,0.0,招商期货
2025-06-04,CU2506,short,16,%BD%A8%D0%C5%C6%DA%BB%F5,1260,-360.0,建信期货
2025-06-04,CU2506,short,17,%B3%A4%BD%AD%C6%DA%BB%F5,1165,-90.0,长江期货
2025-06-04,CU2506,short,18,%C9%CF%BA%A3%D6%D0%C6%DA,1110,-90.0,上海中期
2025-06-04,CU2506,short,19,%D6%D0%D0%C5%BD%A8%CD%B6,1060,-85.0,中信建投
2025-06-04,CU2506,short,20,%BA%A3%CD%A8%C6%DA%BB%F5,1020,-100.0,海通期货
2025-06-04,CU2506,short,999,TOTAL,45605,,TOTAL
2025-06-05,CU2506,volume,1,%BD%F0%C8%F0%C6%DA%BB%F5,4625,-2875.0,金瑞期货
2025-06-05,CU2506,volume,2,%CD%AD%B9%DA%BD%F0%D4%B4,3350,210.0,铜冠金源
2025-06-05,CU2506,volume,3,%B6%AB%D6%A4%C6%DA%BB%F5,2700,-1020.0,东证期货
2025-06-05,CU2506,volume,4,%B9%FA%CC%A9%BE%FD%B0%B2,2175,-1935.0,国泰君安
2025-06-05,CU2506,volume,5,%D6%D0%C1%B8%C6%DA%BB%F5,1465,675.0,中粮期货
2025-06-05,CU2506,volume,6,%D2%F8%BA%D3%C6%DA%BB%F5,1265,-1990.0,银河期货
2025-06-05,CU2506,volume,7,%D6%D0%D0%C5%C6%DA%BB%F5,1225,-970.0,中信期货
2025-06-05,CU2506,volume,8,%BB%AA%CE%C5%C6%DA%BB%F5,1125,250.0,华闻期货
2025-06-05,CU2506,volume,9,%BA%A3%CD%A8%C6%DA%BB%F5,1005,-300.0,海通期货
2025-06-05,CU2506,volume,10,%D4%C6%B3%BF%C6%DA%BB%F5,975,-30.0,云晨期货
2025-06-05,CU2506,volume,11,%B9%E3%B7%A2%C6%DA%BB%F5,940,-85.0,广发期货
2025-06-05,CU2506,volume,12,%B9%FA%D4%AA%C6%DA%BB%F5,850,435.0,国元期货
2025-06-05,CU2506,volume,13,%D7%CF%BD%F0%CC%EC%B7%E7,820,-310.0,紫金天风
2025-06-05,CU2506,volume,14,%BB%AA%F6%CE%C6%DA%BB%F5,785,105.0,华鑫期货
2025-06-05,CU2506,volume,15,%B9%E2%B4%F3%C6%DA%BB%F5,770,-900.0,光大期货
2025-06-05,CU2506,volume,16,%D6%D0%CC%A9%C6%DA%BB%F5,720,135.0,中泰期货
2025-06-05,CU2506,volume,17,%D6%D0%D2%F8%C6%DA%BB%F5,670,5.0,中银期货
2025-06-05,CU2506,volume,18,%C4%CF%BB%AA%C6%DA%BB%F5,655,-125.0,南华期货
2025-06-05,CU2506,volume,19,%CE%E5%BF%F3%C6%DA%BB%F5,600,-1945.0,五矿期货
2025-06-05,CU2506,volume,20,%C9%EA%CD%F2%C6%DA%BB%F5,590,-1065.0,申万期货
2025-06-05,CU2506,volume,999,TOTAL,27310,,TOTAL
2025-06-05,CU2506,long,1,%D2%F8%BA%D3%C6%DA%BB%F5,5745,-155.0,银河期货
2025-06-05,CU2506,long,2,%D4%C6%B3%BF%C6%DA%BB%F5,5745,160.0,云晨期货
2025-06-05,CU2506,long,3,%BD%F0%C8%F0%C6%DA%BB%F5,5485,-815.0,金瑞期货
2025-06-05,CU2506,long,4,%D6%D0%D0%C5%C6%DA%BB%F5,4070,-200.0,中信期货
2025-06-05,CU2506,long,5,%CE%E5%BF%F3%C6%DA%BB%F5,4005,-10.0,五矿期货
2025-06-05,CU2506,long,6,%B9%FA%CC%A9%BE%FD%B0%B2,3885,-385.0,国泰君安
2025-06-05,CU2506,long,7,%BB%AA%CC%A9%C6%DA%BB%F5,3510,-50.0,华泰期货
2025-06-05,CU2506,long,8,%CD%AD%B9%DA%BD%F0%D4%B4,3420,-2080.0,铜冠金源
2025-06-05,CU2506,long,9,%CF%C8%B7%E6%C6%DA%BB%F5,3015,-5.0,先锋期货
2025-06-05,CU2506,long,10,%D6%D0%CC%A9%C6%DA%BB%F5,2465,5.0,中泰期货
2025-06-05,CU2506,long,11,%B9%E3%B7%A2%C6%DA%BB%F5,2295,-115.0,广发期货
2025-06-05,CU2506,long,12,%BD%A8%D0%C5%C6%DA%BB%F5,1485,0.0,建信期货
2025-06-05,CU2506,long,13,%D6%D0%D0%C5%BD%A8%CD%B6,1230,-225.0,中信建投
2025-06-05,CU2506,long,14,%B6%AB%D6%A4%C6%DA%BB%F5,1125,-135.0,东证期货
2025-06-05,CU2506,long,15,%B9%E2%B4%F3%C6%DA%BB%F5,1100,-5.0,光大期货
2025-06-05,CU2506,long,16,%D2%BB%B5%C2%C6%DA%BB%F5,850,-50.0,一德期货
2025-06-05,CU2506,long,17,%B7%BD%D5%FD%D6%D0%C6%DA,650,125.0,方正中期
2025-06-05,CU2506,long,18,%C9%EA%CD%F2%C6%DA%BB%F5,650,50.0,申万期货
2025-06-05,CU2506,long,19,%CE%EF%B2%FA%D6%D0%B4%F3,585,0.0,物产中大
2025-06-05,CU2506,long,20,%BA%E3%C1%A6%C6%DA%BB%F5,575,0.0,恒力期货
2025-06-05,CU2506,long,999,TOTAL,51890,,TOTAL
2025-06-05,CU2506,short,1,%D6%D0%D0%C5%C6%DA%BB%F5,5970,-375.0,中信期货
2025-06-05,CU2506,short,2,%B9%FA%CC%A9%BE%FD%B0%B2,4535,340.0,国泰君安
2025-06-05,CU2506,short,3,%CE%E5%BF%F3%C6%DA%BB%F5,4070,-190.0,五矿期货
2025-06-05,CU2506,short,4,%BD%F0%C8%F0%C6%DA%BB%F5,3315,-660.0,金瑞期货
2025-06-05,CU2506,short,5,%CD%AD%B9%DA%BD%F0%D4%B4,2600,20.0,铜冠金源
2025-06-05,CU2506,short,6,%B6%AB%D6%A4%C6%DA%BB%F5,2020,-765.0,东证期货
2025-06-05,CU2506,short,7,%B9%FA%CD%B6%C6%DA%BB%F5,1905,-15.0,国投期货
2025-06-05,CU2506,short,8,%B9%E2%B4%F3%C6%DA%BB%F5,1790,-175.0,光大期货
2025-06-05,CU2506,short,9,%C4%CF%BB%AA%C6%DA%BB%F5,1730,145.0,南华期货
2025-06-05,CU2506,short,10,%D7%CF%BD%F0%CC%EC%B7%E7,1705,-810.0,紫金天风
2025-06-05,CU2506,short,11,%B9%FA%C3%B3%C6%DA%BB%F5,1580,-5.0,国贸期货
2025-06-05,CU2506,short,12,%D2%F8%BA%D3%C6%DA%BB%F5,1525,-440.0,银河期货
2025-06-05,CU2506,short,13,%BB%AA%CC%A9%C6%DA%BB%F5,1440,-125.0,华泰期货
2025-06-05,CU2506,short,14,%D5%D0%C9%CC%C6%DA%BB%F5,1370,0.0,招商期货
2025-06-05,CU2506,short,15,%BD%A8%D0%C5%C6%DA%BB%F5,1185,-75.0,建信期货
2025-06-05,CU2506,short,16,%C9%CF%BA%A3%D6%D0%C6%DA,1070,-40.0,上海中期
2025-06-05,CU2506,short,17,%B3%A4%BD%AD%C6%DA%BB%F5,1055,-110.0,长江期货
2025-06-05,CU2506,short,18,%D6%D0%D0%C5%BD%A8%CD%B6,995,-65.0,中信建投
2025-06-05,CU2506,short,19,%BA%A3%CD%A8%C6%DA%BB%F5,865,-155.0,海通期货
2025-06-05,CU2506,short,20,%BA%EB%D2%B5%C6%DA%BB%F5,850,-120.0,弘业期货
2025-06-05,CU2506,short,999,TOTAL,41575,,TOTAL
2025-06-24,CU2507,volume,1,%D6%D0%D0%C5%C6%DA%BB%F5,14822,-1927.0,中信期货
2025-06-24,CU2507,volume,2,%B6%AB%D6%A4%C6%DA%BB%F5,14070,-2156.0,东证期货
2025-06-24,CU2507,volume,3,%B9%FA%CC%A9%BE%FD%B0%B2,11201,65.0,国泰君安
2025-06-24,CU2507,volume,4,%BD%F0%C8%F0%C6%DA%BB%F5,8781,17.0,金瑞期货
2025-06-24,CU2507,volume,5,%BB%AA%CC%A9%C6%DA%BB%F5,5648,-1018.0,华泰期货
2025-06-24,CU2507,volume,6,%BA%A3%CD%A8%C6%DA%BB%F5,3540,-679.0,海通期货
2025-06-24,CU2507,volume,7,%D6%D0%CC%A9%C6%DA%BB%F5,3501,1582.0,中泰期货
2025-06-24,CU2507,volume,8,%D2%F8%BA%D3%C6%DA%BB%F5,3460,783.0,银河期货
2025-06-24,CU2507,volume,9,%C6%BD%B0%B2%C6%DA%BB%F5,2916,2524.0,平安期货
2025-06-24,CU2507,volume,10,%B9%E3%B7%A2%C6%DA%BB%F5,2654,-148.0,广发期货
2025-06-24,CU2507,volume,11,%B1%A6%B3%C7%C6%DA%BB%F5,2563,1191.0,宝城期货
2025-06-24,CU2507,volume,12,%CD%AD%B9%DA%BD%F0%D4%B4,2253,458.0,铜冠金源
2025-06-24,CU2507,volume,13,%D6%D0%D0%C5%BD%A8%CD%B6,2146,495.0,中信建投
2025-06-24,CU2507,volume,14,%CE%E5%BF%F3%C6%DA%BB%F5,2134,577.0,五矿期货
2025-06-24,CU2507,volume,15,%B9%E2%B4%F3%C6%DA%BB%F5,1858,1001.0,光大期货
2025-06-24,CU2507,volume,16,%BB%AA%B0%B2%C6%DA%BB%F5,1755,1222.0,华安期货
2025-06-24,CU2507,volume,17,%B9%FA%CD%B6%C6%DA%BB%F5,1636,630.0,国投期货
2025-06-24,CU2507,volume,18,%B7%BD%D5%FD%D6%D0%C6%DA,1611,12.0,方正中期
2025-06-24,CU2507,volume,19,%D5%D0%C9%CC%C6%DA%BB%F5,1606,745.0,招商期货
2025-06-24,CU2507,volume,20,%B9%FA%D0%C5%C6%DA%BB%F5,1582,-1253.0,国信期货
2025-06-24,CU2507,volume,999,TOTAL,89737,,TOTAL
2025-06-24,CU2507,long,1,%D6%D0%D0%C5%C6%DA%BB%F5,12224,388.0,中信期货
2025-06-24,CU2507,long,2,%B9%FA%CC%A9%BE%FD%B0%B2,12029,-1135.0,国泰君安
2025-06-24,CU2507,long,3,%BD%F0%C8%F0%C6%DA%BB%F5,8970,-457.0,金瑞期货
2025-06-24,CU2507,long,4,%CD%AD%B9%DA%BD%F0%D4%B4,7811,-14.0,铜冠金源
2025-06-24,CU2507,long,5,%D4%C6%B3%BF%C6%DA%BB%F5,7717,-180.0,云晨期货
2025-06-24,CU2507,long,6,%D2%F8%BA%D3%C6%DA%BB%F5,7626,-938.0,银河期货
2025-06-24,CU2507,long,7,%B6%AB%D6%A4%C6%DA%BB%F5,7476,-621.0,东证期货
2025-06-24,CU2507,long,8,%B9%E3%B7%A2%C6%DA%BB%F5,5473,-354.0,广发期货
2025-06-24,CU2507,long,9,%C9%EA%CD%F2%C6%DA%BB%F5,4857,-11.0,申万期货
2025-06-24,CU2507,long,10,%D6%D0%CC%A9%C6%DA%BB%F5,4035,406.0,中泰期货
2025-06-24,CU2507,long,11,%D3%C0%B0%B2%C6%DA%BB%F5,3843,-76.0,永安期货
2025-06-24,CU2507,long,12,%D6%D0%D0%C5%BD%A8%CD%B6,3825,-32.0,中信建投
2025-06-24,CU2507,long,13,%BD%A8%D0%C5%C6%DA%BB%F5,3792,-122.0,建信期货
2025-06-24,CU2507,long,14,%BB%AA%CC%A9%C6%DA%BB%F5,3667,-126.0,华泰期货
2025-06-24,CU2507,long,15,%D6%D0%C1%B8%C6%DA%BB%F5,3099,-71.0,中粮期货
2025-06-24,CU2507,long,16,%B9%E2%B4%F3%C6%DA%BB%F5,2716,15.0,光大期货
2025-06-24,CU2507,long,17,%D0%C2%BA%FE%C6%DA%BB%F5,2510,36.0,新湖期货
2025-06-24,CU2507,long,18,%CE%E5%BF%F3%C6%DA%BB%F5,2404,62.0,五矿期货
2025-06-24,CU2507,long,19,%B6%AB%CE%E2%C6%DA%BB%F5,2383,-396.0,东吴期货
2025-06-24,CU2507,long,20,%D2%BB%B5%C2%C6%DA%BB%F5,2340,-53.0,一德期货
2025-06-24,CU2507,long,999,TOTAL,108797,,TOTAL
2025-06-24,CU2507,short,1,%D6%D0%D0%C5%C6%DA%BB%F5,14058,-567.0,中信期货
2025-06-24,CU2507,short,2,%BD%F0%C8%F0%C6%DA%BB%F5,11525,1004.0,金瑞期货
2025-06-24,CU2507,short,3,%CE%E5%BF%F3%C6%DA%BB%F5,7491,-1286.0,五矿期货
2025-06-24,CU2507,short,4,%B9%FA%CC%A9%BE%FD%B0%B2,7120,-1159.0,国泰君安
2025-06-24,CU2507,short,5,%B6%AB%D6%A4%C6%DA%BB%F5,5468,-28.0,东证期货
2025-06-24,CU2507,short,6,%D7%CF%BD%F0%CC%EC%B7%E7,5191,-459.0,紫金天风
2025-06-24,CU2507,short,7,%B9%FA%C3%B3%C6%DA%BB%F5,4771,284.0,国贸期货
2025-06-24,CU2507,short,8,%B9%E2%B4%F3%C6%DA%BB%F5,4048,636.0,光大期货
2025-06-24,CU2507,short,9,%BB%AA%CC%A9%C6%DA%BB%F5,3851,-383.0,华泰期货
2025-06-24,CU2507,short,10,%D0%C2%BA%FE%C6%DA%BB%F5,3827,-5.0,新湖期货
2025-06-24,CU2507,short,11,%B9%FA%CD%B6%C6%DA%BB%F5,3320,-88.0,国投期货
2025-06-24,CU2507,short,12,%BA%EB%D2%B5%C6%DA%BB%F5,3274,291.0,弘业期货
2025-06-24,CU2507,short,13,%D2%F8%BA%D3%C6%DA%BB%F5,3076,286.0,银河期货
2025-06-24,CU2507,short,14,%C9%EA%CD%F2%C6%DA%BB%F5,2861,-171.0,申万期货
2025-06-24,CU2507,short,15,%CE%EF%B2%FA%D6%D0%B4%F3,2842,-182.0,物产中大
2025-06-24,CU2507,short,16,%BA%A3%CD%A8%C6%DA%BB%F5,2538,-365.0,海通期货
2025-06-24,CU2507,short,17,%C4%CF%BB%AA%C6%DA%BB%F5,2346,-46.0,南华期货
2025-06-24,CU2507,short,18,%D6%D0%D0%C5%BD%A8%CD%B6,2322,-81.0,中信建投
2025-06-24,CU2507,short,19,%CD%AD%B9%DA%BD%F0%D4%B4,2261,-199.0,铜冠金源
2025-06-24,CU2507,short,20,%D6%D0%B2%C6%C6%DA%BB%F5,2071,-34.0,中财期货
2025-06-24,CU2507,short,999,TOTAL,94261,,TOTAL
2025-06-27,CU2507,volume,1,%D6%D0%D0%C5%C6%DA%BB%F5,12312,-378.0,中信期货
2025-06-27,CU2507,volume,2,%B6%AB%D6%A4%C6%DA%BB%F5,11231,-165.0,东证期货
2025-06-27,CU2507,volume,3,%BD%F0%C8%F0%C6%DA%BB%F5,8378,3164.0,金瑞期货
2025-06-27,CU2507,volume,4,%B9%FA%CC%A9%BE%FD%B0%B2,7880,-1.0,国泰君安
2025-06-27,CU2507,volume,5,%D4%C6%B3%BF%C6%DA%BB%F5,3711,3502.0,云晨期货
2025-06-27,CU2507,volume,6,%BB%AA%CC%A9%C6%DA%BB%F5,3109,371.0,华泰期货
2025-06-27,CU2507,volume,7,%D6%D0%CC%A9%C6%DA%BB%F5,2183,269.0,中泰期货
2025-06-27,CU2507,volume,8,%B9%E3%B7%A2%C6%DA%BB%F5,2040,1021.0,广发期货
2025-06-27,CU2507,volume,9,%BA%A3%CD%A8%C6%DA%BB%F5,1883,198.0,海通期货
2025-06-27,CU2507,volume,10,%D2%F8%BA%D3%C6%DA%BB%F5,1881,90.0,银河期货
2025-06-27,CU2507,volume,11,%CD%AD%B9%DA%BD%F0%D4%B4,1779,-20.0,铜冠金源
2025-06-27,CU2507,volume,12,%C4%CF%BB%AA%C6%DA%BB%F5,1674,-375.0,南华期货
2025-06-27,CU2507,volume,13,%CE%E5%BF%F3%C6%DA%BB%F5,1635,578.0,五矿期货
2025-06-27,CU2507,volume,14,%B7%BD%D5%FD%D6%D0%C6%DA,1494,-85.0,方正中期
2025-06-27,CU2507,volume,15,%B9%E2%B4%F3%C6%DA%BB%F5,1466,-520.0,光大期货
2025-06-27,CU2507,volume,16,%B1%A6%B3%C7%C6%DA%BB%F5,1348,451.0,宝城期货
2025-06-27,CU2507,volume,17,%BD%A8%D0%C5%C6%DA%BB%F5,1175,482.0,建信期货
2025-06-27,CU2507,volume,18,%D6%D0%D2%F8%C6%DA%BB%F5,1145,142.0,中银期货
2025-06-27,CU2507,volume,19,%D7%CF%BD%F0%CC%EC%B7%E7,981,-15.0,紫金天风
2025-06-27,CU2507,volume,20,%D0%C2%BA%FE%C6%DA%BB%F5,966,56.0,新湖期货
2025-06-27,CU2507,volume,999,TOTAL,68271,,TOTAL
2025-06-27,CU2507,long,1,%BD%F0%C8%F0%C6%DA%BB%F5,9213,-1312.0,金瑞期货
2025-06-27,CU2507,long,2,%D2%F8%BA%D3%C6%DA%BB%F5,8477,258.0,银河期货
2025-06-27,CU2507,long,3,%CD%AD%B9%DA%BD%F0%D4%B4,8060,-103.0,铜冠金源
2025-06-27,CU2507,long,4,%B9%FA%CC%A9%BE%FD%B0%B2,7477,-2147.0,国泰君安
2025-06-27,CU2507,long,5,%D6%D0%D0%C5%C6%DA%BB%F5,7105,-1718.0,中信期货
2025-06-27,CU2507,long,6,%B9%E3%B7%A2%C6%DA%BB%F5,4863,-17.0,广发期货
2025-06-27,CU2507,long,7,%C9%EA%CD%F2%C6%DA%BB%F5,4642,-84.0,申万期货
2025-06-27,CU2507,long,8,%D4%C6%B3%BF%C6%DA%BB%F5,4099,-3497.0,云晨期货
2025-06-27,CU2507,long,9,%BD%A8%D0%C5%C6%DA%BB%F5,3521,541.0,建信期货
2025-06-27,CU2507,long,10,%D6%D0%CC%A9%C6%DA%BB%F5,3285,-94.0,中泰期货
2025-06-27,CU2507,long,11,%D6%D0%D0%C5%BD%A8%CD%B6,3196,-73.0,中信建投
2025-06-27,CU2507,long,12,%D6%D0%C1%B8%C6%DA%BB%F5,2865,-18.0,中粮期货
2025-06-27,CU2507,long,13,%B6%AB%D6%A4%C6%DA%BB%F5,2777,-344.0,东证期货
2025-06-27,CU2507,long,14,%BB%AA%CC%A9%C6%DA%BB%F5,2759,-377.0,华泰期货
2025-06-27,CU2507,long,15,%D2%BB%B5%C2%C6%DA%BB%F5,2426,152.0,一德期货
2025-06-27,CU2507,long,16,%D0%C2%BA%FE%C6%DA%BB%F5,2363,87.0,新湖期货
2025-06-27,CU2507,long,17,%B9%E2%B4%F3%C6%DA%BB%F5,2360,-206.0,光大期货
2025-06-27,CU2507,long,18,%B9%E3%D6%DD%C6%DA%BB%F5,1951,245.0,广州期货
2025-06-27,CU2507,long,19,%CE%E5%BF%F3%C6%DA%BB%F5,1950,-388.0,五矿期货
2025-06-27,CU2507,long,20,%B6%AB%CE%E2%C6%DA%BB%F5,1828,-132.0,东吴期货
2025-06-27,CU2507,long,999,TOTAL,85217,,TOTAL
2025-06-27,CU2507,short,1,%D6%D0%D0%C5%C6%DA%BB%F5,9137,-2358.0,中信期货
2025-06-27,CU2507,short,2,%BD%F0%C8%F0%C6%DA%BB%F5,7508,-1140.0,金瑞期货
2025-06-27,CU2507,short,3,%CE%E5%BF%F3%C6%DA%BB%F5,6973,-21.0,五矿期货
2025-06-27,CU2507,short,4,%B9%FA%CC%A9%BE%FD%B0%B2,4737,-699.0,国泰君安
2025-06-27,CU2507,short,5,%B9%E2%B4%F3%C6%DA%BB%F5,4132,118.0,光大期货
2025-06-27,CU2507,short,6,%D7%CF%BD%F0%CC%EC%B7%E7,3939,-593.0,紫金天风
2025-06-27,CU2507,short,7,%B9%FA%C3%B3%C6%DA%BB%F5,3707,9.0,国贸期货
2025-06-27,CU2507,short,8,%B6%AB%D6%A4%C6%DA%BB%F5,3175,-889.0,东证期货
2025-06-27,CU2507,short,9,%D2%F8%BA%D3%C6%DA%BB%F5,3139,187.0,银河期货
2025-06-27,CU2507,short,10,%BB%AA%CC%A9%C6%DA%BB%F5,2950,-220.0,华泰期货
2025-06-27,CU2507,short,11,%D0%C2%BA%FE%C6%DA%BB%F5,2575,-205.0,新湖期货
2025-06-27,CU2507,short,12,%BA%EB%D2%B5%C6%DA%BB%F5,2560,-359.0,弘业期货
2025-06-27,CU2507,short,13,%B9%FA%CD%B6%C6%DA%BB%F5,2446,-99.0,国投期货
2025-06-27,CU2507,short,14,%CD%AD%B9%DA%BD%F0%D4%B4,2422,22.0,铜冠金源
2025-06-27,CU2507,short,15,%C4%CF%BB%AA%C6%DA%BB%F5,2264,-213.0,南华期货
2025-06-27,CU2507,short,16,%D6%D0%D0%C5%BD%A8%CD%B6,2156,-78.0,中信建投
2025-06-27,CU2507,short,17,%C9%CF%BA%A3%D6%D0%C6%DA,1754,-195.0,上海中期
2025-06-27,CU2507,short,18,%BA%A3%CD%A8%C6%DA%BB%F5,1700,-269.0,海通期货
2025-06-27,CU2507,short,19,%B7%BD%D5%FD%D6%D0%C6%DA,1617,276.0,方正中期
2025-06-27,CU2507,short,20,%BD%A8%D0%C5%C6%DA%BB%F5,1591,-146.0,建信期货
2025-06-27,CU2507,short,999,TOTAL,70482,,TOTAL
2025-06-30,CU2507,volume,1,%BD%F0%C8%F0%C6%DA%BB%F5,5817,-2561.0,金瑞期货
2025-06-30,CU2507,volume,2,%D6%D0%D0%C5%C6%DA%BB%F5,4974,-7338.0,中信期货
2025-06-30,CU2507,volume,3,%B6%AB%D6%A4%C6%DA%BB%F5,4972,-6259.0,东证期货
2025-06-30,CU2507,volume,4,%B9%FA%CC%A9%BE%FD%B0%B2,4285,-3595.0,国泰君安
2025-06-30,CU2507,volume,5,%D0%C2%BA%FE%C6%DA%BB%F5,3270,2304.0,新湖期货
2025-06-30,CU2507,volume,6,%B9%E2%B4%F3%C6%DA%BB%F5,2117,651.0,光大期货
2025-06-30,CU2507,volume,7,%CD%AD%B9%DA%BD%F0%D4%B4,1884,105.0,铜冠金源
2025-06-30,CU2507,volume,8,%B9%E3%B7%A2%C6%DA%BB%F5,1845,-195.0,广发期货
2025-06-30,CU2507,volume,9,%C9%EA%CD%F2%C6%DA%BB%F5,1778,1063.0,申万期货
2025-06-30,CU2507,volume,10,%D2%F8%BA%D3%C6%DA%BB%F5,1769,-112.0,银河期货
2025-06-30,CU2507,volume,11,%C4%CF%BB%AA%C6%DA%BB%F5,1500,-174.0,南华期货
2025-06-30,CU2507,volume,12,%B9%FA%C3%B3%C6%DA%BB%F5,1215,596.0,国贸期货
2025-06-30,CU2507,volume,13,%B7%BD%D5%FD%D6%D0%C6%DA,1156,-338.0,方正中期
2025-06-30,CU2507,volume,14,%D6%D0%D0%C5%BD%A8%CD%B6,999,184.0,中信建投
2025-06-30,CU2507,volume,15,%BB%AA%CC%A9%C6%DA%BB%F5,968,-2141.0,华泰期货
2025-06-30,CU2507,volume,16,%D6%D0%C1%B8%C6%DA%BB%F5,957,745.0,中粮期货
2025-06-30,CU2507,volume,17,%D4%C6%B3%BF%C6%DA%BB%F5,927,-2784.0,云晨期货
2025-06-30,CU2507,volume,18,%BD%A8%D0%C5%C6%DA%BB%F5,838,-337.0,建信期货
2025-06-30,CU2507,volume,19,%D3%C0%B0%B2%C6%DA%BB%F5,834,471.0,永安期货
2025-06-30,CU2507,volume,20,%B1%A6%B3%C7%C6%DA%BB%F5,830,-518.0,宝城期货
2025-06-30,CU2507,volume,999,TOTAL,42935,,TOTAL
2025-06-30,CU2507,long,1,%BD%F0%C8%F0%C6%DA%BB%F5,9355,142.0,金瑞期货
2025-06-30,CU2507,long,2,%D2%F8%BA%D3%C6%DA%BB%F5,7810,-667.0,银河期货
2025-06-30,CU2507,long,3,%CD%AD%B9%DA%BD%F0%D4%B4,7355,-705.0,铜冠金源
2025-06-30,CU2507,long,4,%B9%FA%CC%A9%BE%FD%B0%B2,6620,-857.0,国泰君安
2025-06-30,CU2507,long,5,%D6%D0%D0%C5%C6%DA%BB%F5,5950,-1155.0,中信期货
2025-06-30,CU2507,long,6,%B9%E3%B7%A2%C6%DA%BB%F5,4695,-168.0,广发期货
2025-06-30,CU2507,long,7,%D4%C6%B3%BF%C6%DA%BB%F5,3835,-264.0,云晨期货
2025-06-30,CU2507,long,8,%C9%EA%CD%F2%C6%DA%BB%F5,3630,-1012.0,申万期货
2025-06-30,CU2507,long,9,%BD%A8%D0%C5%C6%DA%BB%F5,3295,-226.0,建信期货
2025-06-30,CU2507,long,10,%D6%D0%CC%A9%C6%DA%BB%F5,3050,-235.0,中泰期货
2025-06-30,CU2507,long,11,%D6%D0%C1%B8%C6%DA%BB%F5,3035,170.0,中粮期货
2025-06-30,CU2507,long,12,%D6%D0%D0%C5%BD%A8%CD%B6,2870,-326.0,中信建投
2025-06-30,CU2507,long,13,%B6%AB%D6%A4%C6%DA%BB%F5,2585,-192.0,东证期货
2025-06-30,CU2507,long,14,%BB%AA%CC%A9%C6%DA%BB%F5,2415,-344.0,华泰期货
2025-06-30,CU2507,long,15,%D2%BB%B5%C2%C6%DA%BB%F5,2310,-116.0,一德期货
2025-06-30,CU2507,long,16,%B9%E3%D6%DD%C6%DA%BB%F5,1955,4.0,广州期货
2025-06-30,CU2507,long,17,%CE%E5%BF%F3%C6%DA%BB%F5,1670,-280.0,五矿期货
2025-06-30,CU2507,long,18,%B6%AB%CE%E2%C6%DA%BB%F5,1465,-363.0,东吴期货
2025-06-30,CU2507,long,19,%D0%C2%BA%FE%C6%DA%BB%F5,1357,-1006.0,新湖期货
2025-06-30,CU2507,long,20,%BA%A3%D6%A4%C6%DA%BB%F5,1325,-74.0,海证期货
2025-06-30,CU2507,long,999,TOTAL,76582,,TOTAL
2025-06-30,CU2507,short,1,%D6%D0%D0%C5%C6%DA%BB%F5,8300,-837.0,中信期货
2025-06-30,CU2507,short,2,%CE%E5%BF%F3%C6%DA%BB%F5,6895,-78.0,五矿期货
2025-06-30,CU2507,short,3,%BD%F0%C8%F0%C6%DA%BB%F5,6765,-743.0,金瑞期货
2025-06-30,CU2507,short,4,%B9%E2%B4%F3%C6%DA%BB%F5,3965,-167.0,光大期货
2025-06-30,CU2507,short,5,%D7%CF%BD%F0%CC%EC%B7%E7,3855,-84.0,紫金天风
2025-06-30,CU2507,short,6,%B9%FA%C3%B3%C6%DA%BB%F5,3415,-292.0,国贸期货
2025-06-30,CU2507,short,7,%B9%FA%CC%A9%BE%FD%B0%B2,2955,-1782.0,国泰君安
2025-06-30,CU2507,short,8,%D2%F8%BA%D3%C6%DA%BB%F5,2575,-564.0,银河期货
2025-06-30,CU2507,short,9,%BA%EB%D2%B5%C6%DA%BB%F5,2550,-10.0,弘业期货
2025-06-30,CU2507,short,10,%BB%AA%CC%A9%C6%DA%BB%F5,2490,-460.0,华泰期货
2025-06-30,CU2507,short,11,%B6%AB%D6%A4%C6%DA%BB%F5,2345,-830.0,东证期货
2025-06-30,CU2507,short,12,%B9%FA%CD%B6%C6%DA%BB%F5,2285,-161.0,国投期货
2025-06-30,CU2507,short,13,%CD%AD%B9%DA%BD%F0%D4%B4,2195,-227.0,铜冠金源
2025-06-30,CU2507,short,14,%BD%A8%D0%C5%C6%DA%BB%F5,1805,214.0,建信期货
2025-06-30,CU2507,short,15,%D6%D0%D0%C5%BD%A8%CD%B6,1763,-393.0,中信建投
2025-06-30,CU2507,short,16,%BA%A3%CD%A8%C6%DA%BB%F5,1560,-140.0,海通期货
2025-06-30,CU2507,short,17,%B7%BD%D5%FD%D6%D0%C6%DA,1415,-202.0,方正中期
2025-06-30,CU2507,short,18,%C4%CF%BB%AA%C6%DA%BB%F5,1375,-889.0,南华期货
2025-06-30,CU2507,short,19,%C2%F5%BF%C6%C6%DA%BB%F5,1360,-49.0,迈科期货
2025-06-30,CU2507,short,20,%D0%CB%D2%B5%C6%DA%BB%F5,1275,130.0,兴业期货
2025-06-30,CU2507,short,999,TOTAL,61143,,TOTAL
2025-07-01,CU2507,volume,1,%BD%F0%C8%F0%C6%DA%BB%F5,4940,-877.0,金瑞期货
2025-07-01,CU2507,volume,2,%D6%D0%D0%C5%C6%DA%BB%F5,3470,-1504.0,中信期货
2025-07-01,CU2507,volume,3,%B9%FA%CC%A9%BE%FD%B0%B2,2545,-1740.0,国泰君安
2025-07-01,CU2507,volume,4,%B6%AB%D6%A4%C6%DA%BB%F5,2055,-2917.0,东证期货
2025-07-01,CU2507,volume,5,%BB%AA%CE%C5%C6%DA%BB%F5,1860,1667.0,华闻期货
2025-07-01,CU2507,volume,6,%D2%F8%BA%D3%C6%DA%BB%F5,1805,36.0,银河期货
2025-07-01,CU2507,volume,7,%CD%AD%B9%DA%BD%F0%D4%B4,1695,-189.0,铜冠金源
2025-07-01,CU2507,volume,8,%CE%E5%BF%F3%C6%DA%BB%F5,1325,549.0,五矿期货
2025-07-01,CU2507,volume,9,%B9%E2%B4%F3%C6%DA%BB%F5,1325,-792.0,光大期货
2025-07-01,CU2507,volume,10,%B9%E3%B7%A2%C6%DA%BB%F5,1244,-601.0,广发期货
2025-07-01,CU2507,volume,11,%C9%EA%CD%F2%C6%DA%BB%F5,1160,-618.0,申万期货
2025-07-01,CU2507,volume,12,%D4%C6%B3%BF%C6%DA%BB%F5,870,-57.0,云晨期货
2025-07-01,CU2507,volume,13,%BD%A8%D0%C5%C6%DA%BB%F5,860,22.0,建信期货
2025-07-01,CU2507,volume,14,%D6%D0%D0%C5%BD%A8%CD%B6,773,-226.0,中信建投
2025-07-01,CU2507,volume,15,%BB%AA%CC%A9%C6%DA%BB%F5,730,-238.0,华泰期货
2025-07-01,CU2507,volume,16,%B9%FA%C3%B3%C6%DA%BB%F5,655,-560.0,国贸期货
2025-07-01,CU2507,volume,17,%B9%FA%D4%AA%C6%DA%BB%F5,635,-133.0,国元期货
2025-07-01,CU2507,volume,18,%D0%C2%BA%FE%C6%DA%BB%F5,632,-2638.0,新湖期货
2025-07-01,CU2507,volume,19,%D2%BB%B5%C2%C6%DA%BB%F5,620,312.0,一德期货
2025-07-01,CU2507,volume,20,%B6%AB%CE%E2%C6%DA%BB%F5,585,-146.0,东吴期货
2025-07-01,CU2507,volume,999,TOTAL,29784,,TOTAL
2025-07-01,CU2507,long,1,%BD%F0%C8%F0%C6%DA%BB%F5,8020,-1335.0,金瑞期货
2025-07-01,CU2507,long,2,%D2%F8%BA%D3%C6%DA%BB%F5,6885,-925.0,银河期货
2025-07-01,CU2507,long,3,%B9%FA%CC%A9%BE%FD%B0%B2,6795,175.0,国泰君安
2025-07-01,CU2507,long,4,%CD%AD%B9%DA%BD%F0%D4%B4,6425,-930.0,铜冠金源
2025-07-01,CU2507,long,5,%D6%D0%D0%C5%C6%DA%BB%F5,5455,-495.0,中信期货
2025-07-01,CU2507,long,6,%B9%E3%B7%A2%C6%DA%BB%F5,4430,-265.0,广发期货
2025-07-01,CU2507,long,7,%D4%C6%B3%BF%C6%DA%BB%F5,3885,50.0,云晨期货
2025-07-01,CU2507,long,8,%C9%EA%CD%F2%C6%DA%BB%F5,3425,-205.0,申万期货
2025-07-01,CU2507,long,9,%D6%D0%CC%A9%C6%DA%BB%F5,3085,35.0,中泰期货
2025-07-01,CU2507,long,10,%D6%D0%C1%B8%C6%DA%BB%F5,3035,0.0,中粮期货
2025-07-01,CU2507,long,11,%D6%D0%D0%C5%BD%A8%CD%B6,2785,-85.0,中信建投
2025-07-01,CU2507,long,12,%BD%A8%D0%C5%C6%DA%BB%F5,2725,-570.0,建信期货
2025-07-01,CU2507,long,13,%BB%AA%CC%A9%C6%DA%BB%F5,2395,-20.0,华泰期货
2025-07-01,CU2507,long,14,%B6%AB%D6%A4%C6%DA%BB%F5,2260,-325.0,东证期货
2025-07-01,CU2507,long,15,%D2%BB%B5%C2%C6%DA%BB%F5,2210,-100.0,一德期货
2025-07-01,CU2507,long,16,%B9%E3%D6%DD%C6%DA%BB%F5,1870,-85.0,广州期货
2025-07-01,CU2507,long,17,%CE%E5%BF%F3%C6%DA%BB%F5,1725,55.0,五矿期货
2025-07-01,CU2507,long,18,%BA%A3%D6%A4%C6%DA%BB%F5,1305,-20.0,海证期货
2025-07-01,CU2507,long,19,%D0%C2%BA%FE%C6%DA%BB%F5,1225,-132.0,新湖期货
2025-07-01,CU2507,long,20,%B2%C6%D0%C5%C6%DA%BB%F5,1165,40.0,财信期货
2025-07-01,CU2507,long,999,TOTAL,71105,,TOTAL
2025-07-01,CU2507,short,1,%D6%D0%D0%C5%C6%DA%BB%F5,7255,-1045.0,中信期货
2025-07-01,CU2507,short,2,%CE%E5%BF%F3%C6%DA%BB%F5,6845,-50.0,五矿期货
2025-07-01,CU2507,short,3,%BD%F0%C8%F0%C6%DA%BB%F5,6430,-335.0,金瑞期货
2025-07-01,CU2507,short,4,%B9%E2%B4%F3%C6%DA%BB%F5,3805,-160.0,光大期货
2025-07-01,CU2507,short,5,%D7%CF%BD%F0%CC%EC%B7%E7,3720,-135.0,紫金天风
2025-07-01,CU2507,short,6,%B9%FA%C3%B3%C6%DA%BB%F5,3210,-205.0,国贸期货
2025-07-01,CU2507,short,7,%BA%EB%D2%B5%C6%DA%BB%F5,2490,-60.0,弘业期货
2025-07-01,CU2507,short,8,%D2%F8%BA%D3%C6%DA%BB%F5,2355,-220.0,银河期货
2025-07-01,CU2507,short,9,%B6%AB%D6%A4%C6%DA%BB%F5,2305,-40.0,东证期货
2025-07-01,CU2507,short,10,%B9%FA%CD%B6%C6%DA%BB%F5,2180,-105.0,国投期货
2025-07-01,CU2507,short,11,%BB%AA%CC%A9%C6%DA%BB%F5,2160,-330.0,华泰期货
2025-07-01,CU2507,short,12,%CD%AD%B9%DA%BD%F0%D4%B4,2040,-155.0,铜冠金源
2025-07-01,CU2507,short,13,%B9%FA%CC%A9%BE%FD%B0%B2,2005,-950.0,国泰君安
2025-07-01,CU2507,short,14,%BD%A8%D0%C5%C6%DA%BB%F5,1655,-150.0,建信期货
2025-07-01,CU2507,short,15,%BA%A3%CD%A8%C6%DA%BB%F5,1525,-35.0,海通期货
2025-07-01,CU2507,short,16,%D6%D0%D0%C5%BD%A8%CD%B6,1465,-298.0,中信建投
2025-07-01,CU2507,short,17,%C2%F5%BF%C6%C6%DA%BB%F5,1355,-5.0,迈科期货
2025-07-01,CU2507,short,18,%C4%CF%BB%AA%C6%DA%BB%F5,1325,-50.0,南华期货
2025-07-01,CU2507,short,19,%B7%BD%D5%FD%D6%D0%C6%DA,1285,-130.0,方正中期
2025-07-01,CU2507,short,20,%D0%CB%D2%B5%C6%DA%BB%F5,1235,-40.0,兴业期货
2025-07-01,CU2507,short,999,TOTAL,56645,,TOTAL
2025-07-02,CU2507,volume,1,%BD%F0%C8%F0%C6%DA%BB%F5,2775,-2165.0,金瑞期货
2025-07-02,CU2507,volume,2,%B9%FA%CC%A9%BE%FD%B0%B2,2105,-440.0,国泰君安
2025-07-02,CU2507,volume,3,%D6%D0%D0%C5%C6%DA%BB%F5,2050,-1420.0,中信期货
2025-07-02,CU2507,volume,4,%B6%AB%D6%A4%C6%DA%BB%F5,1750,-305.0,东证期货
2025-07-02,CU2507,volume,5,%B9%E2%B4%F3%C6%DA%BB%F5,1735,410.0,光大期货
2025-07-02,CU2507,volume,6,%CD%AD%B9%DA%BD%F0%D4%B4,1480,-215.0,铜冠金源
2025-07-02,CU2507,volume,7,%C9%EA%CD%F2%C6%DA%BB%F5,1130,-30.0,申万期货
2025-07-02,CU2507,volume,8,%D6%D0%CC%A9%C6%DA%BB%F5,1050,739.0,中泰期货
2025-07-02,CU2507,volume,9,%BB%AA%CE%C5%C6%DA%BB%F5,1005,-855.0,华闻期货
2025-07-02,CU2507,volume,10,%B9%E3%B7%A2%C6%DA%BB%F5,985,-259.0,广发期货
2025-07-02,CU2507,volume,11,%D0%CB%D2%B5%C6%DA%BB%F5,920,760.0,兴业期货
2025-07-02,CU2507,volume,12,%D2%F8%BA%D3%C6%DA%BB%F5,910,-895.0,银河期货
2025-07-02,CU2507,volume,13,%B9%E3%D6%DD%C6%DA%BB%F5,840,395.0,广州期货
2025-07-02,CU2507,volume,14,%C2%F5%BF%C6%C6%DA%BB%F5,805,800.0,迈科期货
2025-07-02,CU2507,volume,15,%B1%A6%B3%C7%C6%DA%BB%F5,630,610.0,宝城期货
2025-07-02,CU2507,volume,16,%D0%C2%BA%FE%C6%DA%BB%F5,605,-27.0,新湖期货
2025-07-02,CU2507,volume,17,%D4%C6%B3%BF%C6%DA%BB%F5,575,-295.0,云晨期货
2025-07-02,CU2507,volume,18,%CE%E5%BF%F3%C6%DA%BB%F5,555,-770.0,五矿期货
2025-07-02,CU2507,volume,19,%B9%FA%CD%B6%C6%DA%BB%F5,540,190.0,国投期货
2025-07-02,CU2507,volume,20,%BB%AA%F6%CE%C6%DA%BB%F5,495,188.0,华鑫期货
2025-07-02,CU2507,volume,999,TOTAL,22940,,TOTAL
2025-07-02,CU2507,long,1,%BD%F0%C8%F0%C6%DA%BB%F5,7565,-455.0,金瑞期货
2025-07-02,CU2507,long,2,%D2%F8%BA%D3%C6%DA%BB%F5,6800,-85.0,银河期货
2025-07-02,CU2507,long,3,%B9%FA%CC%A9%BE%FD%B0%B2,5880,-915.0,国泰君安
2025-07-02,CU2507,long,4,%CD%AD%B9%DA%BD%F0%D4%B4,5490,-935.0,铜冠金源
2025-07-02,CU2507,long,5,%D6%D0%D0%C5%C6%DA%BB%F5,5270,-185.0,中信期货
2025-07-02,CU2507,long,6,%B9%E3%B7%A2%C6%DA%BB%F5,4465,35.0,广发期货
2025-07-02,CU2507,long,7,%D4%C6%B3%BF%C6%DA%BB%F5,3805,-80.0,云晨期货
2025-07-02,CU2507,long,8,%C9%EA%CD%F2%C6%DA%BB%F5,3285,-140.0,申万期货
2025-07-02,CU2507,long,9,%D6%D0%C1%B8%C6%DA%BB%F5,3050,15.0,中粮期货
2025-07-02,CU2507,long,10,%D6%D0%CC%A9%C6%DA%BB%F5,3040,-45.0,中泰期货
2025-07-02,CU2507,long,11,%D6%D0%D0%C5%BD%A8%CD%B6,2795,10.0,中信建投
2025-07-02,CU2507,long,12,%BD%A8%D0%C5%C6%DA%BB%F5,2550,-175.0,建信期货
2025-07-02,CU2507,long,13,%BB%AA%CC%A9%C6%DA%BB%F5,2345,-50.0,华泰期货
2025-07-02,CU2507,long,14,%D2%BB%B5%C2%C6%DA%BB%F5,2325,115.0,一德期货
2025-07-02,CU2507,long,15,%B6%AB%D6%A4%C6%DA%BB%F5,2305,45.0,东证期货
2025-07-02,CU2507,long,16,%CE%E5%BF%F3%C6%DA%BB%F5,1605,-120.0,五矿期货
2025-07-02,CU2507,long,17,%BA%A3%D6%A4%C6%DA%BB%F5,1305,0.0,海证期货
2025-07-02,CU2507,long,18,%D0%C2%BA%FE%C6%DA%BB%F5,1235,10.0,新湖期货
2025-07-02,CU2507,long,19,%B2%C6%D0%C5%C6%DA%BB%F5,1135,-30.0,财信期货
2025-07-02,CU2507,long,20,%B9%E3%D6%DD%C6%DA%BB%F5,1125,-745.0,广州期货
2025-07-02,CU2507,long,999,TOTAL,67375,,TOTAL
2025-07-02,CU2507,short,1,%D6%D0%D0%C5%C6%DA%BB%F5,6930,-325.0,中信期货
2025-07-02,CU2507,short,2,%CE%E5%BF%F3%C6%DA%BB%F5,6770,-75.0,五矿期货
2025-07-02,CU2507,short,3,%BD%F0%C8%F0%C6%DA%BB%F5,5510,-920.0,金瑞期货
2025-07-02,CU2507,short,4,%D7%CF%BD%F0%CC%EC%B7%E7,3535,-185.0,紫金天风
2025-07-02,CU2507,short,5,%B9%E2%B4%F3%C6%DA%BB%F5,3205,-600.0,光大期货
2025-07-02,CU2507,short,6,%B9%FA%C3%B3%C6%DA%BB%F5,3010,-200.0,国贸期货
2025-07-02,CU2507,short,7,%BA%EB%D2%B5%C6%DA%BB%F5,2435,-55.0,弘业期货
2025-07-02,CU2507,short,8,%D2%F8%BA%D3%C6%DA%BB%F5,2210,-145.0,银河期货
2025-07-02,CU2507,short,9,%B9%FA%CC%A9%BE%FD%B0%B2,2175,170.0,国泰君安
2025-07-02,CU2507,short,10,%B9%FA%CD%B6%C6%DA%BB%F5,2065,-115.0,国投期货
2025-07-02,CU2507,short,11,%B6%AB%D6%A4%C6%DA%BB%F5,2030,-275.0,东证期货
2025-07-02,CU2507,short,12,%CD%AD%B9%DA%BD%F0%D4%B4,1985,-55.0,铜冠金源
2025-07-02,CU2507,short,13,%BB%AA%CC%A9%C6%DA%BB%F5,1945,-215.0,华泰期货
2025-07-02,CU2507,short,14,%BD%A8%D0%C5%C6%DA%BB%F5,1585,-70.0,建信期货
2025-07-02,CU2507,short,15,%BA%A3%CD%A8%C6%DA%BB%F5,1550,25.0,海通期货
2025-07-02,CU2507,short,16,%C4%CF%BB%AA%C6%DA%BB%F5,1335,10.0,南华期货
2025-07-02,CU2507,short,17,%D6%D0%D0%C5%BD%A8%CD%B6,1200,-265.0,中信建投
2025-07-02,CU2507,short,18,%B9%E3%B7%A2%C6%DA%BB%F5,1100,0.0,广发期货
2025-07-02,CU2507,short,19,%D6%D0%BD%F0%C1%EB%C4%CF,1090,-60.0,中金岭南
2025-07-02,CU2507,short,20,%C9%BD%BD%F0%C6%DA%BB%F5,1085,165.0,山金期货
2025-07-02,CU2507,short,999,TOTAL,52750,,TOTAL
2025-07-03,CU2507,volume,1,%BD%F0%C8%F0%C6%DA%BB%F5,3005,230.0,金瑞期货
2025-07-03,CU2507,volume,2,%D6%D0%D0%C5%C6%DA%BB%F5,2365,315.0,中信期货
2025-07-03,CU2507,volume,3,%BB%AA%CE%C5%C6%DA%BB%F5,1720,715.0,华闻期货
2025-07-03,CU2507,volume,4,%B6%AB%D6%A4%C6%DA%BB%F5,1560,-190.0,东证期货
2025-07-03,CU2507,volume,5,%B9%FA%CC%A9%BE%FD%B0%B2,1425,-680.0,国泰君安
2025-07-03,CU2507,volume,6,%D0%CB%D2%B5%C6%DA%BB%F5,1385,465.0,兴业期货
2025-07-03,CU2507,volume,7,%CD%AD%B9%DA%BD%F0%D4%B4,1230,-250.0,铜冠金源
2025-07-03,CU2507,volume,8,%B9%E2%B4%F3%C6%DA%BB%F5,1195,-540.0,光大期货
2025-07-03,CU2507,volume,9,%CE%E5%BF%F3%C6%DA%BB%F5,910,355.0,五矿期货
2025-07-03,CU2507,volume,10,%BD%A8%D0%C5%C6%DA%BB%F5,870,555.0,建信期货
2025-07-03,CU2507,volume,11,%B9%E3%B7%A2%C6%DA%BB%F5,800,-185.0,广发期货
2025-07-03,CU2507,volume,12,%C9%EA%CD%F2%C6%DA%BB%F5,795,-335.0,申万期货
2025-07-03,CU2507,volume,13,%D2%F8%BA%D3%C6%DA%BB%F5,660,-250.0,银河期货
2025-07-03,CU2507,volume,14,%C9%BD%BD%F0%C6%DA%BB%F5,620,395.0,山金期货
2025-07-03,CU2507,volume,15,%B9%FA%CD%B6%C6%DA%BB%F5,585,45.0,国投期货
2025-07-03,CU2507,volume,16,%B9%E3%D6%DD%C6%DA%BB%F5,565,-275.0,广州期货
2025-07-03,CU2507,volume,17,%C2%F5%BF%C6%C6%DA%BB%F5,540,-265.0,迈科期货
2025-07-03,CU2507,volume,18,%B9%FA%C3%B3%C6%DA%BB%F5,520,55.0,国贸期货
2025-07-03,CU2507,volume,19,%D6%D0%CC%A9%C6%DA%BB%F5,500,-550.0,中泰期货
2025-07-03,CU2507,volume,20,%D4%C6%B3%BF%C6%DA%BB%F5,475,-100.0,云晨期货
2025-07-03,CU2507,volume,999,TOTAL,21725,,TOTAL
2025-07-03,CU2507,long,1,%D2%F8%BA%D3%C6%DA%BB%F5,6810,10.0,银河期货
2025-07-03,CU2507,long,2,%BD%F0%C8%F0%C6%DA%BB%F5,6680,-885.0,金瑞期货
2025-07-03,CU2507,long,3,%B9%FA%CC%A9%BE%FD%B0%B2,5995,115.0,国泰君安
2025-07-03,CU2507,long,4,%CD%AD%B9%DA%BD%F0%D4%B4,4935,-555.0,铜冠金源
2025-07-03,CU2507,long,5,%B9%E3%B7%A2%C6%DA%BB%F5,4545,80.0,广发期货
2025-07-03,CU2507,long,6,%D6%D0%D0%C5%C6%DA%BB%F5,4520,-750.0,中信期货
2025-07-03,CU2507,long,7,%D4%C6%B3%BF%C6%DA%BB%F5,3830,25.0,云晨期货
2025-07-03,CU2507,long,8,%C9%EA%CD%F2%C6%DA%BB%F5,3280,-5.0,申万期货
2025-07-03,CU2507,long,9,%D6%D0%CC%A9%C6%DA%BB%F5,3070,30.0,中泰期货
2025-07-03,CU2507,long,10,%D6%D0%C1%B8%C6%DA%BB%F5,3000,-50.0,中粮期货
2025-07-03,CU2507,long,11,%D6%D0%D0%C5%BD%A8%CD%B6,2850,55.0,中信建投
2025-07-03,CU2507,long,12,%BB%AA%CC%A9%C6%DA%BB%F5,2335,-10.0,华泰期货
2025-07-03,CU2507,long,13,%B6%AB%D6%A4%C6%DA%BB%F5,2275,-30.0,东证期货
2025-07-03,CU2507,long,14,%D2%BB%B5%C2%C6%DA%BB%F5,2110,-215.0,一德期货
2025-07-03,CU2507,long,15,%BD%A8%D0%C5%C6%DA%BB%F5,2020,-530.0,建信期货
2025-07-03,CU2507,long,16,%CE%E5%BF%F3%C6%DA%BB%F5,1485,-120.0,五矿期货
2025-07-03,CU2507,long,17,%BA%A3%D6%A4%C6%DA%BB%F5,1185,-120.0,海证期货
2025-07-03,CU2507,long,18,%D0%C2%BA%FE%C6%DA%BB%F5,1150,-85.0,新湖期货
2025-07-03,CU2507,long,19,%B2%C6%D0%C5%C6%DA%BB%F5,1080,-55.0,财信期货
2025-07-03,CU2507,long,20,%B9%E2%B4%F3%C6%DA%BB%F5,1045,25.0,光大期货
2025-07-03,CU2507,long,999,TOTAL,64200,,TOTAL
2025-07-03,CU2507,short,1,%D6%D0%D0%C5%C6%DA%BB%F5,6675,-255.0,中信期货
2025-07-03,CU2507,short,2,%CE%E5%BF%F3%C6%DA%BB%F5,6460,-310.0,五矿期货
2025-07-03,CU2507,short,3,%BD%F0%C8%F0%C6%DA%BB%F5,5190,-320.0,金瑞期货
2025-07-03,CU2507,short,4,%D7%CF%BD%F0%CC%EC%B7%E7,3335,-200.0,紫金天风
2025-07-03,CU2507,short,5,%B9%E2%B4%F3%C6%DA%BB%F5,3105,-100.0,光大期货
2025-07-03,CU2507,short,6,%B9%FA%C3%B3%C6%DA%BB%F5,2970,-40.0,国贸期货
2025-07-03,CU2507,short,7,%BA%EB%D2%B5%C6%DA%BB%F5,2395,-40.0,弘业期货
2025-07-03,CU2507,short,8,%D2%F8%BA%D3%C6%DA%BB%F5,2230,20.0,银河期货
2025-07-03,CU2507,short,9,%B9%FA%CD%B6%C6%DA%BB%F5,2140,75.0,国投期货
2025-07-03,CU2507,short,10,%CD%AD%B9%DA%BD%F0%D4%B4,2050,65.0,铜冠金源
2025-07-03,CU2507,short,11,%B9%FA%CC%A9%BE%FD%B0%B2,1925,-250.0,国泰君安
2025-07-03,CU2507,short,12,%BB%AA%CC%A9%C6%DA%BB%F5,1815,-130.0,华泰期货
2025-07-03,CU2507,short,13,%BD%A8%D0%C5%C6%DA%BB%F5,1635,50.0,建信期货
2025-07-03,CU2507,short,14,%BA%A3%CD%A8%C6%DA%BB%F5,1580,30.0,海通期货
2025-07-03,CU2507,short,15,%C4%CF%BB%AA%C6%DA%BB%F5,1370,35.0,南华期货
2025-07-03,CU2507,short,16,%B9%E3%B7%A2%C6%DA%BB%F5,1370,270.0,广发期货
2025-07-03,CU2507,short,17,%B6%AB%D6%A4%C6%DA%BB%F5,1360,-670.0,东证期货
2025-07-03,CU2507,short,18,%C9%BD%BD%F0%C6%DA%BB%F5,1170,85.0,山金期货
2025-07-03,CU2507,short,19,%D6%D0%D0%C5%BD%A8%CD%B6,1160,-40.0,中信建投
2025-07-03,CU2507,short,20,%D6%D0%BD%F0%C1%EB%C4%CF,1050,-40.0,中金岭南
2025-07-03,CU2507,short,999,TOTAL,50985,,TOTAL
2025-07-24,CU2508,volume,1,%B9%FA%CC%A9%BE%FD%B0%B2,8718,2298.0,国泰君安
2025-07-24,CU2508,volume,2,%D6%D0%D0%C5%C6%DA%BB%F5,8484,-4817.0,中信期货
2025-07-24,CU2508,volume,3,%B6%AB%D6%A4%C6%DA%BB%F5,7777,335.0,东证期货
2025-07-24,CU2508,volume,4,%BD%F0%C8%F0%C6%DA%BB%F5,4673,-881.0,金瑞期货
2025-07-24,CU2508,volume,5,%BB%AA%CC%A9%C6%DA%BB%F5,4115,-742.0,华泰期货
2025-07-24,CU2508,volume,6,%D4%C6%B3%BF%C6%DA%BB%F5,2743,1546.0,云晨期货
2025-07-24,CU2508,volume,7,%D6%D0%CC%A9%C6%DA%BB%F5,2280,-604.0,中泰期货
2025-07-24,CU2508,volume,8,%B9%FA%D4%AA%C6%DA%BB%F5,1891,340.0,国元期货
2025-07-24,CU2508,volume,9,%B9%E2%B4%F3%C6%DA%BB%F5,1731,340.0,光大期货
2025-07-24,CU2508,volume,10,%D6%D0%C1%B8%C6%DA%BB%F5,1534,-43.0,中粮期货
2025-07-24,CU2508,volume,11,%CD%AD%B9%DA%BD%F0%D4%B4,1513,-307.0,铜冠金源
2025-07-24,CU2508,volume,12,%D6%D0%D0%C5%BD%A8%CD%B6,1479,-558.0,中信建投
2025-07-24,CU2508,volume,13,%B9%E3%B7%A2%C6%DA%BB%F5,1416,47.0,广发期货
2025-07-24,CU2508,volume,14,%D2%F8%BA%D3%C6%DA%BB%F5,1276,-207.0,银河期货
2025-07-24,CU2508,volume,15,%C4%CF%BB%AA%C6%DA%BB%F5,1235,-349.0,南华期货
2025-07-24,CU2508,volume,16,%D6%D0%B2%C6%C6%DA%BB%F5,1170,1057.0,中财期货
2025-07-24,CU2508,volume,17,%B9%FA%D0%C5%C6%DA%BB%F5,1138,119.0,国信期货
2025-07-24,CU2508,volume,18,%BA%A3%CD%A8%C6%DA%BB%F5,1101,350.0,海通期货
2025-07-24,CU2508,volume,19,%D5%E3%C9%CC%C6%DA%BB%F5,1027,-242.0,浙商期货
2025-07-24,CU2508,volume,20,%D5%D0%C9%CC%C6%DA%BB%F5,975,544.0,招商期货
2025-07-24,CU2508,volume,999,TOTAL,56276,,TOTAL
2025-07-24,CU2508,long,1,%D2%F8%BA%D3%C6%DA%BB%F5,9821,-177.0,银河期货
2025-07-24,CU2508,long,2,%B9%FA%CC%A9%BE%FD%B0%B2,9332,-4034.0,国泰君安
2025-07-24,CU2508,long,3,%CD%AD%B9%DA%BD%F0%D4%B4,7436,-49.0,铜冠金源
2025-07-24,CU2508,long,4,%BD%F0%C8%F0%C6%DA%BB%F5,7145,283.0,金瑞期货
2025-07-24,CU2508,long,5,%D6%D0%D0%C5%C6%DA%BB%F5,7135,-929.0,中信期货
2025-07-24,CU2508,long,6,%D6%D0%C1%B8%C6%DA%BB%F5,3747,27.0,中粮期货
2025-07-24,CU2508,long,7,%B9%E3%B7%A2%C6%DA%BB%F5,3615,259.0,广发期货
2025-07-24,CU2508,long,8,%BD%A8%D0%C5%C6%DA%BB%F5,3454,-68.0,建信期货
2025-07-24,CU2508,long,9,%B6%AB%D6%A4%C6%DA%BB%F5,2272,-239.0,东证期货
2025-07-24,CU2508,long,10,%BB%AA%CC%A9%C6%DA%BB%F5,2010,-409.0,华泰期货
2025-07-24,CU2508,long,11,%B6%AB%CE%E2%C6%DA%BB%F5,1930,-63.0,东吴期货
2025-07-24,CU2508,long,12,%D6%D0%D0%C5%BD%A8%CD%B6,1768,-72.0,中信建投
2025-07-24,CU2508,long,13,%D2%BB%B5%C2%C6%DA%BB%F5,1673,-401.0,一德期货
2025-07-24,CU2508,long,14,%B9%E3%D6%DD%C6%DA%BB%F5,1577,-35.0,广州期货
2025-07-24,CU2508,long,15,%B9%E2%B4%F3%C6%DA%BB%F5,1562,-674.0,光大期货
2025-07-24,CU2508,long,16,%CF%C8%B7%E6%C6%DA%BB%F5,1557,6.0,先锋期货
2025-07-24,CU2508,long,17,%B9%FA%D0%C5%C6%DA%BB%F5,1476,-9.0,国信期货
2025-07-24,CU2508,long,18,%D4%C6%B3%BF%C6%DA%BB%F5,1432,40.0,云晨期货
2025-07-24,CU2508,long,19,%BB%AA%B0%B2%C6%DA%BB%F5,1386,178.0,华安期货
2025-07-24,CU2508,long,20,%D0%CB%D2%B5%C6%DA%BB%F5,1197,-7.0,兴业期货
2025-07-24,CU2508,long,999,TOTAL,71525,,TOTAL
2025-07-24,CU2508,short,1,%D6%D0%D0%C5%C6%DA%BB%F5,8561,-287.0,中信期货
2025-07-24,CU2508,short,2,%B9%FA%CC%A9%BE%FD%B0%B2,7660,-1320.0,国泰君安
2025-07-24,CU2508,short,3,%D4%C6%B3%BF%C6%DA%BB%F5,7393,-383.0,云晨期货
2025-07-24,CU2508,short,4,%CE%E5%BF%F3%C6%DA%BB%F5,6752,195.0,五矿期货
2025-07-24,CU2508,short,5,%BD%F0%C8%F0%C6%DA%BB%F5,5421,-1206.0,金瑞期货
2025-07-24,CU2508,short,6,%B6%AB%D6%A4%C6%DA%BB%F5,3675,-93.0,东证期货
2025-07-24,CU2508,short,7,%BB%AA%CC%A9%C6%DA%BB%F5,3263,-213.0,华泰期货
2025-07-24,CU2508,short,8,%B9%FA%C3%B3%C6%DA%BB%F5,2657,-156.0,国贸期货
2025-07-24,CU2508,short,9,%D0%C2%BA%FE%C6%DA%BB%F5,2253,-151.0,新湖期货
2025-07-24,CU2508,short,10,%B9%FA%CD%B6%C6%DA%BB%F5,2187,-194.0,国投期货
2025-07-24,CU2508,short,11,%B9%E2%B4%F3%C6%DA%BB%F5,2107,-97.0,光大期货
2025-07-24,CU2508,short,12,%D2%F8%BA%D3%C6%DA%BB%F5,2045,-778.0,银河期货
2025-07-24,CU2508,short,13,%D6%D0%B2%C6%C6%DA%BB%F5,2030,-22.0,中财期货
2025-07-24,CU2508,short,14,%C4%CF%BB%AA%C6%DA%BB%F5,1992,-60.0,南华期货
2025-07-24,CU2508,short,15,%BA%EB%D2%B5%C6%DA%BB%F5,1759,-51.0,弘业期货
2025-07-24,CU2508,short,16,%D5%D0%C9%CC%C6%DA%BB%F5,1739,1.0,招商期货
2025-07-24,CU2508,short,17,%D7%CF%BD%F0%CC%EC%B7%E7,1693,-50.0,紫金天风
2025-07-24,CU2508,short,18,%BD%A8%D0%C5%C6%DA%BB%F5,1638,-68.0,建信期货
2025-07-24,CU2508,short,19,%C6%BD%B0%B2%C6%DA%BB%F5,1569,-16.0,平安期货
2025-07-24,CU2508,short,20,%BA%A3%CD%A8%C6%DA%BB%F5,1564,42.0,海通期货
2025-07-24,CU2508,short,999,TOTAL,67958,,TOTAL
2025-07-28,CU2508,volume,1,%B6%AB%D6%A4%C6%DA%BB%F5,8624,-4063.0,东证期货
2025-07-28,CU2508,volume,2,%B9%FA%CC%A9%BE%FD%B0%B2,7355,-1910.0,国泰君安
2025-07-28,CU2508,volume,3,%D6%D0%D0%C5%C6%DA%BB%F5,6011,-3769.0,中信期货
2025-07-28,CU2508,volume,4,%BD%F0%C8%F0%C6%DA%BB%F5,5616,141.0,金瑞期货
2025-07-28,CU2508,volume,5,%B9%E2%B4%F3%C6%DA%BB%F5,2032,-420.0,光大期货
2025-07-28,CU2508,volume,6,%CD%AD%B9%DA%BD%F0%D4%B4,1842,670.0,铜冠金源
2025-07-28,CU2508,volume,7,%C4%CF%BB%AA%C6%DA%BB%F5,1785,264.0,南华期货
2025-07-28,CU2508,volume,8,%B9%FA%D4%AA%C6%DA%BB%F5,1668,48.0,国元期货
2025-07-28,CU2508,volume,9,%D2%F8%BA%D3%C6%DA%BB%F5,1648,-1949.0,银河期货
2025-07-28,CU2508,volume,10,%BB%AA%CC%A9%C6%DA%BB%F5,1539,-3718.0,华泰期货
2025-07-28,CU2508,volume,11,%BD%A8%D0%C5%C6%DA%BB%F5,1351,742.0,建信期货
2025-07-28,CU2508,volume,12,%D4%C6%B3%BF%C6%DA%BB%F5,1341,-559.0,云晨期货
2025-07-28,CU2508,volume,13,%BB%AA%B0%B2%C6%DA%BB%F5,1223,640.0,华安期货
2025-07-28,CU2508,volume,14,%D6%D0%D0%C5%BD%A8%CD%B6,1201,-986.0,中信建投
2025-07-28,CU2508,volume,15,%D5%E3%C9%CC%C6%DA%BB%F5,1182,-1049.0,浙商期货
2025-07-28,CU2508,volume,16,%B9%E3%B7%A2%C6%DA%BB%F5,1113,-919.0,广发期货
2025-07-28,CU2508,volume,17,%D6%D0%B2%C6%C6%DA%BB%F5,1084,-1019.0,中财期货
2025-07-28,CU2508,volume,18,%CE%E5%BF%F3%C6%DA%BB%F5,1023,20.0,五矿期货
2025-07-28,CU2508,volume,19,%BA%A3%CD%A8%C6%DA%BB%F5,1012,-311.0,海通期货
2025-07-28,CU2508,volume,20,%D7%CF%BD%F0%CC%EC%B7%E7,969,490.0,紫金天风
2025-07-28,CU2508,volume,999,TOTAL,49619,,TOTAL
2025-07-28,CU2508,long,1,%D2%F8%BA%D3%C6%DA%BB%F5,8483,-414.0,银河期货
2025-07-28,CU2508,long,2,%CD%AD%B9%DA%BD%F0%D4%B4,6897,-709.0,铜冠金源
2025-07-28,CU2508,long,3,%D6%D0%D0%C5%C6%DA%BB%F5,6676,-105.0,中信期货
2025-07-28,CU2508,long,4,%BD%F0%C8%F0%C6%DA%BB%F5,6621,70.0,金瑞期货
2025-07-28,CU2508,long,5,%B9%FA%CC%A9%BE%FD%B0%B2,6434,-440.0,国泰君安
2025-07-28,CU2508,long,6,%D6%D0%C1%B8%C6%DA%BB%F5,3663,-30.0,中粮期货
2025-07-28,CU2508,long,7,%BD%A8%D0%C5%C6%DA%BB%F5,3388,-115.0,建信期货
2025-07-28,CU2508,long,8,%B9%E3%B7%A2%C6%DA%BB%F5,3349,-60.0,广发期货
2025-07-28,CU2508,long,9,%D4%C6%B3%BF%C6%DA%BB%F5,1675,165.0,云晨期货
2025-07-28,CU2508,long,10,%D2%BB%B5%C2%C6%DA%BB%F5,1360,-137.0,一德期货
2025-07-28,CU2508,long,11,%B9%E2%B4%F3%C6%DA%BB%F5,1166,-414.0,光大期货
2025-07-28,CU2508,long,12,%D0%CB%D2%B5%C6%DA%BB%F5,1141,-32.0,兴业期货
2025-07-28,CU2508,long,13,%D0%C2%BA%FE%C6%DA%BB%F5,1101,-92.0,新湖期货
2025-07-28,CU2508,long,14,%B6%AB%D6%A4%C6%DA%BB%F5,1021,-495.0,东证期货
2025-07-28,CU2508,long,15,%D6%D0%D0%C5%BD%A8%CD%B6,1014,-690.0,中信建投
2025-07-28,CU2508,long,16,%B9%E3%D6%DD%C6%DA%BB%F5,1002,-490.0,广州期货
2025-07-28,CU2508,long,17,%BA%EB%D2%B5%C6%DA%BB%F5,969,-95.0,弘业期货
2025-07-28,CU2508,long,18,%B3%A4%BD%AD%C6%DA%BB%F5,896,-38.0,长江期货
2025-07-28,CU2508,long,19,%CE%E5%BF%F3%C6%DA%BB%F5,877,123.0,五矿期货
2025-07-28,CU2508,long,20,%BB%AA%CC%A9%C6%DA%BB%F5,860,85.0,华泰期货
2025-07-28,CU2508,long,999,TOTAL,58593,,TOTAL
2025-07-28,CU2508,short,1,%D4%C6%B3%BF%C6%DA%BB%F5,8185,-216.0,云晨期货
2025-07-28,CU2508,short,2,%CE%E5%BF%F3%C6%DA%BB%F5,6295,-248.0,五矿期货
2025-07-28,CU2508,short,3,%D6%D0%D0%C5%C6%DA%BB%F5,6130,-964.0,中信期货
2025-07-28,CU2508,short,4,%BD%F0%C8%F0%C6%DA%BB%F5,5543,-1362.0,金瑞期货
2025-07-28,CU2508,short,5,%B9%FA%CC%A9%BE%FD%B0%B2,4520,-1527.0,国泰君安
2025-07-28,CU2508,short,6,%B6%AB%D6%A4%C6%DA%BB%F5,3171,-191.0,东证期货
2025-07-28,CU2508,short,7,%B9%FA%C3%B3%C6%DA%BB%F5,2277,-263.0,国贸期货
2025-07-28,CU2508,short,8,%D2%F8%BA%D3%C6%DA%BB%F5,2259,248.0,银河期货
2025-07-28,CU2508,short,9,%BB%AA%CC%A9%C6%DA%BB%F5,2052,-290.0,华泰期货
2025-07-28,CU2508,short,10,%B9%E2%B4%F3%C6%DA%BB%F5,2039,128.0,光大期货
2025-07-28,CU2508,short,11,%D0%C2%BA%FE%C6%DA%BB%F5,1726,-212.0,新湖期货
2025-07-28,CU2508,short,12,%BA%EB%D2%B5%C6%DA%BB%F5,1562,-42.0,弘业期货
2025-07-28,CU2508,short,13,%BD%A8%D0%C5%C6%DA%BB%F5,1540,-92.0,建信期货
2025-07-28,CU2508,short,14,%D5%D0%C9%CC%C6%DA%BB%F5,1522,-203.0,招商期货
2025-07-28,CU2508,short,15,%C4%CF%BB%AA%C6%DA%BB%F5,1403,-166.0,南华期货
2025-07-28,CU2508,short,16,%D6%D0%C1%B8%C6%DA%BB%F5,1396,3.0,中粮期货
2025-07-28,CU2508,short,17,%B9%FA%CD%B6%C6%DA%BB%F5,1395,-382.0,国投期货
2025-07-28,CU2508,short,18,%D7%CF%BD%F0%CC%EC%B7%E7,1321,-293.0,紫金天风
2025-07-28,CU2508,short,19,%D6%D0%BD%F0%B2%C6%B8%BB,1094,-4.0,中金财富
2025-07-28,CU2508,short,20,%B0%B2%C1%B8%C6%DA%BB%F5,936,-70.0,安粮期货
2025-07-28,CU2508,short,999,TOTAL,56366,,TOTAL
2025-07-30,CU2508,volume,1,%B6%AB%D6%A4%C6%DA%BB%F5,5218,-3658.0,东证期货
2025-07-30,CU2508,volume,2,%B9%FA%CC%A9%BE%FD%B0%B2,4975,-572.0,国泰君安
2025-07-30,CU2508,volume,3,%BD%F0%C8%F0%C6%DA%BB%F5,3950,-1212.0,金瑞期货
2025-07-30,CU2508,volume,4,%D6%D0%D0%C5%C6%DA%BB%F5,3142,-2224.0,中信期货
2025-07-30,CU2508,volume,5,%B9%E2%B4%F3%C6%DA%BB%F5,1470,-329.0,光大期货
2025-07-30,CU2508,volume,6,%B9%FA%D4%AA%C6%DA%BB%F5,1290,-157.0,国元期货
2025-07-30,CU2508,volume,7,%D2%F8%BA%D3%C6%DA%BB%F5,1204,-924.0,银河期货
2025-07-30,CU2508,volume,8,%D4%C6%B3%BF%C6%DA%BB%F5,1192,-634.0,云晨期货
2025-07-30,CU2508,volume,9,%BB%AA%CE%C5%C6%DA%BB%F5,1037,-133.0,华闻期货
2025-07-30,CU2508,volume,10,%B9%E3%B7%A2%C6%DA%BB%F5,996,362.0,广发期货
2025-07-30,CU2508,volume,11,%BA%EB%D2%B5%C6%DA%BB%F5,968,786.0,弘业期货
2025-07-30,CU2508,volume,12,%CD%AD%B9%DA%BD%F0%D4%B4,935,-221.0,铜冠金源
2025-07-30,CU2508,volume,13,%BA%A3%D6%A4%C6%DA%BB%F5,888,545.0,海证期货
2025-07-30,CU2508,volume,14,%B9%FA%D0%C5%C6%DA%BB%F5,792,672.0,国信期货
2025-07-30,CU2508,volume,15,%BD%A8%D0%C5%C6%DA%BB%F5,767,39.0,建信期货
2025-07-30,CU2508,volume,16,%BB%AA%CC%A9%C6%DA%BB%F5,738,-340.0,华泰期货
2025-07-30,CU2508,volume,17,%D6%D0%C1%B8%C6%DA%BB%F5,687,16.0,中粮期货
2025-07-30,CU2508,volume,18,%BA%A3%CD%A8%C6%DA%BB%F5,664,-164.0,海通期货
2025-07-30,CU2508,volume,19,%D6%D0%CC%A9%C6%DA%BB%F5,486,30.0,中泰期货
2025-07-30,CU2508,volume,20,%B2%C6%D0%C5%C6%DA%BB%F5,479,404.0,财信期货
2025-07-30,CU2508,volume,999,TOTAL,31878,,TOTAL
2025-07-30,CU2508,long,1,%D2%F8%BA%D3%C6%DA%BB%F5,6730,-271.0,银河期货
2025-07-30,CU2508,long,2,%CD%AD%B9%DA%BD%F0%D4%B4,6359,-264.0,铜冠金源
2025-07-30,CU2508,long,3,%D6%D0%D0%C5%C6%DA%BB%F5,5863,-669.0,中信期货
2025-07-30,CU2508,long,4,%BD%F0%C8%F0%C6%DA%BB%F5,5594,-554.0,金瑞期货
2025-07-30,CU2508,long,5,%B9%FA%CC%A9%BE%FD%B0%B2,4374,-869.0,国泰君安
2025-07-30,CU2508,long,6,%D6%D0%C1%B8%C6%DA%BB%F5,3148,-544.0,中粮期货
2025-07-30,CU2508,long,7,%BD%A8%D0%C5%C6%DA%BB%F5,2890,-349.0,建信期货
2025-07-30,CU2508,long,8,%B9%E3%B7%A2%C6%DA%BB%F5,2705,-304.0,广发期货
2025-07-30,CU2508,long,9,%D4%C6%B3%BF%C6%DA%BB%F5,1676,-5.0,云晨期货
2025-07-30,CU2508,long,10,%D2%BB%B5%C2%C6%DA%BB%F5,1258,-16.0,一德期货
2025-07-30,CU2508,long,11,%D0%CB%D2%B5%C6%DA%BB%F5,1179,41.0,兴业期货
2025-07-30,CU2508,long,12,%D0%C2%BA%FE%C6%DA%BB%F5,1049,-36.0,新湖期货
2025-07-30,CU2508,long,13,%B9%E3%D6%DD%C6%DA%BB%F5,878,-44.0,广州期货
2025-07-30,CU2508,long,14,%B3%A4%BD%AD%C6%DA%BB%F5,805,3.0,长江期货
2025-07-30,CU2508,long,15,%B6%AB%D6%A4%C6%DA%BB%F5,799,-130.0,东证期货
2025-07-30,CU2508,long,16,%BB%AA%CC%A9%C6%DA%BB%F5,771,59.0,华泰期货
2025-07-30,CU2508,long,17,%D7%CF%BD%F0%CC%EC%B7%E7,737,3.0,紫金天风
2025-07-30,CU2508,long,18,%D6%D0%CC%A9%C6%DA%BB%F5,732,-25.0,中泰期货
2025-07-30,CU2508,long,19,%CE%E5%BF%F3%C6%DA%BB%F5,728,-85.0,五矿期货
2025-07-30,CU2508,long,20,%D6%D0%D0%C5%BD%A8%CD%B6,697,-5.0,中信建投
2025-07-30,CU2508,long,999,TOTAL,48972,,TOTAL
2025-07-30,CU2508,short,1,%D4%C6%B3%BF%C6%DA%BB%F5,8452,-447.0,云晨期货
2025-07-30,CU2508,short,2,%CE%E5%BF%F3%C6%DA%BB%F5,6197,-54.0,五矿期货
2025-07-30,CU2508,short,3,%D6%D0%D0%C5%C6%DA%BB%F5,5259,-179.0,中信期货
2025-07-30,CU2508,short,4,%BD%F0%C8%F0%C6%DA%BB%F5,3054,-1292.0,金瑞期货
2025-07-30,CU2508,short,5,%B9%FA%CC%A9%BE%FD%B0%B2,2574,-1122.0,国泰君安
2025-07-30,CU2508,short,6,%B6%AB%D6%A4%C6%DA%BB%F5,2043,-666.0,东证期货
2025-07-30,CU2508,short,7,%B9%E2%B4%F3%C6%DA%BB%F5,1929,-207.0,光大期货
2025-07-30,CU2508,short,8,%D6%D0%C1%B8%C6%DA%BB%F5,1735,-45.0,中粮期货
2025-07-30,CU2508,short,9,%D2%F8%BA%D3%C6%DA%BB%F5,1732,-463.0,银河期货
2025-07-30,CU2508,short,10,%B9%FA%C3%B3%C6%DA%BB%F5,1627,-328.0,国贸期货
2025-07-30,CU2508,short,11,%BD%A8%D0%C5%C6%DA%BB%F5,1457,-86.0,建信期货
2025-07-30,CU2508,short,12,%BB%AA%CC%A9%C6%DA%BB%F5,1457,-157.0,华泰期货
2025-07-30,CU2508,short,13,%D5%D0%C9%CC%C6%DA%BB%F5,1430,-47.0,招商期货
2025-07-30,CU2508,short,14,%D0%C2%BA%FE%C6%DA%BB%F5,1313,-43.0,新湖期货
2025-07-30,CU2508,short,15,%D7%CF%BD%F0%CC%EC%B7%E7,1280,-35.0,紫金天风
2025-07-30,CU2508,short,16,%C4%CF%BB%AA%C6%DA%BB%F5,1238,-49.0,南华期货
2025-07-30,CU2508,short,17,%BA%EB%D2%B5%C6%DA%BB%F5,1166,-285.0,弘业期货
2025-07-30,CU2508,short,18,%D6%D0%BD%F0%B2%C6%B8%BB,1094,0.0,中金财富
2025-07-30,CU2508,short,19,%B9%FA%CD%B6%C6%DA%BB%F5,1080,-226.0,国投期货
2025-07-30,CU2508,short,20,%D6%D0%BD%F0%C1%EB%C4%CF,836,-2.0,中金岭南
2025-07-30,CU2508,short,999,TOTAL,46953,,TOTAL
2025-08-01,CU2508,volume,1,%BD%F0%C8%F0%C6%DA%BB%F5,3870,-5194.0,金瑞期货
2025-08-01,CU2508,volume,2,%B6%AB%D6%A4%C6%DA%BB%F5,2798,-3892.0,东证期货
2025-08-01,CU2508,volume,3,%D6%D0%D0%C5%C6%DA%BB%F5,2610,-3325.0,中信期货
2025-08-01,CU2508,volume,4,%B9%FA%CC%A9%BE%FD%B0%B2,2420,-1368.0,国泰君安
2025-08-01,CU2508,volume,5,%CD%AD%B9%DA%BD%F0%D4%B4,1475,-15.0,铜冠金源
2025-08-01,CU2508,volume,6,%BB%AA%CE%C5%C6%DA%BB%F5,1455,-676.0,华闻期货
2025-08-01,CU2508,volume,7,%D2%F8%BA%D3%C6%DA%BB%F5,1315,-1341.0,银河期货
2025-08-01,CU2508,volume,8,%C9%EA%CD%F2%C6%DA%BB%F5,1235,213.0,申万期货
2025-08-01,CU2508,volume,9,%B9%E3%B7%A2%C6%DA%BB%F5,1141,-1493.0,广发期货
2025-08-01,CU2508,volume,10,%BB%AA%CC%A9%C6%DA%BB%F5,1010,149.0,华泰期货
2025-08-01,CU2508,volume,11,%D4%C6%B3%BF%C6%DA%BB%F5,985,-2288.0,云晨期货
2025-08-01,CU2508,volume,12,%CE%EF%B2%FA%D6%D0%B4%F3,890,-196.0,物产中大
2025-08-01,CU2508,volume,13,%B9%E2%B4%F3%C6%DA%BB%F5,865,-1335.0,光大期货
2025-08-01,CU2508,volume,14,%CE%E5%BF%F3%C6%DA%BB%F5,778,-974.0,五矿期货
2025-08-01,CU2508,volume,15,%B9%FA%C3%B3%C6%DA%BB%F5,705,353.0,国贸期货
2025-08-01,CU2508,volume,16,%D6%D0%CC%A9%C6%DA%BB%F5,685,-920.0,中泰期货
2025-08-01,CU2508,volume,17,%D7%CF%BD%F0%CC%EC%B7%E7,625,20.0,紫金天风
2025-08-01,CU2508,volume,18,%B4%B4%D4%AA%C6%DA%BB%F5,610,75.0,创元期货
2025-08-01,CU2508,volume,19,%D5%E3%C9%CC%C6%DA%BB%F5,540,102.0,浙商期货
2025-08-01,CU2508,volume,20,%B7%F0%C9%BD%BD%F0%BF%D8,390,173.0,佛山金控
2025-08-01,CU2508,volume,999,TOTAL,26402,,TOTAL
2025-08-01,CU2508,long,1,%CD%AD%B9%DA%BD%F0%D4%B4,5340,-585.0,铜冠金源
2025-08-01,CU2508,long,2,%D2%F8%BA%D3%C6%DA%BB%F5,5010,-315.0,银河期货
2025-08-01,CU2508,long,3,%BD%F0%C8%F0%C6%DA%BB%F5,4005,-975.0,金瑞期货
2025-08-01,CU2508,long,4,%B9%FA%CC%A9%BE%FD%B0%B2,3360,-365.0,国泰君安
2025-08-01,CU2508,long,5,%D6%D0%D0%C5%C6%DA%BB%F5,3120,-355.0,中信期货
2025-08-01,CU2508,long,6,%BD%A8%D0%C5%C6%DA%BB%F5,2845,20.0,建信期货
2025-08-01,CU2508,long,7,%D6%D0%C1%B8%C6%DA%BB%F5,2105,-215.0,中粮期货
2025-08-01,CU2508,long,8,%D4%C6%B3%BF%C6%DA%BB%F5,1795,885.0,云晨期货
2025-08-01,CU2508,long,9,%D7%CF%BD%F0%CC%EC%B7%E7,1220,320.0,紫金天风
2025-08-01,CU2508,long,10,%D0%C2%BA%FE%C6%DA%BB%F5,1090,-85.0,新湖期货
2025-08-01,CU2508,long,11,%D2%BB%B5%C2%C6%DA%BB%F5,1065,-30.0,一德期货
2025-08-01,CU2508,long,12,%B3%A4%BD%AD%C6%DA%BB%F5,845,100.0,长江期货
2025-08-01,CU2508,long,13,%B9%E3%D6%DD%C6%DA%BB%F5,750,-20.0,广州期货
2025-08-01,CU2508,long,14,%D0%CB%D2%B5%C6%DA%BB%F5,740,-190.0,兴业期货
2025-08-01,CU2508,long,15,%B9%E2%B4%F3%C6%DA%BB%F5,695,-185.0,光大期货
2025-08-01,CU2508,long,16,%B6%AB%BA%A3%C6%DA%BB%F5,690,208.0,东海期货
2025-08-01,CU2508,long,17,%D3%C0%B0%B2%C6%DA%BB%F5,680,-160.0,永安期货
2025-08-01,CU2508,long,18,%B9%FA%CD%B6%C6%DA%BB%F5,660,-50.0,国投期货
2025-08-01,CU2508,long,19,%B6%AB%D6%A4%C6%DA%BB%F5,635,122.0,东证期货
2025-08-01,CU2508,long,20,%BB%AA%CC%A9%C6%DA%BB%F5,605,-310.0,华泰期货
2025-08-01,CU2508,long,999,TOTAL,37255,,TOTAL
2025-08-01,CU2508,short,1,%D4%C6%B3%BF%C6%DA%BB%F5,7145,-20.0,云晨期货
2025-08-01,CU2508,short,2,%CE%E5%BF%F3%C6%DA%BB%F5,5350,-173.0,五矿期货
2025-08-01,CU2508,short,3,%D6%D0%D0%C5%C6%DA%BB%F5,4515,-545.0,中信期货
2025-08-01,CU2508,short,4,%BD%F0%C8%F0%C6%DA%BB%F5,2505,-15.0,金瑞期货
2025-08-01,CU2508,short,5,%B9%FA%CC%A9%BE%FD%B0%B2,2070,5.0,国泰君安
2025-08-01,CU2508,short,6,%D6%D0%C1%B8%C6%DA%BB%F5,1960,-5.0,中粮期货
2025-08-01,CU2508,short,7,%B6%AB%D6%A4%C6%DA%BB%F5,1555,-10.0,东证期货
2025-08-01,CU2508,short,8,%B9%FA%C3%B3%C6%DA%BB%F5,1415,-40.0,国贸期货
2025-08-01,CU2508,short,9,%BD%A8%D0%C5%C6%DA%BB%F5,1280,-20.0,建信期货
2025-08-01,CU2508,short,10,%D5%D0%C9%CC%C6%DA%BB%F5,1280,-150.0,招商期货
2025-08-01,CU2508,short,11,%BB%AA%CC%A9%C6%DA%BB%F5,1220,-120.0,华泰期货
2025-08-01,CU2508,short,12,%D7%CF%BD%F0%CC%EC%B7%E7,1105,-25.0,紫金天风
2025-08-01,CU2508,short,13,%D2%F8%BA%D3%C6%DA%BB%F5,1015,-270.0,银河期货
2025-08-01,CU2508,short,14,%C4%CF%BB%AA%C6%DA%BB%F5,925,-15.0,南华期货
2025-08-01,CU2508,short,15,%D0%C2%BA%FE%C6%DA%BB%F5,905,20.0,新湖期货
2025-08-01,CU2508,short,16,%B9%E2%B4%F3%C6%DA%BB%F5,880,-140.0,光大期货
2025-08-01,CU2508,short,17,%D6%D0%BD%F0%C1%EB%C4%CF,835,0.0,中金岭南
2025-08-01,CU2508,short,18,%C2%F5%BF%C6%C6%DA%BB%F5,710,15.0,迈科期货
2025-08-01,CU2508,short,19,%B9%FA%CD%B6%C6%DA%BB%F5,660,-120.0,国投期货
2025-08-01,CU2508,short,20,%BA%EB%D2%B5%C6%DA%BB%F5,660,-50.0,弘业期货
2025-08-01,CU2508,short,999,TOTAL,37990,,TOTAL
2025-08-04,CU2508,volume,1,%D6%D0%D0%C5%C6%DA%BB%F5,3535,925.0,中信期货
2025-08-04,CU2508,volume,2,%BD%F0%C8%F0%C6%DA%BB%F5,2235,-1635.0,金瑞期货
2025-08-04,CU2508,volume,3,%D4%C6%B3%BF%C6%DA%BB%F5,1720,735.0,云晨期货
2025-08-04,CU2508,volume,4,%D2%F8%BA%D3%C6%DA%BB%F5,1530,215.0,银河期货
2025-08-04,CU2508,volume,5,%B9%FA%CC%A9%BE%FD%B0%B2,1520,-900.0,国泰君安
2025-08-04,CU2508,volume,6,%CD%AD%B9%DA%BD%F0%D4%B4,1405,-70.0,铜冠金源
2025-08-04,CU2508,volume,7,%B6%AB%D6%A4%C6%DA%BB%F5,1405,-1393.0,东证期货
2025-08-04,CU2508,volume,8,%B9%FA%D4%AA%C6%DA%BB%F5,1315,1065.0,国元期货
2025-08-04,CU2508,volume,9,%C9%EA%CD%F2%C6%DA%BB%F5,1270,35.0,申万期货
2025-08-04,CU2508,volume,10,%BB%AA%CE%C5%C6%DA%BB%F5,1175,-280.0,华闻期货
2025-08-04,CU2508,volume,11,%B9%E2%B4%F3%C6%DA%BB%F5,1140,275.0,光大期货
2025-08-04,CU2508,volume,12,%D6%D0%C1%B8%C6%DA%BB%F5,1110,890.0,中粮期货
2025-08-04,CU2508,volume,13,%D6%D0%CC%A9%C6%DA%BB%F5,1050,365.0,中泰期货
2025-08-04,CU2508,volume,14,%CE%E5%BF%F3%C6%DA%BB%F5,1005,227.0,五矿期货
2025-08-04,CU2508,volume,15,%BB%AA%CC%A9%C6%DA%BB%F5,705,-305.0,华泰期货
2025-08-04,CU2508,volume,16,%CE%EF%B2%FA%D6%D0%B4%F3,690,-200.0,物产中大
2025-08-04,CU2508,volume,17,%B9%E3%B7%A2%C6%DA%BB%F5,645,-496.0,广发期货
2025-08-04,CU2508,volume,18,%C4%CF%BB%AA%C6%DA%BB%F5,580,435.0,南华期货
2025-08-04,CU2508,volume,19,%D5%E3%C9%CC%C6%DA%BB%F5,500,-40.0,浙商期货
2025-08-04,CU2508,volume,20,%B9%FA%C3%B3%C6%DA%BB%F5,470,-235.0,国贸期货
2025-08-04,CU2508,volume,999,TOTAL,25005,,TOTAL
2025-08-04,CU2508,long,1,%CD%AD%B9%DA%BD%F0%D4%B4,4835,-505.0,铜冠金源
2025-08-04,CU2508,long,2,%D2%F8%BA%D3%C6%DA%BB%F5,4325,-685.0,银河期货
2025-08-04,CU2508,long,3,%B9%FA%CC%A9%BE%FD%B0%B2,3520,160.0,国泰君安
2025-08-04,CU2508,long,4,%BD%F0%C8%F0%C6%DA%BB%F5,3335,-670.0,金瑞期货
2025-08-04,CU2508,long,5,%BD%A8%D0%C5%C6%DA%BB%F5,2815,-30.0,建信期货
2025-08-04,CU2508,long,6,%D6%D0%D0%C5%C6%DA%BB%F5,2730,-390.0,中信期货
2025-08-04,CU2508,long,7,%D6%D0%C1%B8%C6%DA%BB%F5,2105,0.0,中粮期货
2025-08-04,CU2508,long,8,%D4%C6%B3%BF%C6%DA%BB%F5,1720,-75.0,云晨期货
2025-08-04,CU2508,long,9,%D7%CF%BD%F0%CC%EC%B7%E7,1215,-5.0,紫金天风
2025-08-04,CU2508,long,10,%D2%BB%B5%C2%C6%DA%BB%F5,1045,-20.0,一德期货
2025-08-04,CU2508,long,11,%D0%C2%BA%FE%C6%DA%BB%F5,970,-120.0,新湖期货
2025-08-04,CU2508,long,12,%D0%CB%D2%B5%C6%DA%BB%F5,800,60.0,兴业期货
2025-08-04,CU2508,long,13,%B9%E3%D6%DD%C6%DA%BB%F5,710,-40.0,广州期货
2025-08-04,CU2508,long,14,%B9%FA%CD%B6%C6%DA%BB%F5,690,30.0,国投期货
2025-08-04,CU2508,long,15,%D3%C0%B0%B2%C6%DA%BB%F5,670,-10.0,永安期货
2025-08-04,CU2508,long,16,%B9%E2%B4%F3%C6%DA%BB%F5,665,-30.0,光大期货
2025-08-04,CU2508,long,17,%B6%AB%D6%A4%C6%DA%BB%F5,645,10.0,东证期货
2025-08-04,CU2508,long,18,%D6%D0%CC%A9%C6%DA%BB%F5,630,35.0,中泰期货
2025-08-04,CU2508,long,19,%BB%AA%CC%A9%C6%DA%BB%F5,595,-10.0,华泰期货
2025-08-04,CU2508,long,20,%D6%D0%D0%C5%BD%A8%CD%B6,585,30.0,中信建投
2025-08-04,CU2508,long,999,TOTAL,34605,,TOTAL
2025-08-04,CU2508,short,1,%D4%C6%B3%BF%C6%DA%BB%F5,6570,-575.0,云晨期货
2025-08-04,CU2508,short,2,%CE%E5%BF%F3%C6%DA%BB%F5,4925,-425.0,五矿期货
2025-08-04,CU2508,short,3,%D6%D0%D0%C5%C6%DA%BB%F5,4130,-385.0,中信期货
2025-08-04,CU2508,short,4,%B9%FA%CC%A9%BE%FD%B0%B2,2080,10.0,国泰君安
2025-08-04,CU2508,short,5,%BD%F0%C8%F0%C6%DA%BB%F5,1800,-705.0,金瑞期货
2025-08-04,CU2508,short,6,%B6%AB%D6%A4%C6%DA%BB%F5,1430,-125.0,东证期货
2025-08-04,CU2508,short,7,%B9%FA%C3%B3%C6%DA%BB%F5,1355,-60.0,国贸期货
2025-08-04,CU2508,short,8,%D6%D0%C1%B8%C6%DA%BB%F5,1300,-660.0,中粮期货
2025-08-04,CU2508,short,9,%BD%A8%D0%C5%C6%DA%BB%F5,1145,-135.0,建信期货
2025-08-04,CU2508,short,10,%D5%D0%C9%CC%C6%DA%BB%F5,1135,-145.0,招商期货
2025-08-04,CU2508,short,11,%D7%CF%BD%F0%CC%EC%B7%E7,1085,-20.0,紫金天风
2025-08-04,CU2508,short,12,%BB%AA%CC%A9%C6%DA%BB%F5,1015,-205.0,华泰期货
2025-08-04,CU2508,short,13,%D2%F8%BA%D3%C6%DA%BB%F5,990,-25.0,银河期货
2025-08-04,CU2508,short,14,%B9%E2%B4%F3%C6%DA%BB%F5,870,-10.0,光大期货
2025-08-04,CU2508,short,15,%D6%D0%BD%F0%C1%EB%C4%CF,835,0.0,中金岭南
2025-08-04,CU2508,short,16,%C4%CF%BB%AA%C6%DA%BB%F5,795,-130.0,南华期货
2025-08-04,CU2508,short,17,%D0%C2%BA%FE%C6%DA%BB%F5,755,-150.0,新湖期货
2025-08-04,CU2508,short,18,%C2%F5%BF%C6%C6%DA%BB%F5,710,0.0,迈科期货
2025-08-04,CU2508,short,19,%B9%FA%CD%B6%C6%DA%BB%F5,660,0.0,国投期货
2025-08-04,CU2508,short,20,%CD%AD%B9%DA%BD%F0%D4%B4,510,80.0,铜冠金源
2025-08-04,CU2508,short,999,TOTAL,34095,,TOTAL
2025-08-05,CU2508,volume,1,%D6%D0%D0%C5%C6%DA%BB%F5,1715,-1820.0,中信期货
2025-08-05,CU2508,volume,2,%BD%F0%C8%F0%C6%DA%BB%F5,1660,-575.0,金瑞期货
2025-08-05,CU2508,volume,3,%B9%FA%CC%A9%BE%FD%B0%B2,1530,10.0,国泰君安
2025-08-05,CU2508,volume,4,%B6%AB%D6%A4%C6%DA%BB%F5,1355,-50.0,东证期货
2025-08-05,CU2508,volume,5,%D4%C6%B3%BF%C6%DA%BB%F5,1320,-400.0,云晨期货
2025-08-05,CU2508,volume,6,%CD%AD%B9%DA%BD%F0%D4%B4,1240,-165.0,铜冠金源
2025-08-05,CU2508,volume,7,%D7%CF%BD%F0%CC%EC%B7%E7,800,695.0,紫金天风
2025-08-05,CU2508,volume,8,%B9%E3%B7%A2%C6%DA%BB%F5,795,150.0,广发期货
2025-08-05,CU2508,volume,9,%B9%E2%B4%F3%C6%DA%BB%F5,755,-385.0,光大期货
2025-08-05,CU2508,volume,10,%CE%E5%BF%F3%C6%DA%BB%F5,730,-275.0,五矿期货
2025-08-05,CU2508,volume,11,%BB%AA%CC%A9%C6%DA%BB%F5,560,-145.0,华泰期货
2025-08-05,CU2508,volume,12,%D0%C2%BA%FE%C6%DA%BB%F5,545,135.0,新湖期货
2025-08-05,CU2508,volume,13,%B9%FA%CD%B6%C6%DA%BB%F5,500,350.0,国投期货
2025-08-05,CU2508,volume,14,%BB%AA%CE%C5%C6%DA%BB%F5,455,-720.0,华闻期货
2025-08-05,CU2508,volume,15,%C9%EA%CD%F2%C6%DA%BB%F5,435,-835.0,申万期货
2025-08-05,CU2508,volume,16,%D2%F8%BA%D3%C6%DA%BB%F5,420,-1110.0,银河期货
2025-08-05,CU2508,volume,17,%CE%EF%B2%FA%D6%D0%B4%F3,405,-285.0,物产中大
2025-08-05,CU2508,volume,18,%D6%D0%C1%B8%C6%DA%BB%F5,375,-735.0,中粮期货
2025-08-05,CU2508,volume,19,%BD%A8%D0%C5%C6%DA%BB%F5,255,-160.0,建信期货
2025-08-05,CU2508,volume,20,%B9%FA%C3%B3%C6%DA%BB%F5,240,-230.0,国贸期货
2025-08-05,CU2508,volume,999,TOTAL,16090,,TOTAL
2025-08-05,CU2508,long,1,%D2%F8%BA%D3%C6%DA%BB%F5,4285,-40.0,银河期货
2025-08-05,CU2508,long,2,%CD%AD%B9%DA%BD%F0%D4%B4,4245,-590.0,铜冠金源
2025-08-05,CU2508,long,3,%B9%FA%CC%A9%BE%FD%B0%B2,3465,-55.0,国泰君安
2025-08-05,CU2508,long,4,%BD%A8%D0%C5%C6%DA%BB%F5,2760,-55.0,建信期货
2025-08-05,CU2508,long,5,%BD%F0%C8%F0%C6%DA%BB%F5,2760,-575.0,金瑞期货
2025-08-05,CU2508,long,6,%D4%C6%B3%BF%C6%DA%BB%F5,2570,850.0,云晨期货
2025-08-05,CU2508,long,7,%D6%D0%D0%C5%C6%DA%BB%F5,2540,-190.0,中信期货
2025-08-05,CU2508,long,8,%D6%D0%C1%B8%C6%DA%BB%F5,1750,-355.0,中粮期货
2025-08-05,CU2508,long,9,%D2%BB%B5%C2%C6%DA%BB%F5,1115,70.0,一德期货
2025-08-05,CU2508,long,10,%D7%CF%BD%F0%CC%EC%B7%E7,1070,-145.0,紫金天风
2025-08-05,CU2508,long,11,%D0%CB%D2%B5%C6%DA%BB%F5,800,0.0,兴业期货
2025-08-05,CU2508,long,12,%B9%FA%CD%B6%C6%DA%BB%F5,735,45.0,国投期货
2025-08-05,CU2508,long,13,%D3%C0%B0%B2%C6%DA%BB%F5,670,0.0,永安期货
2025-08-05,CU2508,long,14,%D6%D0%CC%A9%C6%DA%BB%F5,660,30.0,中泰期货
2025-08-05,CU2508,long,15,%D0%C2%BA%FE%C6%DA%BB%F5,625,-345.0,新湖期货
2025-08-05,CU2508,long,16,%B9%E2%B4%F3%C6%DA%BB%F5,610,-55.0,光大期货
2025-08-05,CU2508,long,17,%B6%AB%D6%A4%C6%DA%BB%F5,605,-40.0,东证期货
2025-08-05,CU2508,long,18,%BB%AA%CC%A9%C6%DA%BB%F5,505,-90.0,华泰期货
2025-08-05,CU2508,long,19,%B9%E3%D6%DD%C6%DA%BB%F5,505,-205.0,广州期货
2025-08-05,CU2508,long,20,%D6%D0%D0%C5%BD%A8%CD%B6,495,-90.0,中信建投
2025-08-05,CU2508,long,999,TOTAL,32770,,TOTAL
2025-08-05,CU2508,short,1,%D4%C6%B3%BF%C6%DA%BB%F5,6490,-80.0,云晨期货
2025-08-05,CU2508,short,2,%CE%E5%BF%F3%C6%DA%BB%F5,4865,-60.0,五矿期货
2025-08-05,CU2508,short,3,%D6%D0%D0%C5%C6%DA%BB%F5,3425,-705.0,中信期货
2025-08-05,CU2508,short,4,%B9%FA%CC%A9%BE%FD%B0%B2,2255,175.0,国泰君安
2025-08-05,CU2508,short,5,%BD%F0%C8%F0%C6%DA%BB%F5,1455,-345.0,金瑞期货
2025-08-05,CU2508,short,6,%D6%D0%C1%B8%C6%DA%BB%F5,1280,-20.0,中粮期货
2025-08-05,CU2508,short,7,%B9%FA%C3%B3%C6%DA%BB%F5,1215,-140.0,国贸期货
2025-08-05,CU2508,short,8,%D2%F8%BA%D3%C6%DA%BB%F5,1150,160.0,银河期货
2025-08-05,CU2508,short,9,%BD%A8%D0%C5%C6%DA%BB%F5,1125,-20.0,建信期货
2025-08-05,CU2508,short,10,%B6%AB%D6%A4%C6%DA%BB%F5,1095,-335.0,东证期货
2025-08-05,CU2508,short,11,%D5%D0%C9%CC%C6%DA%BB%F5,980,-155.0,招商期货
2025-08-05,CU2508,short,12,%BB%AA%CC%A9%C6%DA%BB%F5,965,-50.0,华泰期货
2025-08-05,CU2508,short,13,%D6%D0%BD%F0%C1%EB%C4%CF,835,0.0,中金岭南
2025-08-05,CU2508,short,14,%C4%CF%BB%AA%C6%DA%BB%F5,795,0.0,南华期货
2025-08-05,CU2508,short,15,%C2%F5%BF%C6%C6%DA%BB%F5,710,0.0,迈科期货
2025-08-05,CU2508,short,16,%B9%FA%CD%B6%C6%DA%BB%F5,605,-55.0,国投期货
2025-08-05,CU2508,short,17,%B9%E2%B4%F3%C6%DA%BB%F5,600,-270.0,光大期货
2025-08-05,CU2508,short,18,%D0%C2%BA%FE%C6%DA%BB%F5,555,-200.0,新湖期货
2025-08-05,CU2508,short,19,%D7%CF%BD%F0%CC%EC%B7%E7,550,-535.0,紫金天风
2025-08-05,CU2508,short,20,%C8%F0%B4%EF%C6%DA%BB%F5,470,0.0,瑞达期货
2025-08-05,CU2508,short,999,TOTAL,31420,,TOTAL
2025-08-25,CU2509,volume,1,%B6%AB%D6%A4%C6%DA%BB%F5,15724,7344.0,东证期货
2025-08-25,CU2509,volume,2,%D6%D0%D0%C5%C6%DA%BB%F5,14368,6700.0,中信期货
2025-08-25,CU2509,volume,3,%B9%FA%CC%A9%BE%FD%B0%B2,12145,4915.0,国泰君安
2025-08-25,CU2509,volume,4,%BD%F0%C8%F0%C6%DA%BB%F5,7902,4098.0,金瑞期货
2025-08-25,CU2509,volume,5,%D2%F8%BA%D3%C6%DA%BB%F5,5252,2227.0,银河期货
2025-08-25,CU2509,volume,6,%D6%D0%D0%C5%BD%A8%CD%B6,4229,3296.0,中信建投
2025-08-25,CU2509,volume,7,%BB%AA%CC%A9%C6%DA%BB%F5,4198,168.0,华泰期货
2025-08-25,CU2509,volume,8,%B9%FA%CD%B6%C6%DA%BB%F5,4156,3000.0,国投期货
2025-08-25,CU2509,volume,9,%C4%CF%BB%AA%C6%DA%BB%F5,3717,1564.0,南华期货
2025-08-25,CU2509,volume,10,%D4%C6%B3%BF%C6%DA%BB%F5,3309,1986.0,云晨期货
2025-08-25,CU2509,volume,11,%D5%E3%C9%CC%C6%DA%BB%F5,3057,2455.0,浙商期货
2025-08-25,CU2509,volume,12,%BA%A3%CD%A8%C6%DA%BB%F5,2943,1315.0,海通期货
2025-08-25,CU2509,volume,13,%BD%A8%D0%C5%C6%DA%BB%F5,2815,1512.0,建信期货
2025-08-25,CU2509,volume,14,%B9%E2%B4%F3%C6%DA%BB%F5,2672,1308.0,光大期货
2025-08-25,CU2509,volume,15,%D5%D0%C9%CC%C6%DA%BB%F5,2252,1671.0,招商期货
2025-08-25,CU2509,volume,16,%CD%AD%B9%DA%BD%F0%D4%B4,1777,340.0,铜冠金源
2025-08-25,CU2509,volume,17,%B9%FA%C3%B3%C6%DA%BB%F5,1776,1217.0,国贸期货
2025-08-25,CU2509,volume,18,%B9%E3%B7%A2%C6%DA%BB%F5,1763,446.0,广发期货
2025-08-25,CU2509,volume,19,%B9%FA%D0%C5%C6%DA%BB%F5,1711,222.0,国信期货
2025-08-25,CU2509,volume,20,%C9%EA%CD%F2%C6%DA%BB%F5,1645,1023.0,申万期货
2025-08-25,CU2509,volume,999,TOTAL,97411,,TOTAL
2025-08-25,CU2509,long,1,%D2%F8%BA%D3%C6%DA%BB%F5,10772,1097.0,银河期货
2025-08-25,CU2509,long,2,%D6%D0%D0%C5%C6%DA%BB%F5,8863,140.0,中信期货
2025-08-25,CU2509,long,3,%B9%FA%CC%A9%BE%FD%B0%B2,8471,-90.0,国泰君安
2025-08-25,CU2509,long,4,%D4%C6%B3%BF%C6%DA%BB%F5,5652,1164.0,云晨期货
2025-08-25,CU2509,long,5,%D6%D0%C1%B8%C6%DA%BB%F5,5501,-688.0,中粮期货
2025-08-25,CU2509,long,6,%CD%AD%B9%DA%BD%F0%D4%B4,5326,-1028.0,铜冠金源
2025-08-25,CU2509,long,7,%BD%A8%D0%C5%C6%DA%BB%F5,4210,-1234.0,建信期货
2025-08-25,CU2509,long,8,%B9%E3%D6%DD%C6%DA%BB%F5,3357,-155.0,广州期货
2025-08-25,CU2509,long,9,%BD%F0%C8%F0%C6%DA%BB%F5,3178,-2096.0,金瑞期货
2025-08-25,CU2509,long,10,%B9%E3%B7%A2%C6%DA%BB%F5,2969,-100.0,广发期货
2025-08-25,CU2509,long,11,%D3%C0%B0%B2%C6%DA%BB%F5,2915,-96.0,永安期货
2025-08-25,CU2509,long,12,%B6%AB%D6%A4%C6%DA%BB%F5,2300,-660.0,东证期货
2025-08-25,CU2509,long,13,%B9%FA%CD%B6%C6%DA%BB%F5,2218,-482.0,国投期货
2025-08-25,CU2509,long,14,%B6%AB%CE%E2%C6%DA%BB%F5,2197,-249.0,东吴期货
2025-08-25,CU2509,long,15,%B4%B4%D4%AA%C6%DA%BB%F5,1815,425.0,创元期货
2025-08-25,CU2509,long,16,%D6%D0%D0%C5%BD%A8%CD%B6,1611,-114.0,中信建投
2025-08-25,CU2509,long,17,%BB%AA%B0%B2%C6%DA%BB%F5,1538,12.0,华安期货
2025-08-25,CU2509,long,18,%BA%EB%D2%B5%C6%DA%BB%F5,1440,319.0,弘业期货
2025-08-25,CU2509,long,19,%C4%CF%BB%AA%C6%DA%BB%F5,1350,-601.0,南华期货
2025-08-25,CU2509,long,20,%D0%C2%BA%FE%C6%DA%BB%F5,1327,-32.0,新湖期货
2025-08-25,CU2509,long,999,TOTAL,77010,,TOTAL
2025-08-25,CU2509,short,1,%BD%F0%C8%F0%C6%DA%BB%F5,11592,1255.0,金瑞期货
2025-08-25,CU2509,short,2,%CE%E5%BF%F3%C6%DA%BB%F5,10974,-659.0,五矿期货
2025-08-25,CU2509,short,3,%D6%D0%D0%C5%C6%DA%BB%F5,9561,-234.0,中信期货
2025-08-25,CU2509,short,4,%B9%FA%CC%A9%BE%FD%B0%B2,4604,-1056.0,国泰君安
2025-08-25,CU2509,short,5,%B6%AB%D6%A4%C6%DA%BB%F5,3727,549.0,东证期货
2025-08-25,CU2509,short,6,%B9%FA%C3%B3%C6%DA%BB%F5,3710,-314.0,国贸期货
2025-08-25,CU2509,short,7,%BB%AA%CC%A9%C6%DA%BB%F5,3187,-225.0,华泰期货
2025-08-25,CU2509,short,8,%B9%FA%CD%B6%C6%DA%BB%F5,3002,-542.0,国投期货
2025-08-25,CU2509,short,9,%B9%E2%B4%F3%C6%DA%BB%F5,2679,-108.0,光大期货
2025-08-25,CU2509,short,10,%D4%C6%B3%BF%C6%DA%BB%F5,2397,-207.0,云晨期货
2025-08-25,CU2509,short,11,%D6%D0%C1%B8%C6%DA%BB%F5,2336,309.0,中粮期货
2025-08-25,CU2509,short,12,%D7%CF%BD%F0%CC%EC%B7%E7,2292,-286.0,紫金天风
2025-08-25,CU2509,short,13,%C9%EA%CD%F2%C6%DA%BB%F5,2147,-55.0,申万期货
2025-08-25,CU2509,short,14,%BA%EB%D2%B5%C6%DA%BB%F5,2113,-385.0,弘业期货
2025-08-25,CU2509,short,15,%D2%F8%BA%D3%C6%DA%BB%F5,1959,-354.0,银河期货
2025-08-25,CU2509,short,16,%C4%CF%BB%AA%C6%DA%BB%F5,1907,49.0,南华期货
2025-08-25,CU2509,short,17,%C8%F0%B4%EF%C6%DA%BB%F5,1845,3.0,瑞达期货
2025-08-25,CU2509,short,18,%CD%AD%B9%DA%BD%F0%D4%B4,1738,-73.0,铜冠金源
2025-08-25,CU2509,short,19,%B6%AB%CE%E2%C6%DA%BB%F5,1694,-32.0,东吴期货
2025-08-25,CU2509,short,20,%BA%A3%CD%A8%C6%DA%BB%F5,1657,-1299.0,海通期货
2025-08-25,CU2509,short,999,TOTAL,75121,,TOTAL
2025-08-27,CU2509,volume,1,%B9%FA%CC%A9%BE%FD%B0%B2,6411,-816.0,国泰君安
2025-08-27,CU2509,volume,2,%D6%D0%D0%C5%C6%DA%BB%F5,5017,-2504.0,中信期货
2025-08-27,CU2509,volume,3,%BD%F0%C8%F0%C6%DA%BB%F5,4907,440.0,金瑞期货
2025-08-27,CU2509,volume,4,%B6%AB%D6%A4%C6%DA%BB%F5,4721,-1746.0,东证期货
2025-08-27,CU2509,volume,5,%D6%D0%CC%A9%C6%DA%BB%F5,2716,709.0,中泰期货
2025-08-27,CU2509,volume,6,%B9%FA%CD%B6%C6%DA%BB%F5,2172,1154.0,国投期货
2025-08-27,CU2509,volume,7,%B9%E2%B4%F3%C6%DA%BB%F5,1959,502.0,光大期货
2025-08-27,CU2509,volume,8,%C4%CF%BB%AA%C6%DA%BB%F5,1757,-1085.0,南华期货
2025-08-27,CU2509,volume,9,%BD%A8%D0%C5%C6%DA%BB%F5,1439,400.0,建信期货
2025-08-27,CU2509,volume,10,%D4%C6%B3%BF%C6%DA%BB%F5,1214,-108.0,云晨期货
2025-08-27,CU2509,volume,11,%D2%F8%BA%D3%C6%DA%BB%F5,1177,-1188.0,银河期货
2025-08-27,CU2509,volume,12,%B9%FA%D4%AA%C6%DA%BB%F5,1173,-202.0,国元期货
2025-08-27,CU2509,volume,13,%B1%A6%B3%C7%C6%DA%BB%F5,1114,555.0,宝城期货
2025-08-27,CU2509,volume,14,%CE%E5%BF%F3%C6%DA%BB%F5,1068,-364.0,五矿期货
2025-08-27,CU2509,volume,15,%B9%E3%B7%A2%C6%DA%BB%F5,1057,-2166.0,广发期货
2025-08-27,CU2509,volume,16,%BA%A3%CD%A8%C6%DA%BB%F5,1006,-575.0,海通期货
2025-08-27,CU2509,volume,17,%D6%D0%C1%B8%C6%DA%BB%F5,863,-1174.0,中粮期货
2025-08-27,CU2509,volume,18,%D6%D0%D2%F8%C6%DA%BB%F5,811,-74.0,中银期货
2025-08-27,CU2509,volume,19,%D3%C0%B0%B2%C6%DA%BB%F5,767,305.0,永安期货
2025-08-27,CU2509,volume,20,%BB%AA%CC%A9%C6%DA%BB%F5,752,-617.0,华泰期货
2025-08-27,CU2509,volume,999,TOTAL,42101,,TOTAL
2025-08-27,CU2509,long,1,%D2%F8%BA%D3%C6%DA%BB%F5,9886,-393.0,银河期货
2025-08-27,CU2509,long,2,%D6%D0%D0%C5%C6%DA%BB%F5,5996,-1168.0,中信期货
2025-08-27,CU2509,long,3,%CD%AD%B9%DA%BD%F0%D4%B4,5151,-152.0,铜冠金源
2025-08-27,CU2509,long,4,%D6%D0%C1%B8%C6%DA%BB%F5,5048,-49.0,中粮期货
2025-08-27,CU2509,long,5,%B9%FA%CC%A9%BE%FD%B0%B2,4429,-2182.0,国泰君安
2025-08-27,CU2509,long,6,%BD%F0%C8%F0%C6%DA%BB%F5,3873,1297.0,金瑞期货
2025-08-27,CU2509,long,7,%BD%A8%D0%C5%C6%DA%BB%F5,3849,-629.0,建信期货
2025-08-27,CU2509,long,8,%D4%C6%B3%BF%C6%DA%BB%F5,3579,-1027.0,云晨期货
2025-08-27,CU2509,long,9,%B9%E3%D6%DD%C6%DA%BB%F5,3289,-56.0,广州期货
2025-08-27,CU2509,long,10,%D3%C0%B0%B2%C6%DA%BB%F5,2273,-552.0,永安期货
2025-08-27,CU2509,long,11,%B4%B4%D4%AA%C6%DA%BB%F5,1975,90.0,创元期货
2025-08-27,CU2509,long,12,%B9%E2%B4%F3%C6%DA%BB%F5,1410,274.0,光大期货
2025-08-27,CU2509,long,13,%B9%E3%B7%A2%C6%DA%BB%F5,1407,-33.0,广发期货
2025-08-27,CU2509,long,14,%B9%FA%CD%B6%C6%DA%BB%F5,1329,-467.0,国投期货
2025-08-27,CU2509,long,15,%BB%AA%B0%B2%C6%DA%BB%F5,1272,-108.0,华安期货
2025-08-27,CU2509,long,16,%B6%AB%D6%A4%C6%DA%BB%F5,1208,-385.0,东证期货
2025-08-27,CU2509,long,17,%B6%AB%CE%E2%C6%DA%BB%F5,1179,-263.0,东吴期货
2025-08-27,CU2509,long,18,%BB%AA%F6%CE%C6%DA%BB%F5,1064,66.0,华鑫期货
2025-08-27,CU2509,long,19,%D6%D0%CC%A9%C6%DA%BB%F5,1010,55.0,中泰期货
2025-08-27,CU2509,long,20,%BA%A3%D6%A4%C6%DA%BB%F5,982,-21.0,海证期货
2025-08-27,CU2509,long,999,TOTAL,60209,,TOTAL
2025-08-27,CU2509,short,1,%CE%E5%BF%F3%C6%DA%BB%F5,9236,-624.0,五矿期货
2025-08-27,CU2509,short,2,%BD%F0%C8%F0%C6%DA%BB%F5,7839,-1488.0,金瑞期货
2025-08-27,CU2509,short,3,%D6%D0%D0%C5%C6%DA%BB%F5,7496,-805.0,中信期货
2025-08-27,CU2509,short,4,%B9%FA%C3%B3%C6%DA%BB%F5,3527,-92.0,国贸期货
2025-08-27,CU2509,short,5,%B9%FA%CC%A9%BE%FD%B0%B2,3426,-129.0,国泰君安
2025-08-27,CU2509,short,6,%B6%AB%D6%A4%C6%DA%BB%F5,2657,-200.0,东证期货
2025-08-27,CU2509,short,7,%BB%AA%CC%A9%C6%DA%BB%F5,2655,6.0,华泰期货
2025-08-27,CU2509,short,8,%D4%C6%B3%BF%C6%DA%BB%F5,2410,75.0,云晨期货
2025-08-27,CU2509,short,9,%B9%E2%B4%F3%C6%DA%BB%F5,2046,-317.0,光大期货
2025-08-27,CU2509,short,10,%C9%EA%CD%F2%C6%DA%BB%F5,1966,18.0,申万期货
2025-08-27,CU2509,short,11,%D7%CF%BD%F0%CC%EC%B7%E7,1744,-196.0,紫金天风
2025-08-27,CU2509,short,12,%CD%AD%B9%DA%BD%F0%D4%B4,1711,-30.0,铜冠金源
2025-08-27,CU2509,short,13,%B6%AB%CE%E2%C6%DA%BB%F5,1616,58.0,东吴期货
2025-08-27,CU2509,short,14,%C4%CF%BB%AA%C6%DA%BB%F5,1521,69.0,南华期货
2025-08-27,CU2509,short,15,%B9%FA%CD%B6%C6%DA%BB%F5,1467,-947.0,国投期货
2025-08-27,CU2509,short,16,%B9%FA%D0%C5%C6%DA%BB%F5,1376,-52.0,国信期货
2025-08-27,CU2509,short,17,%BA%EB%D2%B5%C6%DA%BB%F5,1254,-3.0,弘业期货
2025-08-27,CU2509,short,18,%D2%F8%BA%D3%C6%DA%BB%F5,1243,-320.0,银河期货
2025-08-27,CU2509,short,19,%BD%A8%D0%C5%C6%DA%BB%F5,1165,-172.0,建信期货
2025-08-27,CU2509,short,20,%BA%A3%CD%A8%C6%DA%BB%F5,1142,-247.0,海通期货
2025-08-27,CU2509,short,999,TOTAL,57497,,TOTAL
2025-08-29,CU2509,volume,1,%B6%AB%D6%A4%C6%DA%BB%F5,5151,-2022.0,东证期货
2025-08-29,CU2509,volume,2,%BD%F0%C8%F0%C6%DA%BB%F5,4450,-1992.0,金瑞期货
2025-08-29,CU2509,volume,3,%D6%D0%D0%C5%C6%DA%BB%F5,3494,-2460.0,中信期货
2025-08-29,CU2509,volume,4,%B9%FA%CC%A9%BE%FD%B0%B2,2343,-4737.0,国泰君安
2025-08-29,CU2509,volume,5,%D2%F8%BA%D3%C6%DA%BB%F5,2339,560.0,银河期货
2025-08-29,CU2509,volume,6,%D6%D0%C1%B8%C6%DA%BB%F5,1835,708.0,中粮期货
2025-08-29,CU2509,volume,7,%CD%AD%B9%DA%BD%F0%D4%B4,1648,366.0,铜冠金源
2025-08-29,CU2509,volume,8,%C4%CF%BB%AA%C6%DA%BB%F5,1547,727.0,南华期货
2025-08-29,CU2509,volume,9,%CE%E5%BF%F3%C6%DA%BB%F5,1480,486.0,五矿期货
2025-08-29,CU2509,volume,10,%D6%D0%CC%A9%C6%DA%BB%F5,1388,-3231.0,中泰期货
2025-08-29,CU2509,volume,11,%B9%E3%D6%DD%C6%DA%BB%F5,1315,1225.0,广州期货
2025-08-29,CU2509,volume,12,%B9%E3%B7%A2%C6%DA%BB%F5,1194,-357.0,广发期货
2025-08-29,CU2509,volume,13,%B9%FA%D4%AA%C6%DA%BB%F5,1076,167.0,国元期货
2025-08-29,CU2509,volume,14,%B9%FA%CD%B6%C6%DA%BB%F5,1058,-718.0,国投期货
2025-08-29,CU2509,volume,15,%BD%A8%D0%C5%C6%DA%BB%F5,1022,-880.0,建信期货
2025-08-29,CU2509,volume,16,%B9%FA%D0%C2%B9%FA%D6%A4,954,-85.0,国新国证
2025-08-29,CU2509,volume,17,%B9%E2%B4%F3%C6%DA%BB%F5,860,-1528.0,光大期货
2025-08-29,CU2509,volume,18,%BB%AA%F6%CE%C6%DA%BB%F5,834,362.0,华鑫期货
2025-08-29,CU2509,volume,19,%D6%D0%BB%D4%C6%DA%BB%F5,722,343.0,中辉期货
2025-08-29,CU2509,volume,20,%B7%BD%D5%FD%D6%D0%C6%DA,661,442.0,方正中期
2025-08-29,CU2509,volume,999,TOTAL,35371,,TOTAL
2025-08-29,CU2509,long,1,%D2%F8%BA%D3%C6%DA%BB%F5,8165,-1232.0,银河期货
2025-08-29,CU2509,long,2,%D6%D0%D0%C5%C6%DA%BB%F5,4975,-603.0,中信期货
2025-08-29,CU2509,long,3,%D6%D0%C1%B8%C6%DA%BB%F5,4425,-236.0,中粮期货
2025-08-29,CU2509,long,4,%CD%AD%B9%DA%BD%F0%D4%B4,4414,-499.0,铜冠金源
2025-08-29,CU2509,long,5,%BD%A8%D0%C5%C6%DA%BB%F5,3430,414.0,建信期货
2025-08-29,CU2509,long,6,%D4%C6%B3%BF%C6%DA%BB%F5,2745,-94.0,云晨期货
2025-08-29,CU2509,long,7,%BD%F0%C8%F0%C6%DA%BB%F5,2645,-781.0,金瑞期货
2025-08-29,CU2509,long,8,%B9%FA%CC%A9%BE%FD%B0%B2,2145,-277.0,国泰君安
2025-08-29,CU2509,long,9,%B9%E3%D6%DD%C6%DA%BB%F5,2080,-1175.0,广州期货
2025-08-29,CU2509,long,10,%D6%D0%D2%F8%C6%DA%BB%F5,1290,385.0,中银期货
2025-08-29,CU2509,long,11,%BB%AA%B0%B2%C6%DA%BB%F5,1235,-67.0,华安期货
2025-08-29,CU2509,long,12,%B9%FA%CD%B6%C6%DA%BB%F5,1135,-642.0,国投期货
2025-08-29,CU2509,long,13,%D2%BB%B5%C2%C6%DA%BB%F5,980,-11.0,一德期货
2025-08-29,CU2509,long,14,%B2%C6%D0%C5%C6%DA%BB%F5,970,-70.0,财信期货
2025-08-29,CU2509,long,15,%B9%E3%B7%A2%C6%DA%BB%F5,920,-278.0,广发期货
2025-08-29,CU2509,long,16,%B6%AB%D6%A4%C6%DA%BB%F5,917,-335.0,东证期货
2025-08-29,CU2509,long,17,%BA%A3%D6%A4%C6%DA%BB%F5,905,-7.0,海证期货
2025-08-29,CU2509,long,18,%B3%A4%BD%AD%C6%DA%BB%F5,885,-70.0,长江期货
2025-08-29,CU2509,long,19,%B6%AB%D0%CB%C6%DA%BB%F5,865,0.0,东兴期货
2025-08-29,CU2509,long,20,%B6%AB%CE%E2%C6%DA%BB%F5,835,-63.0,东吴期货
2025-08-29,CU2509,long,999,TOTAL,45961,,TOTAL
2025-08-29,CU2509,short,1,%CE%E5%BF%F3%C6%DA%BB%F5,8020,-835.0,五矿期货
2025-08-29,CU2509,short,2,%D6%D0%D0%C5%C6%DA%BB%F5,5795,-339.0,中信期货
2025-08-29,CU2509,short,3,%BD%F0%C8%F0%C6%DA%BB%F5,5205,-779.0,金瑞期货
2025-08-29,CU2509,short,4,%B9%FA%C3%B3%C6%DA%BB%F5,2651,-222.0,国贸期货
2025-08-29,CU2509,short,5,%B9%FA%CC%A9%BE%FD%B0%B2,2255,-656.0,国泰君安
2025-08-29,CU2509,short,6,%B9%E2%B4%F3%C6%DA%BB%F5,1945,-293.0,光大期货
2025-08-29,CU2509,short,7,%BB%AA%CC%A9%C6%DA%BB%F5,1910,-345.0,华泰期货
2025-08-29,CU2509,short,8,%B6%AB%D6%A4%C6%DA%BB%F5,1844,-58.0,东证期货
2025-08-29,CU2509,short,9,%D4%C6%B3%BF%C6%DA%BB%F5,1810,-15.0,云晨期货
2025-08-29,CU2509,short,10,%C9%EA%CD%F2%C6%DA%BB%F5,1550,-165.0,申万期货
2025-08-29,CU2509,short,11,%CD%AD%B9%DA%BD%F0%D4%B4,1360,-233.0,铜冠金源
2025-08-29,CU2509,short,12,%B6%AB%CE%E2%C6%DA%BB%F5,1165,-280.0,东吴期货
2025-08-29,CU2509,short,13,%D7%CF%BD%F0%CC%EC%B7%E7,1150,-507.0,紫金天风
2025-08-29,CU2509,short,14,%BA%EB%D2%B5%C6%DA%BB%F5,1095,21.0,弘业期货
2025-08-29,CU2509,short,15,%D5%D0%C9%CC%C6%DA%BB%F5,1060,-20.0,招商期货
2025-08-29,CU2509,short,16,%D6%D0%C1%B8%C6%DA%BB%F5,940,-35.0,中粮期货
2025-08-29,CU2509,short,17,%D0%CB%D2%B5%C6%DA%BB%F5,890,-104.0,兴业期货
2025-08-29,CU2509,short,18,%BD%A8%D0%C5%C6%DA%BB%F5,880,-142.0,建信期货
2025-08-29,CU2509,short,19,%D2%F8%BA%D3%C6%DA%BB%F5,860,-255.0,银河期货
2025-08-29,CU2509,short,20,%C4%CF%BB%AA%C6%DA%BB%F5,810,-864.0,南华期货
2025-08-29,CU2509,short,999,TOTAL,43195,,TOTAL
2025-09-01,CU2509,volume,1,%D6%D0%D0%C5%C6%DA%BB%F5,3515,21.0,中信期货
2025-09-01,CU2509,volume,2,%B6%AB%D6%A4%C6%DA%BB%F5,3321,-1830.0,东证期货
2025-09-01,CU2509,volume,3,%BD%F0%C8%F0%C6%DA%BB%F5,3020,-1430.0,金瑞期货
2025-09-01,CU2509,volume,4,%B9%E2%B4%F3%C6%DA%BB%F5,2385,1525.0,光大期货
2025-09-01,CU2509,volume,5,%D2%F8%BA%D3%C6%DA%BB%F5,1770,-569.0,银河期货
2025-09-01,CU2509,volume,6,%CE%E5%BF%F3%C6%DA%BB%F5,1185,-295.0,五矿期货
2025-09-01,CU2509,volume,7,%C9%EA%CD%F2%C6%DA%BB%F5,1100,601.0,申万期货
2025-09-01,CU2509,volume,8,%BB%AA%CE%C5%C6%DA%BB%F5,1005,898.0,华闻期货
2025-09-01,CU2509,volume,9,%CD%AD%B9%DA%BD%F0%D4%B4,974,-674.0,铜冠金源
2025-09-01,CU2509,volume,10,%BA%EB%D2%B5%C6%DA%BB%F5,870,628.0,弘业期货
2025-09-01,CU2509,volume,11,%B9%E3%B7%A2%C6%DA%BB%F5,870,-324.0,广发期货
2025-09-01,CU2509,volume,12,%B9%FA%CC%A9%BE%FD%B0%B2,845,-1498.0,国泰君安
2025-09-01,CU2509,volume,13,%D4%C6%B3%BF%C6%DA%BB%F5,835,560.0,云晨期货
2025-09-01,CU2509,volume,14,%D6%D0%C1%B8%C6%DA%BB%F5,820,-1015.0,中粮期货
2025-09-01,CU2509,volume,15,%B9%FA%D4%AA%C6%DA%BB%F5,790,-286.0,国元期货
2025-09-01,CU2509,volume,16,%B9%FA%C3%B3%C6%DA%BB%F5,716,275.0,国贸期货
2025-09-01,CU2509,volume,17,%BA%A3%CD%A8%C6%DA%BB%F5,685,287.0,海通期货
2025-09-01,CU2509,volume,18,%D6%D0%CC%A9%C6%DA%BB%F5,592,-796.0,中泰期货
2025-09-01,CU2509,volume,19,%B9%FA%CD%B6%C6%DA%BB%F5,580,-478.0,国投期货
2025-09-01,CU2509,volume,20,%B6%AB%BA%A3%C6%DA%BB%F5,560,37.0,东海期货
2025-09-01,CU2509,volume,999,TOTAL,26438,,TOTAL
2025-09-01,CU2509,long,1,%D2%F8%BA%D3%C6%DA%BB%F5,7455,-710.0,银河期货
2025-09-01,CU2509,long,2,%D6%D0%C1%B8%C6%DA%BB%F5,4970,545.0,中粮期货
2025-09-01,CU2509,long,3,%D6%D0%D0%C5%C6%DA%BB%F5,4270,-705.0,中信期货
2025-09-01,CU2509,long,4,%CD%AD%B9%DA%BD%F0%D4%B4,4045,-369.0,铜冠金源
2025-09-01,CU2509,long,5,%BD%A8%D0%C5%C6%DA%BB%F5,3405,-25.0,建信期货
2025-09-01,CU2509,long,6,%D4%C6%B3%BF%C6%DA%BB%F5,2430,-315.0,云晨期货
2025-09-01,CU2509,long,7,%B9%FA%CC%A9%BE%FD%B0%B2,2110,-35.0,国泰君安
2025-09-01,CU2509,long,8,%B9%E3%D6%DD%C6%DA%BB%F5,2030,-50.0,广州期货
2025-09-01,CU2509,long,9,%BD%F0%C8%F0%C6%DA%BB%F5,1825,-820.0,金瑞期货
2025-09-01,CU2509,long,10,%BB%AA%B0%B2%C6%DA%BB%F5,1210,-25.0,华安期货
2025-09-01,CU2509,long,11,%D6%D0%D2%F8%C6%DA%BB%F5,1205,-85.0,中银期货
2025-09-01,CU2509,long,12,%B9%FA%CD%B6%C6%DA%BB%F5,1055,-80.0,国投期货
2025-09-01,CU2509,long,13,%D2%BB%B5%C2%C6%DA%BB%F5,1005,25.0,一德期货
2025-09-01,CU2509,long,14,%B6%AB%D0%CB%C6%DA%BB%F5,965,100.0,东兴期货
2025-09-01,CU2509,long,15,%B9%E3%B7%A2%C6%DA%BB%F5,950,30.0,广发期货
2025-09-01,CU2509,long,16,%B2%C6%D0%C5%C6%DA%BB%F5,950,-20.0,财信期货
2025-09-01,CU2509,long,17,%BA%A3%D6%A4%C6%DA%BB%F5,905,0.0,海证期货
2025-09-01,CU2509,long,18,%B6%AB%CE%E2%C6%DA%BB%F5,805,-30.0,东吴期货
2025-09-01,CU2509,long,19,%B6%AB%D6%A4%C6%DA%BB%F5,780,-137.0,东证期货
2025-09-01,CU2509,long,20,%D6%D0%CC%A9%C6%DA%BB%F5,770,-1.0,中泰期货
2025-09-01,CU2509,long,999,TOTAL,43140,,TOTAL
2025-09-01,CU2509,short,1,%CE%E5%BF%F3%C6%DA%BB%F5,7235,-785.0,五矿期货
2025-09-01,CU2509,short,2,%D6%D0%D0%C5%C6%DA%BB%F5,5815,20.0,中信期货
2025-09-01,CU2509,short,3,%BD%F0%C8%F0%C6%DA%BB%F5,4375,-830.0,金瑞期货
2025-09-01,CU2509,short,4,%B9%FA%C3%B3%C6%DA%BB%F5,2475,-176.0,国贸期货
2025-09-01,CU2509,short,5,%B9%FA%CC%A9%BE%FD%B0%B2,2165,-90.0,国泰君安
2025-09-01,CU2509,short,6,%BB%AA%CC%A9%C6%DA%BB%F5,1810,-100.0,华泰期货
2025-09-01,CU2509,short,7,%C9%EA%CD%F2%C6%DA%BB%F5,1615,65.0,申万期货
2025-09-01,CU2509,short,8,%B6%AB%D6%A4%C6%DA%BB%F5,1600,-244.0,东证期货
2025-09-01,CU2509,short,9,%B9%E2%B4%F3%C6%DA%BB%F5,1435,-510.0,光大期货
2025-09-01,CU2509,short,10,%CD%AD%B9%DA%BD%F0%D4%B4,1405,45.0,铜冠金源
2025-09-01,CU2509,short,11,%D4%C6%B3%BF%C6%DA%BB%F5,1310,-500.0,云晨期货
2025-09-01,CU2509,short,12,%B6%AB%CE%E2%C6%DA%BB%F5,1115,-50.0,东吴期货
2025-09-01,CU2509,short,13,%D0%CB%D2%B5%C6%DA%BB%F5,975,85.0,兴业期货
2025-09-01,CU2509,short,14,%D7%CF%BD%F0%CC%EC%B7%E7,935,-215.0,紫金天风
2025-09-01,CU2509,short,15,%C4%CF%BB%AA%C6%DA%BB%F5,925,115.0,南华期货
2025-09-01,CU2509,short,16,%D6%D0%C1%B8%C6%DA%BB%F5,905,-35.0,中粮期货
2025-09-01,CU2509,short,17,%D5%D0%C9%CC%C6%DA%BB%F5,900,-160.0,招商期货
2025-09-01,CU2509,short,18,%BD%A8%D0%C5%C6%DA%BB%F5,805,-75.0,建信期货
2025-09-01,CU2509,short,19,%BA%A3%CD%A8%C6%DA%BB%F5,785,0.0,海通期货
2025-09-01,CU2509,short,20,%B4%F3%B5%D8%C6%DA%BB%F5,780,360.0,大地期货
2025-09-01,CU2509,short,999,TOTAL,39365,,TOTAL
2025-09-02,CU2509,volume,1,%BD%F0%C8%F0%C6%DA%BB%F5,3190,170.0,金瑞期货
2025-09-02,CU2509,volume,2,%D6%D0%D0%C5%C6%DA%BB%F5,2655,-860.0,中信期货
2025-09-02,CU2509,volume,3,%B6%AB%D6%A4%C6%DA%BB%F5,2525,-796.0,东证期货
2025-09-02,CU2509,volume,4,%B9%E2%B4%F3%C6%DA%BB%F5,1925,-460.0,光大期货
2025-09-02,CU2509,volume,5,%D2%F8%BA%D3%C6%DA%BB%F5,1670,-100.0,银河期货
2025-09-02,CU2509,volume,6,%C9%EA%CD%F2%C6%DA%BB%F5,1550,450.0,申万期货
2025-09-02,CU2509,volume,7,%CD%AD%B9%DA%BD%F0%D4%B4,1265,291.0,铜冠金源
2025-09-02,CU2509,volume,8,%D4%C6%B3%BF%C6%DA%BB%F5,975,140.0,云晨期货
2025-09-02,CU2509,volume,9,%B9%FA%C3%B3%C6%DA%BB%F5,890,174.0,国贸期货
2025-09-02,CU2509,volume,10,%CE%EF%B2%FA%D6%D0%B4%F3,840,600.0,物产中大
2025-09-02,CU2509,volume,11,%BD%A8%D0%C5%C6%DA%BB%F5,800,430.0,建信期货
2025-09-02,CU2509,volume,12,%B9%FA%CC%A9%BE%FD%B0%B2,795,-50.0,国泰君安
2025-09-02,CU2509,volume,13,%BA%A3%CD%A8%C6%DA%BB%F5,770,85.0,海通期货
2025-09-02,CU2509,volume,14,%B9%E3%B7%A2%C6%DA%BB%F5,750,-120.0,广发期货
2025-09-02,CU2509,volume,15,%CE%E5%BF%F3%C6%DA%BB%F5,720,-465.0,五矿期货
2025-09-02,CU2509,volume,16,%D0%CB%D2%B5%C6%DA%BB%F5,670,185.0,兴业期货
2025-09-02,CU2509,volume,17,%B9%FA%D4%AA%C6%DA%BB%F5,665,-125.0,国元期货
2025-09-02,CU2509,volume,18,%BB%AA%CE%C5%C6%DA%BB%F5,550,-455.0,华闻期货
2025-09-02,CU2509,volume,19,%D6%D0%CC%A9%C6%DA%BB%F5,490,-102.0,中泰期货
2025-09-02,CU2509,volume,20,%D2%BB%B5%C2%C6%DA%BB%F5,435,370.0,一德期货
2025-09-02,CU2509,volume,999,TOTAL,24130,,TOTAL
2025-09-02,CU2509,long,1,%D2%F8%BA%D3%C6%DA%BB%F5,6250,-1205.0,银河期货
2025-09-02,CU2509,long,2,%D6%D0%C1%B8%C6%DA%BB%F5,5020,50.0,中粮期货
2025-09-02,CU2509,long,3,%D6%D0%D0%C5%C6%DA%BB%F5,3800,-470.0,中信期货
2025-09-02,CU2509,long,4,%CD%AD%B9%DA%BD%F0%D4%B4,3610,-435.0,铜冠金源
2025-09-02,CU2509,long,5,%BD%A8%D0%C5%C6%DA%BB%F5,3295,-110.0,建信期货
2025-09-02,CU2509,long,6,%D4%C6%B3%BF%C6%DA%BB%F5,2265,-165.0,云晨期货
2025-09-02,CU2509,long,7,%BD%F0%C8%F0%C6%DA%BB%F5,2105,280.0,金瑞期货
2025-09-02,CU2509,long,8,%B9%FA%CC%A9%BE%FD%B0%B2,2100,-10.0,国泰君安
2025-09-02,CU2509,long,9,%B9%E3%D6%DD%C6%DA%BB%F5,2010,-20.0,广州期货
2025-09-02,CU2509,long,10,%BB%AA%B0%B2%C6%DA%BB%F5,1355,145.0,华安期货
2025-09-02,CU2509,long,11,%D6%D0%D2%F8%C6%DA%BB%F5,1195,-10.0,中银期货
2025-09-02,CU2509,long,12,%B9%FA%CD%B6%C6%DA%BB%F5,1140,85.0,国投期货
2025-09-02,CU2509,long,13,%B6%AB%D0%CB%C6%DA%BB%F5,965,0.0,东兴期货
2025-09-02,CU2509,long,14,%B2%C6%D0%C5%C6%DA%BB%F5,920,-30.0,财信期货
2025-09-02,CU2509,long,15,%BA%A3%D6%A4%C6%DA%BB%F5,905,0.0,海证期货
2025-09-02,CU2509,long,16,%B9%E3%B7%A2%C6%DA%BB%F5,835,-115.0,广发期货
2025-09-02,CU2509,long,17,%D2%BB%B5%C2%C6%DA%BB%F5,790,-215.0,一德期货
2025-09-02,CU2509,long,18,%D6%D0%CC%A9%C6%DA%BB%F5,765,-5.0,中泰期货
2025-09-02,CU2509,long,19,%B3%A4%BD%AD%C6%DA%BB%F5,680,-10.0,长江期货
2025-09-02,CU2509,long,20,%B6%AB%D6%A4%C6%DA%BB%F5,660,-120.0,东证期货
2025-09-02,CU2509,long,999,TOTAL,40665,,TOTAL
2025-09-02,CU2509,short,1,%CE%E5%BF%F3%C6%DA%BB%F5,6885,-350.0,五矿期货
2025-09-02,CU2509,short,2,%D6%D0%D0%C5%C6%DA%BB%F5,5040,-775.0,中信期货
2025-09-02,CU2509,short,3,%BD%F0%C8%F0%C6%DA%BB%F5,4245,-130.0,金瑞期货
2025-09-02,CU2509,short,4,%B9%FA%C3%B3%C6%DA%BB%F5,2590,115.0,国贸期货
2025-09-02,CU2509,short,5,%B9%FA%CC%A9%BE%FD%B0%B2,1990,-175.0,国泰君安
2025-09-02,CU2509,short,6,%BB%AA%CC%A9%C6%DA%BB%F5,1835,25.0,华泰期货
2025-09-02,CU2509,short,7,%C9%EA%CD%F2%C6%DA%BB%F5,1515,-100.0,申万期货
2025-09-02,CU2509,short,8,%CD%AD%B9%DA%BD%F0%D4%B4,1355,-50.0,铜冠金源
2025-09-02,CU2509,short,9,%B6%AB%D6%A4%C6%DA%BB%F5,1355,-245.0,东证期货
2025-09-02,CU2509,short,10,%B6%AB%CE%E2%C6%DA%BB%F5,1075,-40.0,东吴期货
2025-09-02,CU2509,short,11,%C4%CF%BB%AA%C6%DA%BB%F5,920,-5.0,南华期货
2025-09-02,CU2509,short,12,%D0%CB%D2%B5%C6%DA%BB%F5,885,-90.0,兴业期货
2025-09-02,CU2509,short,13,%D5%D0%C9%CC%C6%DA%BB%F5,805,-95.0,招商期货
2025-09-02,CU2509,short,14,%BA%A3%CD%A8%C6%DA%BB%F5,790,5.0,海通期货
2025-09-02,CU2509,short,15,%D6%D0%C1%B8%C6%DA%BB%F5,790,-115.0,中粮期货
2025-09-02,CU2509,short,16,%C9%CF%BA%A3%D6%D0%C6%DA,750,120.0,上海中期
2025-09-02,CU2509,short,17,%B4%F3%B5%D8%C6%DA%BB%F5,725,-55.0,大地期货
2025-09-02,CU2509,short,18,%BD%A8%D0%C5%C6%DA%BB%F5,705,-100.0,建信期货
2025-09-02,CU2509,short,19,%D2%F8%BA%D3%C6%DA%BB%F5,705,-25.0,银河期货
2025-09-02,CU2509,short,20,%D4%C6%B3%BF%C6%DA%BB%F5,670,-640.0,云晨期货
2025-09-02,CU2509,short,999,TOTAL,35630,,TOTAL
2025-09-03,CU2509,volume,1,%D4%C6%B3%BF%C6%DA%BB%F5,4225,3250.0,云晨期货
2025-09-03,CU2509,volume,2,%BD%F0%C8%F0%C6%DA%BB%F5,3310,120.0,金瑞期货
2025-09-03,CU2509,volume,3,%B6%AB%D6%A4%C6%DA%BB%F5,3305,780.0,东证期货
2025-09-03,CU2509,volume,4,%D6%D0%D0%C5%C6%DA%BB%F5,2000,-655.0,中信期货
2025-09-03,CU2509,volume,5,%BD%A8%D0%C5%C6%DA%BB%F5,1755,955.0,建信期货
2025-09-03,CU2509,volume,6,%C9%EA%CD%F2%C6%DA%BB%F5,1735,185.0,申万期货
2025-09-03,CU2509,volume,7,%CD%AD%B9%DA%BD%F0%D4%B4,1525,260.0,铜冠金源
2025-09-03,CU2509,volume,8,%D0%CB%D2%B5%C6%DA%BB%F5,1435,765.0,兴业期货
2025-09-03,CU2509,volume,9,%D2%F8%BA%D3%C6%DA%BB%F5,1255,-415.0,银河期货
2025-09-03,CU2509,volume,10,%B9%FA%C3%B3%C6%DA%BB%F5,1245,355.0,国贸期货
2025-09-03,CU2509,volume,11,%B9%E3%B7%A2%C6%DA%BB%F5,1135,385.0,广发期货
2025-09-03,CU2509,volume,12,%B9%FA%CC%A9%BE%FD%B0%B2,1100,305.0,国泰君安
2025-09-03,CU2509,volume,13,%B9%E2%B4%F3%C6%DA%BB%F5,1040,-885.0,光大期货
2025-09-03,CU2509,volume,14,%BA%A3%CD%A8%C6%DA%BB%F5,915,145.0,海通期货
2025-09-03,CU2509,volume,15,%CE%E5%BF%F3%C6%DA%BB%F5,845,125.0,五矿期货
2025-09-03,CU2509,volume,16,%B6%AB%D0%CB%C6%DA%BB%F5,800,800.0,东兴期货
2025-09-03,CU2509,volume,17,%D6%D0%CC%A9%C6%DA%BB%F5,785,295.0,中泰期货
2025-09-03,CU2509,volume,18,%BB%AA%CE%C5%C6%DA%BB%F5,770,220.0,华闻期货
2025-09-03,CU2509,volume,19,%D6%D0%C1%B8%C6%DA%BB%F5,630,265.0,中粮期货
2025-09-03,CU2509,volume,20,%B9%FA%CD%B6%C6%DA%BB%F5,580,175.0,国投期货
2025-09-03,CU2509,volume,999,TOTAL,30390,,TOTAL
2025-09-03,CU2509,long,1,%D2%F8%BA%D3%C6%DA%BB%F5,5985,-265.0,银河期货
2025-09-03,CU2509,long,2,%D6%D0%C1%B8%C6%DA%BB%F5,5010,-10.0,中粮期货
2025-09-03,CU2509,long,3,%BD%A8%D0%C5%C6%DA%BB%F5,3835,540.0,建信期货
2025-09-03,CU2509,long,4,%D6%D0%D0%C5%C6%DA%BB%F5,3500,-300.0,中信期货
2025-09-03,CU2509,long,5,%CD%AD%B9%DA%BD%F0%D4%B4,2995,-615.0,铜冠金源
2025-09-03,CU2509,long,6,%BD%F0%C8%F0%C6%DA%BB%F5,2490,385.0,金瑞期货
2025-09-03,CU2509,long,7,%B9%FA%CC%A9%BE%FD%B0%B2,2300,200.0,国泰君安
2025-09-03,CU2509,long,8,%B9%E3%D6%DD%C6%DA%BB%F5,2005,-5.0,广州期货
2025-09-03,CU2509,long,9,%D4%C6%B3%BF%C6%DA%BB%F5,1605,-660.0,云晨期货
2025-09-03,CU2509,long,10,%B9%FA%CD%B6%C6%DA%BB%F5,1490,350.0,国投期货
2025-09-03,CU2509,long,11,%BB%AA%B0%B2%C6%DA%BB%F5,1445,90.0,华安期货
2025-09-03,CU2509,long,12,%D6%D0%D2%F8%C6%DA%BB%F5,1050,-145.0,中银期货
2025-09-03,CU2509,long,13,%BA%A3%D6%A4%C6%DA%BB%F5,900,-5.0,海证期货
2025-09-03,CU2509,long,14,%B2%C6%D0%C5%C6%DA%BB%F5,855,-65.0,财信期货
2025-09-03,CU2509,long,15,%D2%BB%B5%C2%C6%DA%BB%F5,770,-20.0,一德期货
2025-09-03,CU2509,long,16,%D6%D0%CC%A9%C6%DA%BB%F5,760,-5.0,中泰期货
2025-09-03,CU2509,long,17,%B3%A4%BD%AD%C6%DA%BB%F5,710,30.0,长江期货
2025-09-03,CU2509,long,18,%B6%AB%D6%A4%C6%DA%BB%F5,645,-15.0,东证期货
2025-09-03,CU2509,long,19,%B6%AB%CE%E2%C6%DA%BB%F5,595,-50.0,东吴期货
2025-09-03,CU2509,long,20,%B9%E2%B4%F3%C6%DA%BB%F5,535,-20.0,光大期货
2025-09-03,CU2509,long,999,TOTAL,39480,,TOTAL
2025-09-03,CU2509,short,1,%CE%E5%BF%F3%C6%DA%BB%F5,6640,-245.0,五矿期货
2025-09-03,CU2509,short,2,%D6%D0%D0%C5%C6%DA%BB%F5,4620,-420.0,中信期货
2025-09-03,CU2509,short,3,%BD%F0%C8%F0%C6%DA%BB%F5,3940,-305.0,金瑞期货
2025-09-03,CU2509,short,4,%B9%FA%C3%B3%C6%DA%BB%F5,2095,-495.0,国贸期货
2025-09-03,CU2509,short,5,%B9%FA%CC%A9%BE%FD%B0%B2,2030,40.0,国泰君安
2025-09-03,CU2509,short,6,%BB%AA%CC%A9%C6%DA%BB%F5,1685,-150.0,华泰期货
2025-09-03,CU2509,short,7,%B6%AB%D6%A4%C6%DA%BB%F5,1415,60.0,东证期货
2025-09-03,CU2509,short,8,%C9%EA%CD%F2%C6%DA%BB%F5,1210,-305.0,申万期货
2025-09-03,CU2509,short,9,%CD%AD%B9%DA%BD%F0%D4%B4,1135,-220.0,铜冠金源
2025-09-03,CU2509,short,10,%D0%CB%D2%B5%C6%DA%BB%F5,1090,205.0,兴业期货
2025-09-03,CU2509,short,11,%B6%AB%CE%E2%C6%DA%BB%F5,1025,-50.0,东吴期货
2025-09-03,CU2509,short,12,%D4%C6%B3%BF%C6%DA%BB%F5,945,275.0,云晨期货
2025-09-03,CU2509,short,13,%C4%CF%BB%AA%C6%DA%BB%F5,890,-30.0,南华期货
2025-09-03,CU2509,short,14,%BA%A3%CD%A8%C6%DA%BB%F5,790,0.0,海通期货
2025-09-03,CU2509,short,15,%B9%E2%B4%F3%C6%DA%BB%F5,755,190.0,光大期货
2025-09-03,CU2509,short,16,%C9%CF%BA%A3%D6%D0%C6%DA,750,0.0,上海中期
2025-09-03,CU2509,short,17,%B4%F3%B5%D8%C6%DA%BB%F5,750,25.0,大地期货
2025-09-03,CU2509,short,18,%D5%D0%C9%CC%C6%DA%BB%F5,665,-140.0,招商期货
2025-09-03,CU2509,short,19,%B6%AB%BA%A3%C6%DA%BB%F5,590,-5.0,东海期货
2025-09-03,CU2509,short,20,%C8%F0%B4%EF%C6%DA%BB%F5,555,-75.0,瑞达期货
2025-09-03,CU2509,short,999,TOTAL,33575,,TOTAL
2025-09-24,CU2510,volume,1,%D6%D0%D0%C5%C6%DA%BB%F5,7263,434.0,中信期货
2025-09-24,CU2510,volume,2,%B9%FA%CC%A9%BE%FD%B0%B2,7040,-2159.0,国泰君安
2025-09-24,CU2510,volume,3,%B6%AB%D6%A4%C6%DA%BB%F5,6795,731.0,东证期货
2025-09-24,CU2510,volume,4,%BD%F0%C8%F0%C6%DA%BB%F5,4697,1072.0,金瑞期货
2025-09-24,CU2510,volume,5,%BB%AA%CC%A9%C6%DA%BB%F5,2614,647.0,华泰期货
2025-09-24,CU2510,volume,6,%D6%D0%D0%C5%BD%A8%CD%B6,2448,584.0,中信建投
2025-09-24,CU2510,volume,7,%CD%AD%B9%DA%BD%F0%D4%B4,2071,697.0,铜冠金源
2025-09-24,CU2510,volume,8,%D5%E3%C9%CC%C6%DA%BB%F5,1934,-162.0,浙商期货
2025-09-24,CU2510,volume,9,%D2%F8%BA%D3%C6%DA%BB%F5,1877,-559.0,银河期货
2025-09-24,CU2510,volume,10,%D4%C6%B3%BF%C6%DA%BB%F5,1855,35.0,云晨期货
2025-09-24,CU2510,volume,11,%B9%FA%CD%B6%C6%DA%BB%F5,1529,301.0,国投期货
2025-09-24,CU2510,volume,12,%D6%D0%CC%A9%C6%DA%BB%F5,1497,-1129.0,中泰期货
2025-09-24,CU2510,volume,13,%D0%CB%D2%B5%C6%DA%BB%F5,1281,809.0,兴业期货
2025-09-24,CU2510,volume,14,%C6%BD%B0%B2%C6%DA%BB%F5,1261,864.0,平安期货
2025-09-24,CU2510,volume,15,%B9%FA%D0%C5%C6%DA%BB%F5,1229,507.0,国信期货
2025-09-24,CU2510,volume,16,%CE%E5%BF%F3%C6%DA%BB%F5,1185,377.0,五矿期货
2025-09-24,CU2510,volume,17,%D5%D0%C9%CC%C6%DA%BB%F5,1114,549.0,招商期货
2025-09-24,CU2510,volume,18,%D6%D0%C1%B8%C6%DA%BB%F5,1112,521.0,中粮期货
2025-09-24,CU2510,volume,19,%BA%EB%D2%B5%C6%DA%BB%F5,1100,787.0,弘业期货
2025-09-24,CU2510,volume,20,%BA%A3%CD%A8%C6%DA%BB%F5,1079,328.0,海通期货
2025-09-24,CU2510,volume,999,TOTAL,50981,,TOTAL
2025-09-24,CU2510,long,1,%CD%AD%B9%DA%BD%F0%D4%B4,7685,-1225.0,铜冠金源
2025-09-24,CU2510,long,2,%D6%D0%D0%C5%C6%DA%BB%F5,6695,-795.0,中信期货
2025-09-24,CU2510,long,3,%D2%F8%BA%D3%C6%DA%BB%F5,6411,1072.0,银河期货
2025-09-24,CU2510,long,4,%D4%C6%B3%BF%C6%DA%BB%F5,4648,809.0,云晨期货
2025-09-24,CU2510,long,5,%BD%F0%C8%F0%C6%DA%BB%F5,4571,-761.0,金瑞期货
2025-09-24,CU2510,long,6,%D6%D0%C1%B8%C6%DA%BB%F5,3890,-763.0,中粮期货
2025-09-24,CU2510,long,7,%B9%FA%CC%A9%BE%FD%B0%B2,3629,-1628.0,国泰君安
2025-09-24,CU2510,long,8,%BD%A8%D0%C5%C6%DA%BB%F5,2890,-313.0,建信期货
2025-09-24,CU2510,long,9,%D3%C0%B0%B2%C6%DA%BB%F5,2872,-167.0,永安期货
2025-09-24,CU2510,long,10,%B6%AB%D6%A4%C6%DA%BB%F5,2325,127.0,东证期货
2025-09-24,CU2510,long,11,%B9%FA%CD%B6%C6%DA%BB%F5,2268,-520.0,国投期货
2025-09-24,CU2510,long,12,%BB%AA%B0%B2%C6%DA%BB%F5,1963,7.0,华安期货
2025-09-24,CU2510,long,13,%D6%D0%D0%C5%BD%A8%CD%B6,1633,-75.0,中信建投
2025-09-24,CU2510,long,14,%BB%AA%F6%CE%C6%DA%BB%F5,1272,93.0,华鑫期货
2025-09-24,CU2510,long,15,%B9%E3%D6%DD%C6%DA%BB%F5,1237,-653.0,广州期货
2025-09-24,CU2510,long,16,%B9%E3%B7%A2%C6%DA%BB%F5,1156,13.0,广发期货
2025-09-24,CU2510,long,17,%D6%D0%B2%C6%C6%DA%BB%F5,1096,-86.0,中财期货
2025-09-24,CU2510,long,18,%CE%E5%BF%F3%C6%DA%BB%F5,1063,-428.0,五矿期货
2025-09-24,CU2510,long,19,%D0%CB%D2%B5%C6%DA%BB%F5,1057,-19.0,兴业期货
2025-09-24,CU2510,long,20,%D6%D0%CC%A9%C6%DA%BB%F5,1014,-99.0,中泰期货
2025-09-24,CU2510,long,999,TOTAL,59375,,TOTAL
2025-09-24,CU2510,short,1,%D6%D0%D0%C5%C6%DA%BB%F5,7582,-1066.0,中信期货
2025-09-24,CU2510,short,2,%BD%F0%C8%F0%C6%DA%BB%F5,7437,-242.0,金瑞期货
2025-09-24,CU2510,short,3,%B9%FA%CC%A9%BE%FD%B0%B2,4033,-730.0,国泰君安
2025-09-24,CU2510,short,4,%CE%E5%BF%F3%C6%DA%BB%F5,3227,-468.0,五矿期货
2025-09-24,CU2510,short,5,%B9%E2%B4%F3%C6%DA%BB%F5,3220,-11.0,光大期货
2025-09-24,CU2510,short,6,%B9%FA%C3%B3%C6%DA%BB%F5,3040,-273.0,国贸期货
2025-09-24,CU2510,short,7,%D7%CF%BD%F0%CC%EC%B7%E7,2534,-48.0,紫金天风
2025-09-24,CU2510,short,8,%C4%CF%BB%AA%C6%DA%BB%F5,2476,-125.0,南华期货
2025-09-24,CU2510,short,9,%BB%AA%CC%A9%C6%DA%BB%F5,2180,-575.0,华泰期货
2025-09-24,CU2510,short,10,%B6%AB%D6%A4%C6%DA%BB%F5,1931,-165.0,东证期货
2025-09-24,CU2510,short,11,%B7%BD%D5%FD%D6%D0%C6%DA,1850,-77.0,方正中期
2025-09-24,CU2510,short,12,%B9%FA%CD%B6%C6%DA%BB%F5,1779,-15.0,国投期货
2025-09-24,CU2510,short,13,%D2%F8%BA%D3%C6%DA%BB%F5,1769,-154.0,银河期货
2025-09-24,CU2510,short,14,%BD%A8%D0%C5%C6%DA%BB%F5,1680,-377.0,建信期货
2025-09-24,CU2510,short,15,%D6%D0%D0%C5%BD%A8%CD%B6,1662,-248.0,中信建投
2025-09-24,CU2510,short,16,%BA%EB%D2%B5%C6%DA%BB%F5,1624,-638.0,弘业期货
2025-09-24,CU2510,short,17,%C9%EA%CD%F2%C6%DA%BB%F5,1551,-101.0,申万期货
2025-09-24,CU2510,short,18,%CD%AD%B9%DA%BD%F0%D4%B4,1538,-334.0,铜冠金源
2025-09-24,CU2510,short,19,%D3%C0%B0%B2%C6%DA%BB%F5,1538,33.0,永安期货
2025-09-24,CU2510,short,20,%D0%CB%D2%B5%C6%DA%BB%F5,1439,-160.0,兴业期货
2025-09-24,CU2510,short,999,TOTAL,54090,,TOTAL
2025-09-26,CU2510,volume,1,%B9%FA%CC%A9%BE%FD%B0%B2,6437,-11589.0,国泰君安
2025-09-26,CU2510,volume,2,%B6%AB%D6%A4%C6%DA%BB%F5,5510,-6895.0,东证期货
2025-09-26,CU2510,volume,3,%BD%F0%C8%F0%C6%DA%BB%F5,4851,-6535.0,金瑞期货
2025-09-26,CU2510,volume,4,%D6%D0%D0%C5%C6%DA%BB%F5,4530,-15743.0,中信期货
2025-09-26,CU2510,volume,5,%D6%D0%CC%A9%C6%DA%BB%F5,2710,-2992.0,中泰期货
2025-09-26,CU2510,volume,6,%D2%F8%BA%D3%C6%DA%BB%F5,2380,-1517.0,银河期货
2025-09-26,CU2510,volume,7,%B9%E3%B7%A2%C6%DA%BB%F5,2213,-715.0,广发期货
2025-09-26,CU2510,volume,8,%B9%FA%CD%B6%C6%DA%BB%F5,2189,1171.0,国投期货
2025-09-26,CU2510,volume,9,%C4%CF%BB%AA%C6%DA%BB%F5,1360,511.0,南华期货
2025-09-26,CU2510,volume,10,%D4%C6%B3%BF%C6%DA%BB%F5,1317,-780.0,云晨期货
2025-09-26,CU2510,volume,11,%D0%C2%BA%FE%C6%DA%BB%F5,1248,272.0,新湖期货
2025-09-26,CU2510,volume,12,%CD%AD%B9%DA%BD%F0%D4%B4,1240,-1172.0,铜冠金源
2025-09-26,CU2510,volume,13,%BA%A3%CD%A8%C6%DA%BB%F5,1223,-3848.0,海通期货
2025-09-26,CU2510,volume,14,%BB%AA%F6%CE%C6%DA%BB%F5,1036,515.0,华鑫期货
2025-09-26,CU2510,volume,15,%D6%D0%D0%C5%BD%A8%CD%B6,1019,-161.0,中信建投
2025-09-26,CU2510,volume,16,%B9%E2%B4%F3%C6%DA%BB%F5,954,-939.0,光大期货
2025-09-26,CU2510,volume,17,%CE%EF%B2%FA%D6%D0%B4%F3,936,550.0,物产中大
2025-09-26,CU2510,volume,18,%D0%CB%D2%B5%C6%DA%BB%F5,881,13.0,兴业期货
2025-09-26,CU2510,volume,19,%D6%D0%C1%B8%C6%DA%BB%F5,855,-30.0,中粮期货
2025-09-26,CU2510,volume,20,%D6%D0%BB%D4%C6%DA%BB%F5,850,-306.0,中辉期货
2025-09-26,CU2510,volume,999,TOTAL,43739,,TOTAL
2025-09-26,CU2510,long,1,%CD%AD%B9%DA%BD%F0%D4%B4,6487,-191.0,铜冠金源
2025-09-26,CU2510,long,2,%BD%F0%C8%F0%C6%DA%BB%F5,4793,-466.0,金瑞期货
2025-09-26,CU2510,long,3,%D2%F8%BA%D3%C6%DA%BB%F5,4503,-894.0,银河期货
2025-09-26,CU2510,long,4,%D4%C6%B3%BF%C6%DA%BB%F5,4110,243.0,云晨期货
2025-09-26,CU2510,long,5,%D6%D0%D0%C5%C6%DA%BB%F5,3338,-625.0,中信期货
2025-09-26,CU2510,long,6,%BD%A8%D0%C5%C6%DA%BB%F5,2781,-148.0,建信期货
2025-09-26,CU2510,long,7,%D6%D0%C1%B8%C6%DA%BB%F5,2547,-778.0,中粮期货
2025-09-26,CU2510,long,8,%B9%FA%CC%A9%BE%FD%B0%B2,2472,-740.0,国泰君安
2025-09-26,CU2510,long,9,%D3%C0%B0%B2%C6%DA%BB%F5,2138,-123.0,永安期货
2025-09-26,CU2510,long,10,%BB%AA%B0%B2%C6%DA%BB%F5,1998,-61.0,华安期货
2025-09-26,CU2510,long,11,%B6%AB%D6%A4%C6%DA%BB%F5,1193,-503.0,东证期货
2025-09-26,CU2510,long,12,%D6%D0%D0%C5%BD%A8%CD%B6,1087,-267.0,中信建投
2025-09-26,CU2510,long,13,%B9%FA%CD%B6%C6%DA%BB%F5,1080,-579.0,国投期货
2025-09-26,CU2510,long,14,%CE%E5%BF%F3%C6%DA%BB%F5,961,-40.0,五矿期货
2025-09-26,CU2510,long,15,%BA%A3%CD%A8%C6%DA%BB%F5,898,-330.0,海通期货
2025-09-26,CU2510,long,16,%D6%D0%D2%F8%C6%DA%BB%F5,868,99.0,中银期货
2025-09-26,CU2510,long,17,%B3%A4%BD%AD%C6%DA%BB%F5,834,-134.0,长江期货
2025-09-26,CU2510,long,18,%B9%E3%B7%A2%C6%DA%BB%F5,727,-344.0,广发期货
2025-09-26,CU2510,long,19,%D6%D0%B9%FA%B9%FA%BC%CA,725,-30.0,中国国际
2025-09-26,CU2510,long,20,%D2%BB%B5%C2%C6%DA%BB%F5,630,-141.0,一德期货
2025-09-26,CU2510,long,999,TOTAL,44170,,TOTAL
2025-09-26,CU2510,short,1,%D6%D0%D0%C5%C6%DA%BB%F5,5574,-1473.0,中信期货
2025-09-26,CU2510,short,2,%BD%F0%C8%F0%C6%DA%BB%F5,4354,-1717.0,金瑞期货
2025-09-26,CU2510,short,3,%CE%E5%BF%F3%C6%DA%BB%F5,3057,37.0,五矿期货
2025-09-26,CU2510,short,4,%B9%E2%B4%F3%C6%DA%BB%F5,2457,-458.0,光大期货
2025-09-26,CU2510,short,5,%B9%FA%C3%B3%C6%DA%BB%F5,2320,380.0,国贸期货
2025-09-26,CU2510,short,6,%B9%FA%CD%B6%C6%DA%BB%F5,1912,202.0,国投期货
2025-09-26,CU2510,short,7,%D2%F8%BA%D3%C6%DA%BB%F5,1868,-158.0,银河期货
2025-09-26,CU2510,short,8,%C4%CF%BB%AA%C6%DA%BB%F5,1804,-510.0,南华期货
2025-09-26,CU2510,short,9,%B9%FA%CC%A9%BE%FD%B0%B2,1731,-479.0,国泰君安
2025-09-26,CU2510,short,10,%BB%AA%CC%A9%C6%DA%BB%F5,1682,-167.0,华泰期货
2025-09-26,CU2510,short,11,%B9%FA%D0%C5%C6%DA%BB%F5,1489,79.0,国信期货
2025-09-26,CU2510,short,12,%B7%BD%D5%FD%D6%D0%C6%DA,1469,-168.0,方正中期
2025-09-26,CU2510,short,13,%B6%AB%D6%A4%C6%DA%BB%F5,1460,-177.0,东证期货
2025-09-26,CU2510,short,14,%CD%AD%B9%DA%BD%F0%D4%B4,1360,-193.0,铜冠金源
2025-09-26,CU2510,short,15,%D0%CB%D2%B5%C6%DA%BB%F5,1221,-321.0,兴业期货
2025-09-26,CU2510,short,16,%BD%A8%D0%C5%C6%DA%BB%F5,1033,-88.0,建信期货
2025-09-26,CU2510,short,17,%D3%C0%B0%B2%C6%DA%BB%F5,1019,-24.0,永安期货
2025-09-26,CU2510,short,18,%D6%D0%C1%B8%C6%DA%BB%F5,996,-27.0,中粮期货
2025-09-26,CU2510,short,19,%D0%C2%BA%FE%C6%DA%BB%F5,986,-482.0,新湖期货
2025-09-26,CU2510,short,20,%D7%CF%BD%F0%CC%EC%B7%E7,938,-342.0,紫金天风
2025-09-26,CU2510,short,999,TOTAL,38730,,TOTAL
2025-09-30,CU2510,volume,1,%BD%F0%C8%F0%C6%DA%BB%F5,4768,-769.0,金瑞期货
2025-09-30,CU2510,volume,2,%D6%D0%D0%C5%C6%DA%BB%F5,3908,-105.0,中信期货
2025-09-30,CU2510,volume,3,%B9%FA%CC%A9%BE%FD%B0%B2,3111,-4202.0,国泰君安
2025-09-30,CU2510,volume,4,%B6%AB%D6%A4%C6%DA%BB%F5,2511,-3539.0,东证期货
2025-09-30,CU2510,volume,5,%D4%C6%B3%BF%C6%DA%BB%F5,2342,1249.0,云晨期货
2025-09-30,CU2510,volume,6,%B9%E3%B7%A2%C6%DA%BB%F5,1815,-484.0,广发期货
2025-09-30,CU2510,volume,7,%CE%E5%BF%F3%C6%DA%BB%F5,1517,207.0,五矿期货
2025-09-30,CU2510,volume,8,%D2%F8%BA%D3%C6%DA%BB%F5,1472,-645.0,银河期货
2025-09-30,CU2510,volume,9,%BD%A8%D0%C5%C6%DA%BB%F5,1417,92.0,建信期货
2025-09-30,CU2510,volume,10,%B9%FA%C3%B3%C6%DA%BB%F5,1199,792.0,国贸期货
2025-09-30,CU2510,volume,11,%D6%D0%D0%C5%BD%A8%CD%B6,1073,708.0,中信建投
2025-09-30,CU2510,volume,12,%CD%AD%B9%DA%BD%F0%D4%B4,1034,42.0,铜冠金源
2025-09-30,CU2510,volume,13,%C4%CF%BB%AA%C6%DA%BB%F5,1017,-567.0,南华期货
2025-09-30,CU2510,volume,14,%D6%D0%B9%FA%B9%FA%BC%CA,894,755.0,中国国际
2025-09-30,CU2510,volume,15,%BA%A3%CD%A8%C6%DA%BB%F5,879,-184.0,海通期货
2025-09-30,CU2510,volume,16,%B9%FA%CD%B6%C6%DA%BB%F5,847,-1392.0,国投期货
2025-09-30,CU2510,volume,17,%D3%C0%B0%B2%C6%DA%BB%F5,818,-793.0,永安期货
2025-09-30,CU2510,volume,18,%B9%FA%D0%C5%C6%DA%BB%F5,799,147.0,国信期货
2025-09-30,CU2510,volume,19,%B9%E2%B4%F3%C6%DA%BB%F5,792,-1208.0,光大期货
2025-09-30,CU2510,volume,20,%D6%D0%D2%F8%C6%DA%BB%F5,751,395.0,中银期货
2025-09-30,CU2510,volume,999,TOTAL,32964,,TOTAL
2025-09-30,CU2510,long,1,%CD%AD%B9%DA%BD%F0%D4%B4,5572,-417.0,铜冠金源
2025-09-30,CU2510,long,2,%D2%F8%BA%D3%C6%DA%BB%F5,3945,-467.0,银河期货
2025-09-30,CU2510,long,3,%BD%F0%C8%F0%C6%DA%BB%F5,3205,-433.0,金瑞期货
2025-09-30,CU2510,long,4,%B9%FA%CC%A9%BE%FD%B0%B2,2720,-136.0,国泰君安
2025-09-30,CU2510,long,5,%D6%D0%D0%C5%C6%DA%BB%F5,2620,-230.0,中信期货
2025-09-30,CU2510,long,6,%D4%C6%B3%BF%C6%DA%BB%F5,2200,-1367.0,云晨期货
2025-09-30,CU2510,long,7,%D6%D0%C1%B8%C6%DA%BB%F5,1210,-138.0,中粮期货
2025-09-30,CU2510,long,8,%B3%A4%BD%AD%C6%DA%BB%F5,940,7.0,长江期货
2025-09-30,CU2510,long,9,%BD%A8%D0%C5%C6%DA%BB%F5,935,-955.0,建信期货
2025-09-30,CU2510,long,10,%CE%E5%BF%F3%C6%DA%BB%F5,780,-660.0,五矿期货
2025-09-30,CU2510,long,11,%BB%AA%B0%B2%C6%DA%BB%F5,720,-266.0,华安期货
2025-09-30,CU2510,long,12,%D6%D0%D2%F8%C6%DA%BB%F5,565,-273.0,中银期货
2025-09-30,CU2510,long,13,%B9%E3%B7%A2%C6%DA%BB%F5,405,-295.0,广发期货
2025-09-30,CU2510,long,14,%B6%AB%D6%A4%C6%DA%BB%F5,395,-110.0,东证期货
2025-09-30,CU2510,long,15,%B6%AB%CE%E2%C6%DA%BB%F5,380,-31.0,东吴期货
2025-09-30,CU2510,long,16,%B9%FA%C3%B3%C6%DA%BB%F5,340,-8.0,国贸期货
2025-09-30,CU2510,long,17,%D0%C2%BA%FE%C6%DA%BB%F5,325,-83.0,新湖期货
2025-09-30,CU2510,long,18,%BA%A3%CD%A8%C6%DA%BB%F5,305,-503.0,海通期货
2025-09-30,CU2510,long,19,%D0%C5%B4%EF%C6%DA%BB%F5,260,-7.0,信达期货
2025-09-30,CU2510,long,20,%D0%CB%D2%B5%C6%DA%BB%F5,250,-43.0,兴业期货
2025-09-30,CU2510,long,999,TOTAL,28072,,TOTAL
2025-09-30,CU2510,short,1,%D6%D0%D0%C5%C6%DA%BB%F5,3335,-662.0,中信期货
2025-09-30,CU2510,short,2,%BD%F0%C8%F0%C6%DA%BB%F5,2745,-919.0,金瑞期货
2025-09-30,CU2510,short,3,%B9%FA%CD%B6%C6%DA%BB%F5,2540,307.0,国投期货
2025-09-30,CU2510,short,4,%CE%E5%BF%F3%C6%DA%BB%F5,2305,-455.0,五矿期货
2025-09-30,CU2510,short,5,%D0%CB%D2%B5%C6%DA%BB%F5,1440,258.0,兴业期货
2025-09-30,CU2510,short,6,%B9%FA%C3%B3%C6%DA%BB%F5,1385,-903.0,国贸期货
2025-09-30,CU2510,short,7,%BB%AA%CC%A9%C6%DA%BB%F5,1210,-141.0,华泰期货
2025-09-30,CU2510,short,8,%B9%FA%D0%C5%C6%DA%BB%F5,850,-735.0,国信期货
2025-09-30,CU2510,short,9,%D6%D0%C1%B8%C6%DA%BB%F5,845,-492.0,中粮期货
2025-09-30,CU2510,short,10,%CD%AD%B9%DA%BD%F0%D4%B4,835,-403.0,铜冠金源
2025-09-30,CU2510,short,11,%B6%AB%D6%A4%C6%DA%BB%F5,795,-333.0,东证期货
2025-09-30,CU2510,short,12,%D3%C0%B0%B2%C6%DA%BB%F5,740,-259.0,永安期货
2025-09-30,CU2510,short,13,%D7%CF%BD%F0%CC%EC%B7%E7,700,-41.0,紫金天风
2025-09-30,CU2510,short,14,%B9%FA%CC%A9%BE%FD%B0%B2,675,-617.0,国泰君安
2025-09-30,CU2510,short,15,%D0%C2%BA%FE%C6%DA%BB%F5,635,-57.0,新湖期货
2025-09-30,CU2510,short,16,%BD%A8%D0%C5%C6%DA%BB%F5,625,-146.0,建信期货
2025-09-30,CU2510,short,17,%B9%E2%B4%F3%C6%DA%BB%F5,620,-446.0,光大期货
2025-09-30,CU2510,short,18,%C9%CF%BA%A3%D6%D0%C6%DA,605,-13.0,上海中期
2025-09-30,CU2510,short,19,%C2%F5%BF%C6%C6%DA%BB%F5,595,-2.0,迈科期货
2025-09-30,CU2510,short,20,%D6%D0%D0%C5%BD%A8%CD%B6,560,-132.0,中信建投
2025-09-30,CU2510,short,999,TOTAL,24040,,TOTAL
2025-10-09,CU2510,volume,1,%BD%F0%C8%F0%C6%DA%BB%F5,5385,617.0,金瑞期货
2025-10-09,CU2510,volume,2,%B6%AB%D6%A4%C6%DA%BB%F5,4365,1854.0,东证期货
2025-10-09,CU2510,volume,3,%D6%D0%D0%C5%C6%DA%BB%F5,2840,-1068.0,中信期货
2025-10-09,CU2510,volume,4,%CD%AD%B9%DA%BD%F0%D4%B4,2617,1583.0,铜冠金源
2025-10-09,CU2510,volume,5,%D2%F8%BA%D3%C6%DA%BB%F5,2390,918.0,银河期货
2025-10-09,CU2510,volume,6,%CE%E5%BF%F3%C6%DA%BB%F5,1915,398.0,五矿期货
2025-10-09,CU2510,volume,7,%D7%CF%BD%F0%CC%EC%B7%E7,1835,1463.0,紫金天风
2025-10-09,CU2510,volume,8,%B9%FA%CC%A9%BE%FD%B0%B2,1450,-1661.0,国泰君安
2025-10-09,CU2510,volume,9,%BD%A8%D0%C5%C6%DA%BB%F5,1180,-237.0,建信期货
2025-10-09,CU2510,volume,10,%D0%CB%D2%B5%C6%DA%BB%F5,995,550.0,兴业期货
2025-10-09,CU2510,volume,11,%BB%AA%CC%A9%C6%DA%BB%F5,790,522.0,华泰期货
2025-10-09,CU2510,volume,12,%B9%E3%B7%A2%C6%DA%BB%F5,775,-1040.0,广发期货
2025-10-09,CU2510,volume,13,%B9%FA%CD%B6%C6%DA%BB%F5,770,-77.0,国投期货
2025-10-09,CU2510,volume,14,%B9%FA%C3%B3%C6%DA%BB%F5,680,-519.0,国贸期货
2025-10-09,CU2510,volume,15,%D6%D0%C1%B8%C6%DA%BB%F5,655,-21.0,中粮期货
2025-10-09,CU2510,volume,16,%BB%AA%BD%F0%C6%DA%BB%F5,600,531.0,华金期货
2025-10-09,CU2510,volume,17,%B9%E2%B4%F3%C6%DA%BB%F5,520,-272.0,光大期货
2025-10-09,CU2510,volume,18,%D6%D0%D0%C5%BD%A8%CD%B6,478,-595.0,中信建投
2025-10-09,CU2510,volume,19,%D5%E3%C9%CC%C6%DA%BB%F5,473,316.0,浙商期货
2025-10-09,CU2510,volume,20,%B6%AB%BA%A3%C6%DA%BB%F5,370,125.0,东海期货
2025-10-09,CU2510,volume,999,TOTAL,31083,,TOTAL
2025-10-09,CU2510,long,1,%CD%AD%B9%DA%BD%F0%D4%B4,3840,-1732.0,铜冠金源
2025-10-09,CU2510,long,2,%D2%F8%BA%D3%C6%DA%BB%F5,3815,-130.0,银河期货
2025-10-09,CU2510,long,3,%B9%FA%CC%A9%BE%FD%B0%B2,2650,-70.0,国泰君安
2025-10-09,CU2510,long,4,%D6%D0%D0%C5%C6%DA%BB%F5,2145,-475.0,中信期货
2025-10-09,CU2510,long,5,%D4%C6%B3%BF%C6%DA%BB%F5,1930,-270.0,云晨期货
2025-10-09,CU2510,long,6,%BD%F0%C8%F0%C6%DA%BB%F5,1430,-1775.0,金瑞期货
2025-10-09,CU2510,long,7,%D6%D0%C1%B8%C6%DA%BB%F5,1165,-45.0,中粮期货
2025-10-09,CU2510,long,8,%B3%A4%BD%AD%C6%DA%BB%F5,850,-90.0,长江期货
2025-10-09,CU2510,long,9,%CE%E5%BF%F3%C6%DA%BB%F5,770,-10.0,五矿期货
2025-10-09,CU2510,long,10,%BB%AA%B0%B2%C6%DA%BB%F5,745,25.0,华安期货
2025-10-09,CU2510,long,11,%BB%AA%BD%F0%C6%DA%BB%F5,600,600.0,华金期货
2025-10-09,CU2510,long,12,%B9%E3%B7%A2%C6%DA%BB%F5,465,60.0,广发期货
2025-10-09,CU2510,long,13,%B6%AB%CE%E2%C6%DA%BB%F5,380,0.0,东吴期货
2025-10-09,CU2510,long,14,%BA%A3%CD%A8%C6%DA%BB%F5,365,60.0,海通期货
2025-10-09,CU2510,long,15,%B6%AB%D6%A4%C6%DA%BB%F5,340,-55.0,东证期货
2025-10-09,CU2510,long,16,%D6%D0%D2%F8%C6%DA%BB%F5,285,-280.0,中银期货
2025-10-09,CU2510,long,17,%C8%F0%B4%EF%C6%DA%BB%F5,250,10.0,瑞达期货
2025-10-09,CU2510,long,18,%D0%CB%D2%B5%C6%DA%BB%F5,250,0.0,兴业期货
2025-10-09,CU2510,long,19,%B9%FA%C3%B3%C6%DA%BB%F5,235,-105.0,国贸期货
2025-10-09,CU2510,long,20,%B9%FA%C1%AA%C6%DA%BB%F5,215,100.0,国联期货
2025-10-09,CU2510,long,999,TOTAL,22725,,TOTAL
2025-10-09,CU2510,short,1,%D6%D0%D0%C5%C6%DA%BB%F5,2510,-825.0,中信期货
2025-10-09,CU2510,short,2,%B9%FA%CD%B6%C6%DA%BB%F5,2480,-60.0,国投期货
2025-10-09,CU2510,short,3,%BD%F0%C8%F0%C6%DA%BB%F5,2155,-590.0,金瑞期货
2025-10-09,CU2510,short,4,%CE%E5%BF%F3%C6%DA%BB%F5,2120,-185.0,五矿期货
2025-10-09,CU2510,short,5,%CD%AD%B9%DA%BD%F0%D4%B4,1480,645.0,铜冠金源
2025-10-09,CU2510,short,6,%B9%FA%C3%B3%C6%DA%BB%F5,820,-565.0,国贸期货
2025-10-09,CU2510,short,7,%B9%FA%CC%A9%BE%FD%B0%B2,795,120.0,国泰君安
2025-10-09,CU2510,short,8,%D0%CB%D2%B5%C6%DA%BB%F5,725,-715.0,兴业期货
2025-10-09,CU2510,short,9,%BB%AA%CC%A9%C6%DA%BB%F5,630,-580.0,华泰期货
2025-10-09,CU2510,short,10,%C2%F5%BF%C6%C6%DA%BB%F5,595,0.0,迈科期货
2025-10-09,CU2510,short,11,%D0%C2%BA%FE%C6%DA%BB%F5,595,-40.0,新湖期货
2025-10-09,CU2510,short,12,%B6%AB%BA%A3%C6%DA%BB%F5,585,145.0,东海期货
2025-10-09,CU2510,short,13,%B9%FA%D0%C5%C6%DA%BB%F5,570,-280.0,国信期货
2025-10-09,CU2510,short,14,%C9%CF%BA%A3%D6%D0%C6%DA,555,-50.0,上海中期
2025-10-09,CU2510,short,15,%B6%AB%D6%A4%C6%DA%BB%F5,535,-260.0,东证期货
2025-10-09,CU2510,short,16,%D3%C0%B0%B2%C6%DA%BB%F5,505,-235.0,永安期货
2025-10-09,CU2510,short,17,%B6%AB%CE%E2%C6%DA%BB%F5,480,-65.0,东吴期货
2025-10-09,CU2510,short,18,%B7%BD%D5%FD%D6%D0%C6%DA,470,30.0,方正中期
2025-10-09,CU2510,short,19,%D7%CF%BD%F0%CC%EC%B7%E7,395,-305.0,紫金天风
2025-10-09,CU2510,short,20,%BD%A8%D0%C5%C6%DA%BB%F5,355,-270.0,建信期货
2025-10-09,CU2510,short,999,TOTAL,19355,,TOTAL
2025-10-10,CU2510,volume,1,%B6%AB%D6%A4%C6%DA%BB%F5,4750,385.0,东证期货
2025-10-10,CU2510,volume,2,%B9%FA%CC%A9%BE%FD%B0%B2,4385,2935.0,国泰君安
2025-10-10,CU2510,volume,3,%BD%F0%C8%F0%C6%DA%BB%F5,4270,-1115.0,金瑞期货
2025-10-10,CU2510,volume,4,%D2%F8%BA%D3%C6%DA%BB%F5,2915,525.0,银河期货
2025-10-10,CU2510,volume,5,%D4%C6%B3%BF%C6%DA%BB%F5,2815,2480.0,云晨期货
2025-10-10,CU2510,volume,6,%D6%D0%D0%C5%C6%DA%BB%F5,2500,-340.0,中信期货
2025-10-10,CU2510,volume,7,%CD%AD%B9%DA%BD%F0%D4%B4,2180,-437.0,铜冠金源
2025-10-10,CU2510,volume,8,%CE%E5%BF%F3%C6%DA%BB%F5,1845,-70.0,五矿期货
2025-10-10,CU2510,volume,9,%B9%FA%CD%B6%C6%DA%BB%F5,1140,370.0,国投期货
2025-10-10,CU2510,volume,10,%D7%CF%BD%F0%CC%EC%B7%E7,975,-860.0,紫金天风
2025-10-10,CU2510,volume,11,%BB%AA%B0%B2%C6%DA%BB%F5,930,755.0,华安期货
2025-10-10,CU2510,volume,12,%D6%D0%C1%B8%C6%DA%BB%F5,755,100.0,中粮期货
2025-10-10,CU2510,volume,13,%B9%E3%B7%A2%C6%DA%BB%F5,710,-65.0,广发期货
2025-10-10,CU2510,volume,14,%D5%E3%C9%CC%C6%DA%BB%F5,690,217.0,浙商期货
2025-10-10,CU2510,volume,15,%B9%FA%D0%C5%C6%DA%BB%F5,665,330.0,国信期货
2025-10-10,CU2510,volume,16,%B6%AB%BA%A3%C6%DA%BB%F5,590,220.0,东海期货
2025-10-10,CU2510,volume,17,%BB%AA%CC%A9%C6%DA%BB%F5,585,-205.0,华泰期货
2025-10-10,CU2510,volume,18,%D0%CB%D2%B5%C6%DA%BB%F5,580,-415.0,兴业期货
2025-10-10,CU2510,volume,19,%C9%CF%BA%A3%D6%D0%C6%DA,555,505.0,上海中期
2025-10-10,CU2510,volume,20,%B9%E2%B4%F3%C6%DA%BB%F5,545,25.0,光大期货
2025-10-10,CU2510,volume,999,TOTAL,34380,,TOTAL
2025-10-10,CU2510,long,1,%D2%F8%BA%D3%C6%DA%BB%F5,3225,-590.0,银河期货
2025-10-10,CU2510,long,2,%CD%AD%B9%DA%BD%F0%D4%B4,2665,-1175.0,铜冠金源
2025-10-10,CU2510,long,3,%D6%D0%D0%C5%C6%DA%BB%F5,1770,-375.0,中信期货
2025-10-10,CU2510,long,4,%D4%C6%B3%BF%C6%DA%BB%F5,1415,-515.0,云晨期货
2025-10-10,CU2510,long,5,%B9%FA%CC%A9%BE%FD%B0%B2,1210,-1440.0,国泰君安
2025-10-10,CU2510,long,6,%BD%F0%C8%F0%C6%DA%BB%F5,1015,-415.0,金瑞期货
2025-10-10,CU2510,long,7,%BB%AA%BD%F0%C6%DA%BB%F5,685,85.0,华金期货
2025-10-10,CU2510,long,8,%B3%A4%BD%AD%C6%DA%BB%F5,675,-175.0,长江期货
2025-10-10,CU2510,long,9,%D6%D0%C1%B8%C6%DA%BB%F5,455,-710.0,中粮期货
2025-10-10,CU2510,long,10,%B9%E3%B7%A2%C6%DA%BB%F5,395,-70.0,广发期货
2025-10-10,CU2510,long,11,%BB%AA%B0%B2%C6%DA%BB%F5,385,-360.0,华安期货
2025-10-10,CU2510,long,12,%BA%A3%CD%A8%C6%DA%BB%F5,370,5.0,海通期货
2025-10-10,CU2510,long,13,%B6%AB%CE%E2%C6%DA%BB%F5,340,-40.0,东吴期货
2025-10-10,CU2510,long,14,%CE%E5%BF%F3%C6%DA%BB%F5,285,-485.0,五矿期货
2025-10-10,CU2510,long,15,%B6%AB%D6%A4%C6%DA%BB%F5,200,-140.0,东证期货
2025-10-10,CU2510,long,16,%D0%C2%BA%FE%C6%DA%BB%F5,185,-15.0,新湖期货
2025-10-10,CU2510,long,17,%B9%FA%C3%B3%C6%DA%BB%F5,180,-55.0,国贸期货
2025-10-10,CU2510,long,18,%B9%DA%CD%A8%C6%DA%BB%F5,175,-15.0,冠通期货
2025-10-10,CU2510,long,19,%B4%F3%B5%D8%C6%DA%BB%F5,145,0.0,大地期货
2025-10-10,CU2510,long,20,%C8%F0%B4%EF%C6%DA%BB%F5,120,-130.0,瑞达期货
2025-10-10,CU2510,long,999,TOTAL,15895,,TOTAL
2025-10-10,CU2510,short,1,%B9%FA%CD%B6%C6%DA%BB%F5,2070,-410.0,国投期货
2025-10-10,CU2510,short,2,%BD%F0%C8%F0%C6%DA%BB%F5,1760,-395.0,金瑞期货
2025-10-10,CU2510,short,3,%CE%E5%BF%F3%C6%DA%BB%F5,1380,-740.0,五矿期货
2025-10-10,CU2510,short,4,%CD%AD%B9%DA%BD%F0%D4%B4,1225,-255.0,铜冠金源
2025-10-10,CU2510,short,5,%D6%D0%D0%C5%C6%DA%BB%F5,1015,-1495.0,中信期货
2025-10-10,CU2510,short,6,%D7%CF%BD%F0%CC%EC%B7%E7,830,435.0,紫金天风
2025-10-10,CU2510,short,7,%B9%FA%CC%A9%BE%FD%B0%B2,780,-15.0,国泰君安
2025-10-10,CU2510,short,8,%B9%FA%C3%B3%C6%DA%BB%F5,640,-180.0,国贸期货
2025-10-10,CU2510,short,9,%D0%C2%BA%FE%C6%DA%BB%F5,480,-115.0,新湖期货
2025-10-10,CU2510,short,10,%B7%BD%D5%FD%D6%D0%C6%DA,470,0.0,方正中期
2025-10-10,CU2510,short,11,%BB%AA%CC%A9%C6%DA%BB%F5,460,-170.0,华泰期货
2025-10-10,CU2510,short,12,%B9%E3%B7%A2%C6%DA%BB%F5,410,130.0,广发期货
2025-10-10,CU2510,short,13,%C2%F5%BF%C6%C6%DA%BB%F5,395,-200.0,迈科期货
2025-10-10,CU2510,short,14,%B6%AB%BA%A3%C6%DA%BB%F5,390,-195.0,东海期货
2025-10-10,CU2510,short,15,%B6%AB%D6%A4%C6%DA%BB%F5,375,-160.0,东证期货
2025-10-10,CU2510,short,16,%D3%C0%B0%B2%C6%DA%BB%F5,320,-185.0,永安期货
2025-10-10,CU2510,short,17,%D0%CB%D2%B5%C6%DA%BB%F5,295,-430.0,兴业期货
2025-10-10,CU2510,short,18,%D6%D0%C1%B8%C6%DA%BB%F5,270,-45.0,中粮期货
2025-10-10,CU2510,short,19,%D4%C6%B3%BF%C6%DA%BB%F5,240,240.0,云晨期货
2025-10-10,CU2510,short,20,%C9%EA%CD%F2%C6%DA%BB%F5,220,-40.0,申万期货
2025-10-10,CU2510,short,999,TOTAL,14025,,TOTAL
2025-10-13,CU2510,volume,1,%BD%F0%C8%F0%C6%DA%BB%F5,2995,-1275.0,金瑞期货
2025-10-13,CU2510,volume,2,%D4%C6%B3%BF%C6%DA%BB%F5,2950,135.0,云晨期货
2025-10-13,CU2510,volume,3,%B6%AB%D6%A4%C6%DA%BB%F5,2750,-2000.0,东证期货
2025-10-13,CU2510,volume,4,%D2%F8%BA%D3%C6%DA%BB%F5,2365,-550.0,银河期货
2025-10-13,CU2510,volume,5,%CD%AD%B9%DA%BD%F0%D4%B4,2025,-155.0,铜冠金源
2025-10-13,CU2510,volume,6,%B9%FA%CC%A9%BE%FD%B0%B2,1845,-2540.0,国泰君安
2025-10-13,CU2510,volume,7,%B9%FA%CD%B6%C6%DA%BB%F5,1740,600.0,国投期货
2025-10-13,CU2510,volume,8,%CE%E5%BF%F3%C6%DA%BB%F5,1680,-165.0,五矿期货
2025-10-13,CU2510,volume,9,%D6%D0%D0%C5%C6%DA%BB%F5,1490,-1010.0,中信期货
2025-10-13,CU2510,volume,10,%B9%E3%B7%A2%C6%DA%BB%F5,1165,455.0,广发期货
2025-10-13,CU2510,volume,11,%BB%AA%B0%B2%C6%DA%BB%F5,960,30.0,华安期货
2025-10-13,CU2510,volume,12,%D7%CF%BD%F0%CC%EC%B7%E7,860,-115.0,紫金天风
2025-10-13,CU2510,volume,13,%B3%A4%BD%AD%C6%DA%BB%F5,740,455.0,长江期货
2025-10-13,CU2510,volume,14,%B9%E2%B4%F3%C6%DA%BB%F5,720,175.0,光大期货
2025-10-13,CU2510,volume,15,%D6%D0%C1%B8%C6%DA%BB%F5,685,-70.0,中粮期货
2025-10-13,CU2510,volume,16,%D5%E3%C9%CC%C6%DA%BB%F5,615,-75.0,浙商期货
2025-10-13,CU2510,volume,17,%B9%FA%C3%B3%C6%DA%BB%F5,480,105.0,国贸期货
2025-10-13,CU2510,volume,18,%BB%AA%CC%A9%C6%DA%BB%F5,460,-125.0,华泰期货
2025-10-13,CU2510,volume,19,%B9%FA%C1%AA%C6%DA%BB%F5,410,125.0,国联期货
2025-10-13,CU2510,volume,20,%D0%C2%BA%FE%C6%DA%BB%F5,400,270.0,新湖期货
2025-10-13,CU2510,volume,999,TOTAL,27335,,TOTAL
2025-10-13,CU2510,long,1,%D2%F8%BA%D3%C6%DA%BB%F5,2770,-455.0,银河期货
2025-10-13,CU2510,long,2,%D6%D0%D0%C5%C6%DA%BB%F5,1245,-525.0,中信期货
2025-10-13,CU2510,long,3,%CD%AD%B9%DA%BD%F0%D4%B4,1175,-1490.0,铜冠金源
2025-10-13,CU2510,long,4,%B9%FA%CC%A9%BE%FD%B0%B2,720,-490.0,国泰君安
2025-10-13,CU2510,long,5,%CE%E5%BF%F3%C6%DA%BB%F5,690,405.0,五矿期货
2025-10-13,CU2510,long,6,%BB%AA%BD%F0%C6%DA%BB%F5,690,5.0,华金期货
2025-10-13,CU2510,long,7,%B9%E3%B7%A2%C6%DA%BB%F5,405,10.0,广发期货
2025-10-13,CU2510,long,8,%BD%F0%C8%F0%C6%DA%BB%F5,390,-625.0,金瑞期货
2025-10-13,CU2510,long,9,%B6%AB%D6%A4%C6%DA%BB%F5,195,-5.0,东证期货
2025-10-13,CU2510,long,10,%B9%DA%CD%A8%C6%DA%BB%F5,175,0.0,冠通期货
2025-10-13,CU2510,long,11,%B9%E2%B4%F3%C6%DA%BB%F5,170,55.0,光大期货
2025-10-13,CU2510,long,12,%B4%F3%B5%D8%C6%DA%BB%F5,145,0.0,大地期货
2025-10-13,CU2510,long,13,%D6%D0%D0%C5%BD%A8%CD%B6,140,25.0,中信建投
2025-10-13,CU2510,long,14,%B9%FA%C3%B3%C6%DA%BB%F5,135,-45.0,国贸期货
2025-10-13,CU2510,long,15,%D4%C6%B3%BF%C6%DA%BB%F5,115,-1300.0,云晨期货
2025-10-13,CU2510,long,16,%B6%AB%CE%E2%C6%DA%BB%F5,110,-230.0,东吴期货
2025-10-13,CU2510,long,17,%D6%D0%C1%B8%C6%DA%BB%F5,100,-355.0,中粮期货
2025-10-13,CU2510,long,18,%D0%CB%D2%B5%C6%DA%BB%F5,100,0.0,兴业期货
2025-10-13,CU2510,long,19,%B9%FA%C1%AA%C6%DA%BB%F5,90,25.0,国联期货
2025-10-13,CU2510,long,20,%D0%C2%BA%FE%C6%DA%BB%F5,60,-125.0,新湖期货
2025-10-13,CU2510,long,999,TOTAL,9620,,TOTAL
2025-10-13,CU2510,short,1,%CD%AD%B9%DA%BD%F0%D4%B4,1190,-35.0,铜冠金源
2025-10-13,CU2510,short,2,%B9%FA%CD%B6%C6%DA%BB%F5,900,-1170.0,国投期货
2025-10-13,CU2510,short,3,%D6%D0%D0%C5%C6%DA%BB%F5,790,-225.0,中信期货
2025-10-13,CU2510,short,4,%CE%E5%BF%F3%C6%DA%BB%F5,725,-655.0,五矿期货
2025-10-13,CU2510,short,5,%B9%FA%CC%A9%BE%FD%B0%B2,625,-155.0,国泰君安
2025-10-13,CU2510,short,6,%B9%E3%B7%A2%C6%DA%BB%F5,495,85.0,广发期货
2025-10-13,CU2510,short,7,%B7%BD%D5%FD%D6%D0%C6%DA,445,-25.0,方正中期
2025-10-13,CU2510,short,8,%BB%AA%CC%A9%C6%DA%BB%F5,445,-15.0,华泰期货
2025-10-13,CU2510,short,9,%BD%F0%C8%F0%C6%DA%BB%F5,410,-1350.0,金瑞期货
2025-10-13,CU2510,short,10,%D4%C6%B3%BF%C6%DA%BB%F5,380,140.0,云晨期货
2025-10-13,CU2510,short,11,%B6%AB%BA%A3%C6%DA%BB%F5,345,-45.0,东海期货
2025-10-13,CU2510,short,12,%B9%FA%C3%B3%C6%DA%BB%F5,315,-325.0,国贸期货
2025-10-13,CU2510,short,13,%C2%F5%BF%C6%C6%DA%BB%F5,300,-95.0,迈科期货
2025-10-13,CU2510,short,14,%B6%AB%D6%A4%C6%DA%BB%F5,260,-115.0,东证期货
2025-10-13,CU2510,short,15,%D3%C0%B0%B2%C6%DA%BB%F5,215,-105.0,永安期货
2025-10-13,CU2510,short,16,%D0%C2%BA%FE%C6%DA%BB%F5,205,-275.0,新湖期货
2025-10-13,CU2510,short,17,%D0%CB%D2%B5%C6%DA%BB%F5,150,-145.0,兴业期货
2025-10-13,CU2510,short,18,%BD%A8%D0%C5%C6%DA%BB%F5,120,-45.0,建信期货
2025-10-13,CU2510,short,19,%D6%D0%C1%B8%C6%DA%BB%F5,120,-150.0,中粮期货
2025-10-13,CU2510,short,20,%BB%AA%BD%F0%C6%DA%BB%F5,110,-25.0,华金期货
2025-10-13,CU2510,short,999,TOTAL,8545,,TOTAL
2025-10-24,CU2511,volume,1,%B9%FA%CC%A9%BE%FD%B0%B2,14074,6809.0,国泰君安
2025-10-24,CU2511,volume,2,%BD%F0%C8%F0%C6%DA%BB%F5,10110,6525.0,金瑞期货
2025-10-24,CU2511,volume,3,%D6%D0%D0%C5%C6%DA%BB%F5,9955,4367.0,中信期货
2025-10-24,CU2511,volume,4,%B6%AB%D6%A4%C6%DA%BB%F5,5923,1888.0,东证期货
2025-10-24,CU2511,volume,5,%BB%AA%CC%A9%C6%DA%BB%F5,5813,1108.0,华泰期货
2025-10-24,CU2511,volume,6,%D6%D0%CC%A9%C6%DA%BB%F5,4901,836.0,中泰期货
2025-10-24,CU2511,volume,7,%D5%E3%C9%CC%C6%DA%BB%F5,4790,1440.0,浙商期货
2025-10-24,CU2511,volume,8,%BA%A3%CD%A8%C6%DA%BB%F5,4256,1392.0,海通期货
2025-10-24,CU2511,volume,9,%D2%F8%BA%D3%C6%DA%BB%F5,2535,-223.0,银河期货
2025-10-24,CU2511,volume,10,%B9%FA%D4%AA%C6%DA%BB%F5,1779,1031.0,国元期货
2025-10-24,CU2511,volume,11,%CE%E5%BF%F3%C6%DA%BB%F5,1588,290.0,五矿期货
2025-10-24,CU2511,volume,12,%D6%D0%D0%C5%BD%A8%CD%B6,1584,610.0,中信建投
2025-10-24,CU2511,volume,13,%B9%FA%D0%C5%C6%DA%BB%F5,1581,373.0,国信期货
2025-10-24,CU2511,volume,14,%B9%E3%B7%A2%C6%DA%BB%F5,1555,237.0,广发期货
2025-10-24,CU2511,volume,15,%B9%FA%C3%B3%C6%DA%BB%F5,1522,132.0,国贸期货
2025-10-24,CU2511,volume,16,%B9%E2%B4%F3%C6%DA%BB%F5,1420,624.0,光大期货
2025-10-24,CU2511,volume,17,%B1%A6%B3%C7%C6%DA%BB%F5,1390,785.0,宝城期货
2025-10-24,CU2511,volume,18,%CD%AD%B9%DA%BD%F0%D4%B4,1310,-635.0,铜冠金源
2025-10-24,CU2511,volume,19,%C9%EA%CD%F2%C6%DA%BB%F5,1301,680.0,申万期货
2025-10-24,CU2511,volume,20,%B9%FA%CD%B6%C6%DA%BB%F5,1184,497.0,国投期货
2025-10-24,CU2511,volume,999,TOTAL,78571,,TOTAL
2025-10-24,CU2511,long,1,%D2%F8%BA%D3%C6%DA%BB%F5,9548,683.0,银河期货
2025-10-24,CU2511,long,2,%B9%FA%CC%A9%BE%FD%B0%B2,8930,-48.0,国泰君安
2025-10-24,CU2511,long,3,%D6%D0%D0%C5%C6%DA%BB%F5,8162,-267.0,中信期货
2025-10-24,CU2511,long,4,%CD%AD%B9%DA%BD%F0%D4%B4,7446,-48.0,铜冠金源
2025-10-24,CU2511,long,5,%BD%F0%C8%F0%C6%DA%BB%F5,5494,111.0,金瑞期货
2025-10-24,CU2511,long,6,%D4%C6%B3%BF%C6%DA%BB%F5,4848,-59.0,云晨期货
2025-10-24,CU2511,long,7,%CE%E5%BF%F3%C6%DA%BB%F5,4679,568.0,五矿期货
2025-10-24,CU2511,long,8,%BD%A8%D0%C5%C6%DA%BB%F5,4056,-140.0,建信期货
2025-10-24,CU2511,long,9,%B6%AB%D6%A4%C6%DA%BB%F5,3497,-449.0,东证期货
2025-10-24,CU2511,long,10,%D6%D0%C1%B8%C6%DA%BB%F5,3341,-659.0,中粮期货
2025-10-24,CU2511,long,11,%B9%FA%CD%B6%C6%DA%BB%F5,2697,-333.0,国投期货
2025-10-24,CU2511,long,12,%C8%F0%B4%EF%C6%DA%BB%F5,2542,136.0,瑞达期货
2025-10-24,CU2511,long,13,%D2%BB%B5%C2%C6%DA%BB%F5,2419,-38.0,一德期货
2025-10-24,CU2511,long,14,%B9%E3%B7%A2%C6%DA%BB%F5,2185,117.0,广发期货
2025-10-24,CU2511,long,15,%B6%AB%CE%E2%C6%DA%BB%F5,1578,-48.0,东吴期货
2025-10-24,CU2511,long,16,%D3%C0%B0%B2%C6%DA%BB%F5,1460,-51.0,永安期货
2025-10-24,CU2511,long,17,%BB%AA%CC%A9%C6%DA%BB%F5,1245,-388.0,华泰期货
2025-10-24,CU2511,long,18,%D6%D0%D0%C5%BD%A8%CD%B6,1213,-198.0,中信建投
2025-10-24,CU2511,long,19,%BA%EA%D4%B4%C6%DA%BB%F5,1124,-17.0,宏源期货
2025-10-24,CU2511,long,20,%C4%CF%BB%AA%C6%DA%BB%F5,1113,84.0,南华期货
2025-10-24,CU2511,long,999,TOTAL,77577,,TOTAL
2025-10-24,CU2511,short,1,%D6%D0%D0%C5%C6%DA%BB%F5,12955,-290.0,中信期货
2025-10-24,CU2511,short,2,%BD%F0%C8%F0%C6%DA%BB%F5,11433,-1548.0,金瑞期货
2025-10-24,CU2511,short,3,%B9%FA%CC%A9%BE%FD%B0%B2,3915,-375.0,国泰君安
2025-10-24,CU2511,short,4,%CE%E5%BF%F3%C6%DA%BB%F5,3540,-351.0,五矿期货
2025-10-24,CU2511,short,5,%B6%AB%D6%A4%C6%DA%BB%F5,3423,296.0,东证期货
2025-10-24,CU2511,short,6,%D2%F8%BA%D3%C6%DA%BB%F5,3341,-34.0,银河期货
2025-10-24,CU2511,short,7,%B9%FA%C3%B3%C6%DA%BB%F5,2838,-339.0,国贸期货
2025-10-24,CU2511,short,8,%C4%CF%BB%AA%C6%DA%BB%F5,2838,-281.0,南华期货
2025-10-24,CU2511,short,9,%BB%AA%CC%A9%C6%DA%BB%F5,2763,-184.0,华泰期货
2025-10-24,CU2511,short,10,%B7%BD%D5%FD%D6%D0%C6%DA,2723,-3.0,方正中期
2025-10-24,CU2511,short,11,%B9%E2%B4%F3%C6%DA%BB%F5,2619,-408.0,光大期货
2025-10-24,CU2511,short,12,%BD%A8%D0%C5%C6%DA%BB%F5,2281,-253.0,建信期货
2025-10-24,CU2511,short,13,%D6%D0%D0%C5%BD%A8%CD%B6,1917,311.0,中信建投
2025-10-24,CU2511,short,14,%BA%EB%D2%B5%C6%DA%BB%F5,1850,-30.0,弘业期货
2025-10-24,CU2511,short,15,%D0%CB%D2%B5%C6%DA%BB%F5,1827,63.0,兴业期货
2025-10-24,CU2511,short,16,%D0%C2%BA%FE%C6%DA%BB%F5,1808,-34.0,新湖期货
2025-10-24,CU2511,short,17,%D7%CF%BD%F0%CC%EC%B7%E7,1667,-78.0,紫金天风
2025-10-24,CU2511,short,18,%D6%D0%C1%B8%C6%DA%BB%F5,1571,69.0,中粮期货
2025-10-24,CU2511,short,19,%CD%AD%B9%DA%BD%F0%D4%B4,1494,0.0,铜冠金源
2025-10-24,CU2511,short,20,%B9%FA%CD%B6%C6%DA%BB%F5,1429,347.0,国投期货
2025-10-24,CU2511,short,999,TOTAL,68232,,TOTAL
2025-10-27,CU2511,volume,1,%D6%D0%D0%C5%C6%DA%BB%F5,20033,10078.0,中信期货
2025-10-27,CU2511,volume,2,%B9%FA%CC%A9%BE%FD%B0%B2,19023,4949.0,国泰君安
2025-10-27,CU2511,volume,3,%B6%AB%D6%A4%C6%DA%BB%F5,13091,7168.0,东证期货
2025-10-27,CU2511,volume,4,%BD%F0%C8%F0%C6%DA%BB%F5,8966,-1144.0,金瑞期货
2025-10-27,CU2511,volume,5,%BB%AA%CC%A9%C6%DA%BB%F5,6963,1150.0,华泰期货
2025-10-27,CU2511,volume,6,%D5%E3%C9%CC%C6%DA%BB%F5,6776,1986.0,浙商期货
2025-10-27,CU2511,volume,7,%BA%A3%CD%A8%C6%DA%BB%F5,5113,857.0,海通期货
2025-10-27,CU2511,volume,8,%D2%F8%BA%D3%C6%DA%BB%F5,5065,2530.0,银河期货
2025-10-27,CU2511,volume,9,%D6%D0%D0%C5%BD%A8%CD%B6,3703,2119.0,中信建投
2025-10-27,CU2511,volume,10,%B9%FA%CD%B6%C6%DA%BB%F5,3449,2265.0,国投期货
2025-10-27,CU2511,volume,11,%D6%D0%CC%A9%C6%DA%BB%F5,3041,-1860.0,中泰期货
2025-10-27,CU2511,volume,12,%D5%D0%C9%CC%C6%DA%BB%F5,2306,1308.0,招商期货
2025-10-27,CU2511,volume,13,%B9%E2%B4%F3%C6%DA%BB%F5,2234,814.0,光大期货
2025-10-27,CU2511,volume,14,%C9%EA%CD%F2%C6%DA%BB%F5,2061,760.0,申万期货
2025-10-27,CU2511,volume,15,%CD%AD%B9%DA%BD%F0%D4%B4,1994,684.0,铜冠金源
2025-10-27,CU2511,volume,16,%B9%E3%B7%A2%C6%DA%BB%F5,1954,399.0,广发期货
2025-10-27,CU2511,volume,17,%B9%FA%C3%B3%C6%DA%BB%F5,1738,216.0,国贸期货
2025-10-27,CU2511,volume,18,%D4%C6%B3%BF%C6%DA%BB%F5,1641,518.0,云晨期货
2025-10-27,CU2511,volume,19,%B6%AB%CE%E2%C6%DA%BB%F5,1639,968.0,东吴期货
2025-10-27,CU2511,volume,20,%C4%CF%BB%AA%C6%DA%BB%F5,1620,747.0,南华期货
2025-10-27,CU2511,volume,999,TOTAL,112410,,TOTAL
2025-10-27,CU2511,long,1,%D2%F8%BA%D3%C6%DA%BB%F5,9801,253.0,银河期货
2025-10-27,CU2511,long,2,%B9%FA%CC%A9%BE%FD%B0%B2,8084,-846.0,国泰君安
2025-10-27,CU2511,long,3,%D6%D0%D0%C5%C6%DA%BB%F5,7681,-481.0,中信期货
2025-10-27,CU2511,long,4,%CD%AD%B9%DA%BD%F0%D4%B4,6327,-1119.0,铜冠金源
2025-10-27,CU2511,long,5,%BD%F0%C8%F0%C6%DA%BB%F5,5420,-74.0,金瑞期货
2025-10-27,CU2511,long,6,%D4%C6%B3%BF%C6%DA%BB%F5,4896,48.0,云晨期货
2025-10-27,CU2511,long,7,%CE%E5%BF%F3%C6%DA%BB%F5,4572,-107.0,五矿期货
2025-10-27,CU2511,long,8,%BD%A8%D0%C5%C6%DA%BB%F5,3619,-437.0,建信期货
2025-10-27,CU2511,long,9,%B6%AB%D6%A4%C6%DA%BB%F5,2994,-503.0,东证期货
2025-10-27,CU2511,long,10,%C8%F0%B4%EF%C6%DA%BB%F5,2526,-16.0,瑞达期货
2025-10-27,CU2511,long,11,%D6%D0%C1%B8%C6%DA%BB%F5,2508,-833.0,中粮期货
2025-10-27,CU2511,long,12,%D2%BB%B5%C2%C6%DA%BB%F5,2164,-255.0,一德期货
2025-10-27,CU2511,long,13,%B9%E3%B7%A2%C6%DA%BB%F5,2119,-66.0,广发期货
2025-10-27,CU2511,long,14,%B9%FA%CD%B6%C6%DA%BB%F5,1832,-865.0,国投期货
2025-10-27,CU2511,long,15,%BB%AA%CC%A9%C6%DA%BB%F5,1588,343.0,华泰期货
2025-10-27,CU2511,long,16,%B6%AB%CE%E2%C6%DA%BB%F5,1573,-5.0,东吴期货
2025-10-27,CU2511,long,17,%D6%D0%D0%C5%BD%A8%CD%B6,1147,-66.0,中信建投
2025-10-27,CU2511,long,18,%BA%EA%D4%B4%C6%DA%BB%F5,1145,21.0,宏源期货
2025-10-27,CU2511,long,19,%C4%CF%BB%AA%C6%DA%BB%F5,1102,-11.0,南华期货
2025-10-27,CU2511,long,20,%D6%D0%B9%FA%B9%FA%BC%CA,990,-1.0,中国国际
2025-10-27,CU2511,long,999,TOTAL,72088,,TOTAL
2025-10-27,CU2511,short,1,%BD%F0%C8%F0%C6%DA%BB%F5,10619,-814.0,金瑞期货
2025-10-27,CU2511,short,2,%D6%D0%D0%C5%C6%DA%BB%F5,9395,-3560.0,中信期货
2025-10-27,CU2511,short,3,%B9%FA%CC%A9%BE%FD%B0%B2,4804,889.0,国泰君安
2025-10-27,CU2511,short,4,%B6%AB%D6%A4%C6%DA%BB%F5,4282,859.0,东证期货
2025-10-27,CU2511,short,5,%D2%F8%BA%D3%C6%DA%BB%F5,3596,255.0,银河期货
2025-10-27,CU2511,short,6,%CE%E5%BF%F3%C6%DA%BB%F5,3495,-45.0,五矿期货
2025-10-27,CU2511,short,7,%C4%CF%BB%AA%C6%DA%BB%F5,2778,-60.0,南华期货
2025-10-27,CU2511,short,8,%B9%E2%B4%F3%C6%DA%BB%F5,2774,155.0,光大期货
2025-10-27,CU2511,short,9,%B7%BD%D5%FD%D6%D0%C6%DA,2544,-179.0,方正中期
2025-10-27,CU2511,short,10,%BD%A8%D0%C5%C6%DA%BB%F5,2150,-131.0,建信期货
2025-10-27,CU2511,short,11,%BB%AA%CC%A9%C6%DA%BB%F5,2139,-624.0,华泰期货
2025-10-27,CU2511,short,12,%B9%FA%C3%B3%C6%DA%BB%F5,1985,-853.0,国贸期货
2025-10-27,CU2511,short,13,%CE%EF%B2%FA%D6%D0%B4%F3,1867,447.0,物产中大
2025-10-27,CU2511,short,14,%BA%EB%D2%B5%C6%DA%BB%F5,1850,0.0,弘业期货
2025-10-27,CU2511,short,15,%D3%C0%B0%B2%C6%DA%BB%F5,1584,493.0,永安期货
2025-10-27,CU2511,short,16,%D0%CB%D2%B5%C6%DA%BB%F5,1570,-257.0,兴业期货
2025-10-27,CU2511,short,17,%CD%AD%B9%DA%BD%F0%D4%B4,1456,-38.0,铜冠金源
2025-10-27,CU2511,short,18,%D0%C2%BA%FE%C6%DA%BB%F5,1413,-395.0,新湖期货
2025-10-27,CU2511,short,19,%D6%D0%D0%C5%BD%A8%CD%B6,1400,-517.0,中信建投
2025-10-27,CU2511,short,20,%D6%D0%C1%B8%C6%DA%BB%F5,1393,-178.0,中粮期货
2025-10-27,CU2511,short,999,TOTAL,63094,,TOTAL
2025-10-30,CU2511,volume,1,%B6%AB%D6%A4%C6%DA%BB%F5,6867,147.0,东证期货
2025-10-30,CU2511,volume,2,%B9%FA%CC%A9%BE%FD%B0%B2,6536,-952.0,国泰君安
2025-10-30,CU2511,volume,3,%D6%D0%D0%C5%C6%DA%BB%F5,5617,-1617.0,中信期货
2025-10-30,CU2511,volume,4,%BD%F0%C8%F0%C6%DA%BB%F5,3030,-804.0,金瑞期货
2025-10-30,CU2511,volume,5,%D4%C6%B3%BF%C6%DA%BB%F5,2789,549.0,云晨期货
2025-10-30,CU2511,volume,6,%D2%F8%BA%D3%C6%DA%BB%F5,2723,-1108.0,银河期货
2025-10-30,CU2511,volume,7,%D6%D0%CC%A9%C6%DA%BB%F5,1781,544.0,中泰期货
2025-10-30,CU2511,volume,8,%CD%AD%B9%DA%BD%F0%D4%B4,1553,-441.0,铜冠金源
2025-10-30,CU2511,volume,9,%B9%E3%B7%A2%C6%DA%BB%F5,1502,311.0,广发期货
2025-10-30,CU2511,volume,10,%B7%BD%D5%FD%D6%D0%C6%DA,1171,412.0,方正中期
2025-10-30,CU2511,volume,11,%C9%EA%CD%F2%C6%DA%BB%F5,1085,-41.0,申万期货
2025-10-30,CU2511,volume,12,%BB%AA%CC%A9%C6%DA%BB%F5,1029,-158.0,华泰期货
2025-10-30,CU2511,volume,13,%B4%B4%D4%AA%C6%DA%BB%F5,1002,507.0,创元期货
2025-10-30,CU2511,volume,14,%B9%FA%C3%B3%C6%DA%BB%F5,870,-670.0,国贸期货
2025-10-30,CU2511,volume,15,%B9%E2%B4%F3%C6%DA%BB%F5,847,341.0,光大期货
2025-10-30,CU2511,volume,16,%BB%AA%CE%C5%C6%DA%BB%F5,846,115.0,华闻期货
2025-10-30,CU2511,volume,17,%BA%A3%CD%A8%C6%DA%BB%F5,793,-3826.0,海通期货
2025-10-30,CU2511,volume,18,%C4%CF%BB%AA%C6%DA%BB%F5,767,104.0,南华期货
2025-10-30,CU2511,volume,19,%B9%FA%C1%AA%C6%DA%BB%F5,715,476.0,国联期货
2025-10-30,CU2511,volume,20,%B4%F3%B5%D8%C6%DA%BB%F5,703,699.0,大地期货
2025-10-30,CU2511,volume,999,TOTAL,42226,,TOTAL
2025-10-30,CU2511,long,1,%B9%FA%CC%A9%BE%FD%B0%B2,6217,-876.0,国泰君安
2025-10-30,CU2511,long,2,%D2%F8%BA%D3%C6%DA%BB%F5,5502,-1350.0,银河期货
2025-10-30,CU2511,long,3,%D4%C6%B3%BF%C6%DA%BB%F5,5226,169.0,云晨期货
2025-10-30,CU2511,long,4,%CD%AD%B9%DA%BD%F0%D4%B4,4712,-228.0,铜冠金源
2025-10-30,CU2511,long,5,%D6%D0%D0%C5%C6%DA%BB%F5,4124,-1148.0,中信期货
2025-10-30,CU2511,long,6,%BD%F0%C8%F0%C6%DA%BB%F5,4105,-352.0,金瑞期货
2025-10-30,CU2511,long,7,%CE%E5%BF%F3%C6%DA%BB%F5,3812,1.0,五矿期货
2025-10-30,CU2511,long,8,%B9%E3%B7%A2%C6%DA%BB%F5,1964,299.0,广发期货
2025-10-30,CU2511,long,9,%BD%A8%D0%C5%C6%DA%BB%F5,1873,-374.0,建信期货
2025-10-30,CU2511,long,10,%C8%F0%B4%EF%C6%DA%BB%F5,1756,-391.0,瑞达期货
2025-10-30,CU2511,long,11,%D6%D0%C1%B8%C6%DA%BB%F5,1696,-267.0,中粮期货
2025-10-30,CU2511,long,12,%D2%BB%B5%C2%C6%DA%BB%F5,1470,-232.0,一德期货
2025-10-30,CU2511,long,13,%B6%AB%D6%A4%C6%DA%BB%F5,1159,-436.0,东证期货
2025-10-30,CU2511,long,14,%D7%CF%BD%F0%CC%EC%B7%E7,1135,84.0,紫金天风
2025-10-30,CU2511,long,15,%B6%AB%CE%E2%C6%DA%BB%F5,1010,-116.0,东吴期货
2025-10-30,CU2511,long,16,%D6%D0%B9%FA%B9%FA%BC%CA,976,2.0,中国国际
2025-10-30,CU2511,long,17,%C4%CF%BB%AA%C6%DA%BB%F5,922,32.0,南华期货
2025-10-30,CU2511,long,18,%BB%AA%CC%A9%C6%DA%BB%F5,913,-288.0,华泰期货
2025-10-30,CU2511,long,19,%D6%D0%D0%C5%BD%A8%CD%B6,850,68.0,中信建投
2025-10-30,CU2511,long,20,%B9%FA%CD%B6%C6%DA%BB%F5,724,-330.0,国投期货
2025-10-30,CU2511,long,999,TOTAL,50146,,TOTAL
2025-10-30,CU2511,short,1,%BD%F0%C8%F0%C6%DA%BB%F5,6850,-1046.0,金瑞期货
2025-10-30,CU2511,short,2,%D6%D0%D0%C5%C6%DA%BB%F5,5641,-483.0,中信期货
2025-10-30,CU2511,short,3,%CE%E5%BF%F3%C6%DA%BB%F5,3100,-138.0,五矿期货
2025-10-30,CU2511,short,4,%B9%FA%CC%A9%BE%FD%B0%B2,2569,-288.0,国泰君安
2025-10-30,CU2511,short,5,%D2%F8%BA%D3%C6%DA%BB%F5,2251,-117.0,银河期货
2025-10-30,CU2511,short,6,%B9%FA%C3%B3%C6%DA%BB%F5,2171,469.0,国贸期货
2025-10-30,CU2511,short,7,%C4%CF%BB%AA%C6%DA%BB%F5,2039,-213.0,南华期货
2025-10-30,CU2511,short,8,%CD%AD%B9%DA%BD%F0%D4%B4,1830,305.0,铜冠金源
2025-10-30,CU2511,short,9,%B6%AB%D6%A4%C6%DA%BB%F5,1581,-501.0,东证期货
2025-10-30,CU2511,short,10,%B7%BD%D5%FD%D6%D0%C6%DA,1559,-578.0,方正中期
2025-10-30,CU2511,short,11,%BD%A8%D0%C5%C6%DA%BB%F5,1528,-55.0,建信期货
2025-10-30,CU2511,short,12,%CE%EF%B2%FA%D6%D0%B4%F3,1456,-61.0,物产中大
2025-10-30,CU2511,short,13,%B9%E2%B4%F3%C6%DA%BB%F5,1337,-317.0,光大期货
2025-10-30,CU2511,short,14,%D6%D0%C1%B8%C6%DA%BB%F5,1189,-55.0,中粮期货
2025-10-30,CU2511,short,15,%BB%AA%CC%A9%C6%DA%BB%F5,1095,-183.0,华泰期货
2025-10-30,CU2511,short,16,%B9%FA%CD%B6%C6%DA%BB%F5,1061,-12.0,国投期货
2025-10-30,CU2511,short,17,%BA%EB%D2%B5%C6%DA%BB%F5,1040,-18.0,弘业期货
2025-10-30,CU2511,short,18,%D4%C6%B3%BF%C6%DA%BB%F5,967,530.0,云晨期货
2025-10-30,CU2511,short,19,%C9%CF%BA%A3%D6%D0%C6%DA,966,-58.0,上海中期
2025-10-30,CU2511,short,20,%D0%C2%BA%FE%C6%DA%BB%F5,958,-35.0,新湖期货
2025-10-30,CU2511,short,999,TOTAL,41188,,TOTAL
2025-11-03,CU2511,volume,1,%BD%F0%C8%F0%C6%DA%BB%F5,3883,-3461.0,金瑞期货
2025-11-03,CU2511,volume,2,%D6%D0%D0%C5%C6%DA%BB%F5,3650,-2982.0,中信期货
2025-11-03,CU2511,volume,3,%B6%AB%D6%A4%C6%DA%BB%F5,2550,-2880.0,东证期货
2025-11-03,CU2511,volume,4,%D6%D0%CC%A9%C6%DA%BB%F5,1805,-593.0,中泰期货
2025-11-03,CU2511,volume,5,%B9%FA%CC%A9%BE%FD%B0%B2,1515,-3467.0,国泰君安
2025-11-03,CU2511,volume,6,%D4%C6%B3%BF%C6%DA%BB%F5,1205,-1020.0,云晨期货
2025-11-03,CU2511,volume,7,%CD%AD%B9%DA%BD%F0%D4%B4,1165,-598.0,铜冠金源
2025-11-03,CU2511,volume,8,%C8%F0%B4%EF%C6%DA%BB%F5,1060,752.0,瑞达期货
2025-11-03,CU2511,volume,9,%B9%E3%B7%A2%C6%DA%BB%F5,1035,-961.0,广发期货
2025-11-03,CU2511,volume,10,%D2%F8%BA%D3%C6%DA%BB%F5,940,-1492.0,银河期货
2025-11-03,CU2511,volume,11,%BA%A3%CD%A8%C6%DA%BB%F5,870,568.0,海通期货
2025-11-03,CU2511,volume,12,%BB%AA%CE%C5%C6%DA%BB%F5,835,-342.0,华闻期货
2025-11-03,CU2511,volume,13,%B9%FA%D4%AA%C6%DA%BB%F5,820,95.0,国元期货
2025-11-03,CU2511,volume,14,%BD%A8%D0%C5%C6%DA%BB%F5,780,296.0,建信期货
2025-11-03,CU2511,volume,15,%B9%E2%B4%F3%C6%DA%BB%F5,755,-1549.0,光大期货
2025-11-03,CU2511,volume,16,%CE%E5%BF%F3%C6%DA%BB%F5,750,-324.0,五矿期货
2025-11-03,CU2511,volume,17,%C9%EA%CD%F2%C6%DA%BB%F5,656,-584.0,申万期货
2025-11-03,CU2511,volume,18,%B9%FA%C3%B3%C6%DA%BB%F5,605,-1955.0,国贸期货
2025-11-03,CU2511,volume,19,%C4%CF%BB%AA%C6%DA%BB%F5,535,-1000.0,南华期货
2025-11-03,CU2511,volume,20,%BB%AA%CC%A9%C6%DA%BB%F5,486,-286.0,华泰期货
2025-11-03,CU2511,volume,999,TOTAL,25900,,TOTAL
2025-11-03,CU2511,long,1,%B9%FA%CC%A9%BE%FD%B0%B2,6210,765.0,国泰君安
2025-11-03,CU2511,long,2,%D4%C6%B3%BF%C6%DA%BB%F5,4925,-160.0,云晨期货
2025-11-03,CU2511,long,3,%D2%F8%BA%D3%C6%DA%BB%F5,4770,-40.0,银河期货
2025-11-03,CU2511,long,4,%CD%AD%B9%DA%BD%F0%D4%B4,3980,-525.0,铜冠金源
2025-11-03,CU2511,long,5,%CE%E5%BF%F3%C6%DA%BB%F5,3660,-185.0,五矿期货
2025-11-03,CU2511,long,6,%D6%D0%D0%C5%C6%DA%BB%F5,2510,-1000.0,中信期货
2025-11-03,CU2511,long,7,%BD%F0%C8%F0%C6%DA%BB%F5,1515,-1365.0,金瑞期货
2025-11-03,CU2511,long,8,%BD%A8%D0%C5%C6%DA%BB%F5,1485,-430.0,建信期货
2025-11-03,CU2511,long,9,%D6%D0%C1%B8%C6%DA%BB%F5,1150,0.0,中粮期货
2025-11-03,CU2511,long,10,%D2%BB%B5%C2%C6%DA%BB%F5,910,-25.0,一德期货
2025-11-03,CU2511,long,11,%B7%BD%D5%FD%D6%D0%C6%DA,785,95.0,方正中期
2025-11-03,CU2511,long,12,%D7%CF%BD%F0%CC%EC%B7%E7,780,-170.0,紫金天风
2025-11-03,CU2511,long,13,%B6%AB%CE%E2%C6%DA%BB%F5,690,-260.0,东吴期货
2025-11-03,CU2511,long,14,%B9%E3%B7%A2%C6%DA%BB%F5,680,-470.0,广发期货
2025-11-03,CU2511,long,15,%B6%AB%D6%A4%C6%DA%BB%F5,600,-15.0,东证期货
2025-11-03,CU2511,long,16,%B9%FA%CD%B6%C6%DA%BB%F5,585,-85.0,国投期货
2025-11-03,CU2511,long,17,%D6%D0%D0%C5%BD%A8%CD%B6,545,-35.0,中信建投
2025-11-03,CU2511,long,18,%D6%D0%CC%A9%C6%DA%BB%F5,530,-10.0,中泰期货
2025-11-03,CU2511,long,19,%C4%CF%BB%AA%C6%DA%BB%F5,495,0.0,南华期货
2025-11-03,CU2511,long,20,%C8%F0%B4%EF%C6%DA%BB%F5,480,-1000.0,瑞达期货
2025-11-03,CU2511,long,999,TOTAL,37285,,TOTAL
2025-11-03,CU2511,short,1,%BD%F0%C8%F0%C6%DA%BB%F5,6065,-1298.0,金瑞期货
2025-11-03,CU2511,short,2,%D6%D0%D0%C5%C6%DA%BB%F5,3925,-250.0,中信期货
2025-11-03,CU2511,short,3,%B9%FA%C3%B3%C6%DA%BB%F5,2800,30.0,国贸期货
2025-11-03,CU2511,short,4,%CE%E5%BF%F3%C6%DA%BB%F5,2720,5.0,五矿期货
2025-11-03,CU2511,short,5,%CD%AD%B9%DA%BD%F0%D4%B4,2230,160.0,铜冠金源
2025-11-03,CU2511,short,6,%B9%FA%CC%A9%BE%FD%B0%B2,1775,-260.0,国泰君安
2025-11-03,CU2511,short,7,%D2%F8%BA%D3%C6%DA%BB%F5,1575,-330.0,银河期货
2025-11-03,CU2511,short,8,%D6%D0%C1%B8%C6%DA%BB%F5,1215,-25.0,中粮期货
2025-11-03,CU2511,short,9,%B6%AB%D6%A4%C6%DA%BB%F5,1090,-105.0,东证期货
2025-11-03,CU2511,short,10,%BD%A8%D0%C5%C6%DA%BB%F5,1080,-290.0,建信期货
2025-11-03,CU2511,short,11,%C4%CF%BB%AA%C6%DA%BB%F5,1030,-395.0,南华期货
2025-11-03,CU2511,short,12,%B9%E2%B4%F3%C6%DA%BB%F5,1000,10.0,光大期货
2025-11-03,CU2511,short,13,%D0%CB%D2%B5%C6%DA%BB%F5,980,105.0,兴业期货
2025-11-03,CU2511,short,14,%CE%EF%B2%FA%D6%D0%B4%F3,920,-20.0,物产中大
2025-11-03,CU2511,short,15,%B9%FA%CD%B6%C6%DA%BB%F5,910,-90.0,国投期货
2025-11-03,CU2511,short,16,%C2%F5%BF%C6%C6%DA%BB%F5,880,0.0,迈科期货
2025-11-03,CU2511,short,17,%BB%AA%CC%A9%C6%DA%BB%F5,820,-175.0,华泰期货
2025-11-03,CU2511,short,18,%D0%C2%BA%FE%C6%DA%BB%F5,790,55.0,新湖期货
2025-11-03,CU2511,short,19,%B7%BD%D5%FD%D6%D0%C6%DA,740,-132.0,方正中期
2025-11-03,CU2511,short,20,%BA%EB%D2%B5%C6%DA%BB%F5,735,-30.0,弘业期货
2025-11-03,CU2511,short,999,TOTAL,33280,,TOTAL
2025-11-04,CU2511,volume,1,%BD%F0%C8%F0%C6%DA%BB%F5,6000,2117.0,金瑞期货
2025-11-04,CU2511,volume,2,%B9%FA%CC%A9%BE%FD%B0%B2,3665,2150.0,国泰君安
2025-11-04,CU2511,volume,3,%D6%D0%D0%C5%C6%DA%BB%F5,3595,-55.0,中信期货
2025-11-04,CU2511,volume,4,%B6%AB%D6%A4%C6%DA%BB%F5,3495,945.0,东证期货
2025-11-04,CU2511,volume,5,%D4%C6%B3%BF%C6%DA%BB%F5,2750,1545.0,云晨期货
2025-11-04,CU2511,volume,6,%D2%F8%BA%D3%C6%DA%BB%F5,2225,1285.0,银河期货
2025-11-04,CU2511,volume,7,%B9%E2%B4%F3%C6%DA%BB%F5,2085,1330.0,光大期货
2025-11-04,CU2511,volume,8,%CD%AD%B9%DA%BD%F0%D4%B4,1535,370.0,铜冠金源
2025-11-04,CU2511,volume,9,%CE%E5%BF%F3%C6%DA%BB%F5,1170,420.0,五矿期货
2025-11-04,CU2511,volume,10,%D6%D0%CC%A9%C6%DA%BB%F5,1160,-645.0,中泰期货
2025-11-04,CU2511,volume,11,%BB%AA%CE%C5%C6%DA%BB%F5,1090,255.0,华闻期货
2025-11-04,CU2511,volume,12,%BD%A8%D0%C5%C6%DA%BB%F5,1080,300.0,建信期货
2025-11-04,CU2511,volume,13,%B9%E3%B7%A2%C6%DA%BB%F5,1010,-25.0,广发期货
2025-11-04,CU2511,volume,14,%C9%EA%CD%F2%C6%DA%BB%F5,990,334.0,申万期货
2025-11-04,CU2511,volume,15,%B9%FA%C3%B3%C6%DA%BB%F5,940,335.0,国贸期货
2025-11-04,CU2511,volume,16,%CE%EF%B2%FA%D6%D0%B4%F3,910,530.0,物产中大
2025-11-04,CU2511,volume,17,%D7%CF%BD%F0%CC%EC%B7%E7,910,690.0,紫金天风
2025-11-04,CU2511,volume,18,%B9%FA%CD%B6%C6%DA%BB%F5,760,345.0,国投期货
2025-11-04,CU2511,volume,19,%D0%CB%D2%B5%C6%DA%BB%F5,760,650.0,兴业期货
2025-11-04,CU2511,volume,20,%B9%FA%D4%AA%C6%DA%BB%F5,700,-120.0,国元期货
2025-11-04,CU2511,volume,999,TOTAL,36830,,TOTAL
2025-11-04,CU2511,long,1,%B9%FA%CC%A9%BE%FD%B0%B2,5345,-865.0,国泰君安
2025-11-04,CU2511,long,2,%D4%C6%B3%BF%C6%DA%BB%F5,4550,-375.0,云晨期货
2025-11-04,CU2511,long,3,%D2%F8%BA%D3%C6%DA%BB%F5,4095,-675.0,银河期货
2025-11-04,CU2511,long,4,%CE%E5%BF%F3%C6%DA%BB%F5,3475,-185.0,五矿期货
2025-11-04,CU2511,long,5,%CD%AD%B9%DA%BD%F0%D4%B4,3265,-715.0,铜冠金源
2025-11-04,CU2511,long,6,%D6%D0%D0%C5%C6%DA%BB%F5,1990,-520.0,中信期货
2025-11-04,CU2511,long,7,%BD%F0%C8%F0%C6%DA%BB%F5,1970,455.0,金瑞期货
2025-11-04,CU2511,long,8,%D6%D0%C1%B8%C6%DA%BB%F5,1050,-100.0,中粮期货
2025-11-04,CU2511,long,9,%B9%FA%CD%B6%C6%DA%BB%F5,830,245.0,国投期货
2025-11-04,CU2511,long,10,%BD%A8%D0%C5%C6%DA%BB%F5,825,-660.0,建信期货
2025-11-04,CU2511,long,11,%B6%AB%CE%E2%C6%DA%BB%F5,670,-20.0,东吴期货
2025-11-04,CU2511,long,12,%B6%AB%D6%A4%C6%DA%BB%F5,600,0.0,东证期货
2025-11-04,CU2511,long,13,%D6%D0%D0%C5%BD%A8%CD%B6,505,-40.0,中信建投
2025-11-04,CU2511,long,14,%C4%CF%BB%AA%C6%DA%BB%F5,470,-25.0,南华期货
2025-11-04,CU2511,long,15,%B9%E2%B4%F3%C6%DA%BB%F5,460,210.0,光大期货
2025-11-04,CU2511,long,16,%D6%D0%CC%A9%C6%DA%BB%F5,445,-85.0,中泰期货
2025-11-04,CU2511,long,17,%D2%BB%B5%C2%C6%DA%BB%F5,400,-510.0,一德期货
2025-11-04,CU2511,long,18,%B9%E3%B7%A2%C6%DA%BB%F5,315,-365.0,广发期货
2025-11-04,CU2511,long,19,%B9%FA%C1%AA%C6%DA%BB%F5,310,-150.0,国联期货
2025-11-04,CU2511,long,20,%BB%AA%BD%F0%C6%DA%BB%F5,300,-70.0,华金期货
2025-11-04,CU2511,long,999,TOTAL,31870,,TOTAL
2025-11-04,CU2511,short,1,%BD%F0%C8%F0%C6%DA%BB%F5,6280,215.0,金瑞期货
2025-11-04,CU2511,short,2,%D6%D0%D0%C5%C6%DA%BB%F5,3720,-205.0,中信期货
2025-11-04,CU2511,short,3,%B9%FA%C3%B3%C6%DA%BB%F5,2345,-455.0,国贸期货
2025-11-04,CU2511,short,4,%CD%AD%B9%DA%BD%F0%D4%B4,2210,-20.0,铜冠金源
2025-11-04,CU2511,short,5,%CE%E5%BF%F3%C6%DA%BB%F5,2035,-685.0,五矿期货
2025-11-04,CU2511,short,6,%D2%F8%BA%D3%C6%DA%BB%F5,1645,70.0,银河期货
2025-11-04,CU2511,short,7,%B9%FA%CC%A9%BE%FD%B0%B2,1405,-370.0,国泰君安
2025-11-04,CU2511,short,8,%D6%D0%C1%B8%C6%DA%BB%F5,1090,-125.0,中粮期货
2025-11-04,CU2511,short,9,%D4%C6%B3%BF%C6%DA%BB%F5,1055,445.0,云晨期货
2025-11-04,CU2511,short,10,%C2%F5%BF%C6%C6%DA%BB%F5,840,-40.0,迈科期货
2025-11-04,CU2511,short,11,%B6%AB%D6%A4%C6%DA%BB%F5,835,-255.0,东证期货
2025-11-04,CU2511,short,12,%B9%FA%CD%B6%C6%DA%BB%F5,815,-95.0,国投期货
2025-11-04,CU2511,short,13,%BD%A8%D0%C5%C6%DA%BB%F5,760,-320.0,建信期货
2025-11-04,CU2511,short,14,%C4%CF%BB%AA%C6%DA%BB%F5,735,-295.0,南华期货
2025-11-04,CU2511,short,15,%B7%BD%D5%FD%D6%D0%C6%DA,680,-60.0,方正中期
2025-11-04,CU2511,short,16,%D0%C2%BA%FE%C6%DA%BB%F5,680,-110.0,新湖期货
2025-11-04,CU2511,short,17,%C9%CF%BA%A3%D6%D0%C6%DA,605,-55.0,上海中期
2025-11-04,CU2511,short,18,%BB%AA%CC%A9%C6%DA%BB%F5,580,-240.0,华泰期货
2025-11-04,CU2511,short,19,%BD%BB%D7%D3%C6%DA%BB%F5,520,-60.0,交子期货
2025-11-04,CU2511,short,20,%D6%D0%D0%C5%BD%A8%CD%B6,500,-135.0,中信建投
2025-11-04,CU2511,short,999,TOTAL,29335,,TOTAL
2025-11-05,CU2511,volume,1,%BD%F0%C8%F0%C6%DA%BB%F5,4815,-1185.0,金瑞期货
2025-11-05,CU2511,volume,2,%D6%D0%D0%C5%C6%DA%BB%F5,4295,700.0,中信期货
2025-11-05,CU2511,volume,3,%B6%AB%D6%A4%C6%DA%BB%F5,2615,-880.0,东证期货
2025-11-05,CU2511,volume,4,%D2%F8%BA%D3%C6%DA%BB%F5,2120,-105.0,银河期货
2025-11-05,CU2511,volume,5,%B9%E2%B4%F3%C6%DA%BB%F5,1920,-165.0,光大期货
2025-11-05,CU2511,volume,6,%B9%FA%CC%A9%BE%FD%B0%B2,1905,-1760.0,国泰君安
2025-11-05,CU2511,volume,7,%D4%C6%B3%BF%C6%DA%BB%F5,1630,-1120.0,云晨期货
2025-11-05,CU2511,volume,8,%CD%AD%B9%DA%BD%F0%D4%B4,1490,-45.0,铜冠金源
2025-11-05,CU2511,volume,9,%B7%BD%D5%FD%D6%D0%C6%DA,1480,800.0,方正中期
2025-11-05,CU2511,volume,10,%C9%EA%CD%F2%C6%DA%BB%F5,1195,205.0,申万期货
2025-11-05,CU2511,volume,11,%C4%CF%BB%AA%C6%DA%BB%F5,1125,535.0,南华期货
2025-11-05,CU2511,volume,12,%BB%AA%CE%C5%C6%DA%BB%F5,1065,-25.0,华闻期货
2025-11-05,CU2511,volume,13,%D6%D0%CC%A9%C6%DA%BB%F5,990,-170.0,中泰期货
2025-11-05,CU2511,volume,14,%B9%E3%B7%A2%C6%DA%BB%F5,920,-90.0,广发期货
2025-11-05,CU2511,volume,15,%B9%FA%CD%B6%C6%DA%BB%F5,870,110.0,国投期货
2025-11-05,CU2511,volume,16,%BD%A8%D0%C5%C6%DA%BB%F5,780,-300.0,建信期货
2025-11-05,CU2511,volume,17,%B9%FA%C3%B3%C6%DA%BB%F5,770,-170.0,国贸期货
2025-11-05,CU2511,volume,18,%BB%AA%CC%A9%C6%DA%BB%F5,590,10.0,华泰期货
2025-11-05,CU2511,volume,19,%D0%C2%BA%FE%C6%DA%BB%F5,530,130.0,新湖期货
2025-11-05,CU2511,volume,20,%CE%E5%BF%F3%C6%DA%BB%F5,520,-650.0,五矿期货
2025-11-05,CU2511,volume,999,TOTAL,31625,,TOTAL
2025-11-05,CU2511,long,1,%B9%FA%CC%A9%BE%FD%B0%B2,4855,-490.0,国泰君安
2025-11-05,CU2511,long,2,%D4%C6%B3%BF%C6%DA%BB%F5,4260,-290.0,云晨期货
2025-11-05,CU2511,long,3,%D2%F8%BA%D3%C6%DA%BB%F5,3560,-535.0,银河期货
2025-11-05,CU2511,long,4,%CE%E5%BF%F3%C6%DA%BB%F5,3450,-25.0,五矿期货
2025-11-05,CU2511,long,5,%CD%AD%B9%DA%BD%F0%D4%B4,2455,-810.0,铜冠金源
2025-11-05,CU2511,long,6,%BD%F0%C8%F0%C6%DA%BB%F5,1630,-340.0,金瑞期货
2025-11-05,CU2511,long,7,%D6%D0%D0%C5%C6%DA%BB%F5,1355,-635.0,中信期货
2025-11-05,CU2511,long,8,%D6%D0%C1%B8%C6%DA%BB%F5,965,-85.0,中粮期货
2025-11-05,CU2511,long,9,%B9%FA%CD%B6%C6%DA%BB%F5,900,70.0,国投期货
2025-11-05,CU2511,long,10,%B6%AB%D6%A4%C6%DA%BB%F5,560,-40.0,东证期货
2025-11-05,CU2511,long,11,%B9%E2%B4%F3%C6%DA%BB%F5,500,40.0,光大期货
2025-11-05,CU2511,long,12,%C4%CF%BB%AA%C6%DA%BB%F5,450,-20.0,南华期货
2025-11-05,CU2511,long,13,%B6%AB%CE%E2%C6%DA%BB%F5,450,-220.0,东吴期货
2025-11-05,CU2511,long,14,%BB%AA%CC%A9%C6%DA%BB%F5,445,155.0,华泰期货
2025-11-05,CU2511,long,15,%D6%D0%CC%A9%C6%DA%BB%F5,440,-5.0,中泰期货
2025-11-05,CU2511,long,16,%D6%D0%D0%C5%BD%A8%CD%B6,400,-105.0,中信建投
2025-11-05,CU2511,long,17,%B9%E3%B7%A2%C6%DA%BB%F5,340,25.0,广发期货
2025-11-05,CU2511,long,18,%BD%A8%D0%C5%C6%DA%BB%F5,335,-490.0,建信期货
2025-11-05,CU2511,long,19,%BB%AA%BD%F0%C6%DA%BB%F5,270,-30.0,华金期货
2025-11-05,CU2511,long,20,%B9%FA%C1%AA%C6%DA%BB%F5,255,-55.0,国联期货
2025-11-05,CU2511,long,999,TOTAL,27875,,TOTAL
2025-11-05,CU2511,short,1,%BD%F0%C8%F0%C6%DA%BB%F5,5835,-445.0,金瑞期货
2025-11-05,CU2511,short,2,%D6%D0%D0%C5%C6%DA%BB%F5,3880,160.0,中信期货
2025-11-05,CU2511,short,3,%CD%AD%B9%DA%BD%F0%D4%B4,2100,-110.0,铜冠金源
2025-11-05,CU2511,short,4,%B9%FA%C3%B3%C6%DA%BB%F5,2060,-285.0,国贸期货
2025-11-05,CU2511,short,5,%CE%E5%BF%F3%C6%DA%BB%F5,1740,-295.0,五矿期货
2025-11-05,CU2511,short,6,%D2%F8%BA%D3%C6%DA%BB%F5,1280,-365.0,银河期货
2025-11-05,CU2511,short,7,%B9%FA%CC%A9%BE%FD%B0%B2,1270,-135.0,国泰君安
2025-11-05,CU2511,short,8,%D6%D0%C1%B8%C6%DA%BB%F5,1150,60.0,中粮期货
2025-11-05,CU2511,short,9,%D4%C6%B3%BF%C6%DA%BB%F5,875,-180.0,云晨期货
2025-11-05,CU2511,short,10,%C2%F5%BF%C6%C6%DA%BB%F5,840,0.0,迈科期货
2025-11-05,CU2511,short,11,%B6%AB%D6%A4%C6%DA%BB%F5,810,-25.0,东证期货
2025-11-05,CU2511,short,12,%BD%A8%D0%C5%C6%DA%BB%F5,710,-50.0,建信期货
2025-11-05,CU2511,short,13,%B9%FA%CD%B6%C6%DA%BB%F5,665,-150.0,国投期货
2025-11-05,CU2511,short,14,%D0%C2%BA%FE%C6%DA%BB%F5,655,-25.0,新湖期货
2025-11-05,CU2511,short,15,%C9%CF%BA%A3%D6%D0%C6%DA,550,-55.0,上海中期
2025-11-05,CU2511,short,16,%B7%BD%D5%FD%D6%D0%C6%DA,545,-135.0,方正中期
2025-11-05,CU2511,short,17,%BB%AA%F6%CE%C6%DA%BB%F5,525,40.0,华鑫期货
2025-11-05,CU2511,short,18,%D6%D0%D0%C5%BD%A8%CD%B6,450,-50.0,中信建投
2025-11-05,CU2511,short,19,%C4%CF%BB%AA%C6%DA%BB%F5,440,-295.0,南华期货
2025-11-05,CU2511,short,20,%B3%A4%B0%B2%C6%DA%BB%F5,430,-10.0,长安期货
2025-11-05,CU2511,short,999,TOTAL,26810,,TOTAL
2025-11-24,CU2512,volume,1,%B9%FA%CC%A9%BE%FD%B0%B2,14099,-2890.0,国泰君安
2025-11-24,CU2512,volume,2,%D6%D0%D0%C5%C6%DA%BB%F5,11731,-595.0,中信期货
2025-11-24,CU2512,volume,3,%B6%AB%D6%A4%C6%DA%BB%F5,11572,2038.0,东证期货
2025-11-24,CU2512,volume,4,%BB%AA%CC%A9%C6%DA%BB%F5,8936,1807.0,华泰期货
2025-11-24,CU2512,volume,5,%BD%F0%C8%F0%C6%DA%BB%F5,4864,-1845.0,金瑞期货
2025-11-24,CU2512,volume,6,%B9%FA%CD%B6%C6%DA%BB%F5,4278,3123.0,国投期货
2025-11-24,CU2512,volume,7,%D2%F8%BA%D3%C6%DA%BB%F5,3541,-508.0,银河期货
2025-11-24,CU2512,volume,8,%D6%D0%CC%A9%C6%DA%BB%F5,3539,-411.0,中泰期货
2025-11-24,CU2512,volume,9,%D4%C6%B3%BF%C6%DA%BB%F5,3016,-95.0,云晨期货
2025-11-24,CU2512,volume,10,%D6%D0%D0%C5%BD%A8%CD%B6,2662,499.0,中信建投
2025-11-24,CU2512,volume,11,%C6%BD%B0%B2%C6%DA%BB%F5,2587,1808.0,平安期货
2025-11-24,CU2512,volume,12,%D5%E3%C9%CC%C6%DA%BB%F5,2573,-1615.0,浙商期货
2025-11-24,CU2512,volume,13,%B9%E3%B7%A2%C6%DA%BB%F5,2323,-702.0,广发期货
2025-11-24,CU2512,volume,14,%B9%FA%D0%C5%C6%DA%BB%F5,2049,-1015.0,国信期货
2025-11-24,CU2512,volume,15,%D6%D0%C1%B8%C6%DA%BB%F5,1796,582.0,中粮期货
2025-11-24,CU2512,volume,16,%D5%D0%C9%CC%C6%DA%BB%F5,1733,1206.0,招商期货
2025-11-24,CU2512,volume,17,%C9%EA%CD%F2%C6%DA%BB%F5,1675,-94.0,申万期货
2025-11-24,CU2512,volume,18,%CD%AD%B9%DA%BD%F0%D4%B4,1638,62.0,铜冠金源
2025-11-24,CU2512,volume,19,%B9%E2%B4%F3%C6%DA%BB%F5,1627,-282.0,光大期货
2025-11-24,CU2512,volume,20,%CE%E5%BF%F3%C6%DA%BB%F5,1402,-760.0,五矿期货
2025-11-24,CU2512,volume,999,TOTAL,87641,,TOTAL
2025-11-24,CU2512,long,1,%B9%FA%CC%A9%BE%FD%B0%B2,9372,-1150.0,国泰君安
2025-11-24,CU2512,long,2,%D6%D0%D0%C5%C6%DA%BB%F5,7505,-626.0,中信期货
2025-11-24,CU2512,long,3,%D2%F8%BA%D3%C6%DA%BB%F5,7337,516.0,银河期货
2025-11-24,CU2512,long,4,%D4%C6%B3%BF%C6%DA%BB%F5,6691,-188.0,云晨期货
2025-11-24,CU2512,long,5,%CD%AD%B9%DA%BD%F0%D4%B4,5589,-138.0,铜冠金源
2025-11-24,CU2512,long,6,%BD%F0%C8%F0%C6%DA%BB%F5,4988,-1137.0,金瑞期货
2025-11-24,CU2512,long,7,%BD%A8%D0%C5%C6%DA%BB%F5,4022,-122.0,建信期货
2025-11-24,CU2512,long,8,%B9%E3%B7%A2%C6%DA%BB%F5,3824,202.0,广发期货
2025-11-24,CU2512,long,9,%B6%AB%D6%A4%C6%DA%BB%F5,3518,-437.0,东证期货
2025-11-24,CU2512,long,10,%D6%D0%C1%B8%C6%DA%BB%F5,3358,-697.0,中粮期货
2025-11-24,CU2512,long,11,%CE%E5%BF%F3%C6%DA%BB%F5,3314,12.0,五矿期货
2025-11-24,CU2512,long,12,%D2%BB%B5%C2%C6%DA%BB%F5,2829,-20.0,一德期货
2025-11-24,CU2512,long,13,%BA%EB%D2%B5%C6%DA%BB%F5,2398,-72.0,弘业期货
2025-11-24,CU2512,long,14,%C8%F0%B4%EF%C6%DA%BB%F5,2388,-434.0,瑞达期货
2025-11-24,CU2512,long,15,%B6%AB%CE%E2%C6%DA%BB%F5,2264,-571.0,东吴期货
2025-11-24,CU2512,long,16,%BB%AA%CC%A9%C6%DA%BB%F5,2188,-1414.0,华泰期货
2025-11-24,CU2512,long,17,%D3%C0%B0%B2%C6%DA%BB%F5,2140,-288.0,永安期货
2025-11-24,CU2512,long,18,%D7%CF%BD%F0%CC%EC%B7%E7,1940,24.0,紫金天风
2025-11-24,CU2512,long,19,%D6%D0%BB%D4%C6%DA%BB%F5,1633,-10.0,中辉期货
2025-11-24,CU2512,long,20,%B9%FA%CD%B6%C6%DA%BB%F5,1562,-873.0,国投期货
2025-11-24,CU2512,long,999,TOTAL,78860,,TOTAL
2025-11-24,CU2512,short,1,%BD%F0%C8%F0%C6%DA%BB%F5,12270,1108.0,金瑞期货
2025-11-24,CU2512,short,2,%D6%D0%D0%C5%C6%DA%BB%F5,11711,-1855.0,中信期货
2025-11-24,CU2512,short,3,%D2%F8%BA%D3%C6%DA%BB%F5,6140,-253.0,银河期货
2025-11-24,CU2512,short,4,%B9%FA%C3%B3%C6%DA%BB%F5,4518,-434.0,国贸期货
2025-11-24,CU2512,short,5,%B9%FA%CC%A9%BE%FD%B0%B2,4330,-2148.0,国泰君安
2025-11-24,CU2512,short,6,%B6%AB%D6%A4%C6%DA%BB%F5,3754,-749.0,东证期货
2025-11-24,CU2512,short,7,%CE%E5%BF%F3%C6%DA%BB%F5,3565,-618.0,五矿期货
2025-11-24,CU2512,short,8,%B9%E2%B4%F3%C6%DA%BB%F5,3240,-158.0,光大期货
2025-11-24,CU2512,short,9,%C4%CF%BB%AA%C6%DA%BB%F5,3239,29.0,南华期货
2025-11-24,CU2512,short,10,%D6%D0%C1%B8%C6%DA%BB%F5,2981,143.0,中粮期货
2025-11-24,CU2512,short,11,%B7%BD%D5%FD%D6%D0%C6%DA,2393,-116.0,方正中期
2025-11-24,CU2512,short,12,%BA%EB%D2%B5%C6%DA%BB%F5,2321,-604.0,弘业期货
2025-11-24,CU2512,short,13,%D0%C2%BA%FE%C6%DA%BB%F5,2264,-346.0,新湖期货
2025-11-24,CU2512,short,14,%B9%FA%CD%B6%C6%DA%BB%F5,2222,-1132.0,国投期货
2025-11-24,CU2512,short,15,%D4%C6%B3%BF%C6%DA%BB%F5,2135,516.0,云晨期货
2025-11-24,CU2512,short,16,%BB%AA%CC%A9%C6%DA%BB%F5,2115,-491.0,华泰期货
2025-11-24,CU2512,short,17,%D7%CF%BD%F0%CC%EC%B7%E7,1840,-145.0,紫金天风
2025-11-24,CU2512,short,18,%D6%D0%D0%C5%BD%A8%CD%B6,1742,-180.0,中信建投
2025-11-24,CU2512,short,19,%BD%A8%D0%C5%C6%DA%BB%F5,1666,-116.0,建信期货
2025-11-24,CU2512,short,20,%CD%AD%B9%DA%BD%F0%D4%B4,1590,-240.0,铜冠金源
2025-11-24,CU2512,short,999,TOTAL,76036,,TOTAL
2025-11-27,CU2512,volume,1,%B9%FA%CC%A9%BE%FD%B0%B2,5608,-2514.0,国泰君安
2025-11-27,CU2512,volume,2,%D6%D0%D0%C5%C6%DA%BB%F5,5526,121.0,中信期货
2025-11-27,CU2512,volume,3,%BD%F0%C8%F0%C6%DA%BB%F5,5434,988.0,金瑞期货
2025-11-27,CU2512,volume,4,%B6%AB%D6%A4%C6%DA%BB%F5,4783,-304.0,东证期货
2025-11-27,CU2512,volume,5,%CD%AD%B9%DA%BD%F0%D4%B4,2933,1888.0,铜冠金源
2025-11-27,CU2512,volume,6,%D5%E3%C9%CC%C6%DA%BB%F5,2134,-272.0,浙商期货
2025-11-27,CU2512,volume,7,%D2%F8%BA%D3%C6%DA%BB%F5,1948,-761.0,银河期货
2025-11-27,CU2512,volume,8,%D6%D0%BB%D4%C6%DA%BB%F5,1709,803.0,中辉期货
2025-11-27,CU2512,volume,9,%B9%E3%B7%A2%C6%DA%BB%F5,1675,387.0,广发期货
2025-11-27,CU2512,volume,10,%D4%C6%B3%BF%C6%DA%BB%F5,1639,-403.0,云晨期货
2025-11-27,CU2512,volume,11,%BD%A8%D0%C5%C6%DA%BB%F5,1574,242.0,建信期货
2025-11-27,CU2512,volume,12,%B9%E2%B4%F3%C6%DA%BB%F5,1446,247.0,光大期货
2025-11-27,CU2512,volume,13,%D6%D0%CC%A9%C6%DA%BB%F5,1353,-1507.0,中泰期货
2025-11-27,CU2512,volume,14,%B9%FA%C3%B3%C6%DA%BB%F5,1232,247.0,国贸期货
2025-11-27,CU2512,volume,15,%C8%F0%B4%EF%C6%DA%BB%F5,1191,182.0,瑞达期货
2025-11-27,CU2512,volume,16,%B7%BD%D5%FD%D6%D0%C6%DA,1096,342.0,方正中期
2025-11-27,CU2512,volume,17,%B9%FA%CD%B6%C6%DA%BB%F5,1021,10.0,国投期货
2025-11-27,CU2512,volume,18,%BA%A3%CD%A8%C6%DA%BB%F5,1019,-33.0,海通期货
2025-11-27,CU2512,volume,19,%BA%EB%D2%B5%C6%DA%BB%F5,958,463.0,弘业期货
2025-11-27,CU2512,volume,20,%BB%AA%CE%C5%C6%DA%BB%F5,904,514.0,华闻期货
2025-11-27,CU2512,volume,999,TOTAL,45183,,TOTAL
2025-11-27,CU2512,long,1,%B9%FA%CC%A9%BE%FD%B0%B2,7348,-176.0,国泰君安
2025-11-27,CU2512,long,2,%D4%C6%B3%BF%C6%DA%BB%F5,6680,40.0,云晨期货
2025-11-27,CU2512,long,3,%D2%F8%BA%D3%C6%DA%BB%F5,6156,-177.0,银河期货
2025-11-27,CU2512,long,4,%D6%D0%D0%C5%C6%DA%BB%F5,5684,-538.0,中信期货
2025-11-27,CU2512,long,5,%BD%F0%C8%F0%C6%DA%BB%F5,5130,-357.0,金瑞期货
2025-11-27,CU2512,long,6,%CD%AD%B9%DA%BD%F0%D4%B4,4219,-1206.0,铜冠金源
2025-11-27,CU2512,long,7,%CE%E5%BF%F3%C6%DA%BB%F5,3273,-166.0,五矿期货
2025-11-27,CU2512,long,8,%D6%D0%C1%B8%C6%DA%BB%F5,2268,-111.0,中粮期货
2025-11-27,CU2512,long,9,%B9%E3%B7%A2%C6%DA%BB%F5,2079,-919.0,广发期货
2025-11-27,CU2512,long,10,%D7%CF%BD%F0%CC%EC%B7%E7,1845,300.0,紫金天风
2025-11-27,CU2512,long,11,%BD%A8%D0%C5%C6%DA%BB%F5,1792,-1052.0,建信期货
2025-11-27,CU2512,long,12,%B6%AB%D6%A4%C6%DA%BB%F5,1743,-301.0,东证期货
2025-11-27,CU2512,long,13,%BA%EB%D2%B5%C6%DA%BB%F5,1603,-340.0,弘业期货
2025-11-27,CU2512,long,14,%C8%F0%B4%EF%C6%DA%BB%F5,1602,-469.0,瑞达期货
2025-11-27,CU2512,long,15,%B6%AB%CE%E2%C6%DA%BB%F5,1298,-58.0,东吴期货
2025-11-27,CU2512,long,16,%D2%BB%B5%C2%C6%DA%BB%F5,1254,-35.0,一德期货
2025-11-27,CU2512,long,17,%BB%AA%CC%A9%C6%DA%BB%F5,1189,-157.0,华泰期货
2025-11-27,CU2512,long,18,%D6%D0%D0%C5%BD%A8%CD%B6,1081,-231.0,中信建投
2025-11-27,CU2512,long,19,%D0%CB%D2%B5%C6%DA%BB%F5,1070,221.0,兴业期货
2025-11-27,CU2512,long,20,%B9%E2%B4%F3%C6%DA%BB%F5,994,-5.0,光大期货
2025-11-27,CU2512,long,999,TOTAL,58308,,TOTAL
2025-11-27,CU2512,short,1,%D6%D0%D0%C5%C6%DA%BB%F5,7495,-1414.0,中信期货
2025-11-27,CU2512,short,2,%BD%F0%C8%F0%C6%DA%BB%F5,5822,-2279.0,金瑞期货
2025-11-27,CU2512,short,3,%B9%FA%C3%B3%C6%DA%BB%F5,3952,-253.0,国贸期货
2025-11-27,CU2512,short,4,%D2%F8%BA%D3%C6%DA%BB%F5,3662,-771.0,银河期货
2025-11-27,CU2512,short,5,%B6%AB%D6%A4%C6%DA%BB%F5,3448,490.0,东证期货
2025-11-27,CU2512,short,6,%B9%FA%CC%A9%BE%FD%B0%B2,2847,-186.0,国泰君安
2025-11-27,CU2512,short,7,%C4%CF%BB%AA%C6%DA%BB%F5,2530,-99.0,南华期货
2025-11-27,CU2512,short,8,%CE%E5%BF%F3%C6%DA%BB%F5,2459,-155.0,五矿期货
2025-11-27,CU2512,short,9,%B9%E2%B4%F3%C6%DA%BB%F5,2430,-967.0,光大期货
2025-11-27,CU2512,short,10,%D6%D0%C1%B8%C6%DA%BB%F5,1992,-505.0,中粮期货
2025-11-27,CU2512,short,11,%D4%C6%B3%BF%C6%DA%BB%F5,1904,11.0,云晨期货
2025-11-27,CU2512,short,12,%BB%AA%CC%A9%C6%DA%BB%F5,1688,-43.0,华泰期货
2025-11-27,CU2512,short,13,%CD%AD%B9%DA%BD%F0%D4%B4,1617,-113.0,铜冠金源
2025-11-27,CU2512,short,14,%D0%C2%BA%FE%C6%DA%BB%F5,1611,-164.0,新湖期货
2025-11-27,CU2512,short,15,%BA%EB%D2%B5%C6%DA%BB%F5,1498,-522.0,弘业期货
2025-11-27,CU2512,short,16,%B7%BD%D5%FD%D6%D0%C6%DA,1480,-172.0,方正中期
2025-11-27,CU2512,short,17,%B9%FA%CD%B6%C6%DA%BB%F5,1383,-435.0,国投期货
2025-11-27,CU2512,short,18,%D7%CF%BD%F0%CC%EC%B7%E7,1376,-48.0,紫金天风
2025-11-27,CU2512,short,19,%BD%A8%D0%C5%C6%DA%BB%F5,1165,-260.0,建信期货
2025-11-27,CU2512,short,20,%B6%AB%BA%A3%C6%DA%BB%F5,978,124.0,东海期货
2025-11-27,CU2512,short,999,TOTAL,51337,,TOTAL
2025-11-28,CU2512,volume,1,%B6%AB%D6%A4%C6%DA%BB%F5,6708,1925.0,东证期货
2025-11-28,CU2512,volume,2,%B9%FA%CC%A9%BE%FD%B0%B2,4824,-784.0,国泰君安
2025-11-28,CU2512,volume,3,%D6%D0%D0%C5%C6%DA%BB%F5,4258,-1268.0,中信期货
2025-11-28,CU2512,volume,4,%BD%F0%C8%F0%C6%DA%BB%F5,3858,-1576.0,金瑞期货
2025-11-28,CU2512,volume,5,%D2%F8%BA%D3%C6%DA%BB%F5,3025,1077.0,银河期货
2025-11-28,CU2512,volume,6,%D4%C6%B3%BF%C6%DA%BB%F5,2506,867.0,云晨期货
2025-11-28,CU2512,volume,7,%CE%E5%BF%F3%C6%DA%BB%F5,1975,1386.0,五矿期货
2025-11-28,CU2512,volume,8,%B9%E2%B4%F3%C6%DA%BB%F5,1863,417.0,光大期货
2025-11-28,CU2512,volume,9,%C4%CF%BB%AA%C6%DA%BB%F5,1721,1056.0,南华期货
2025-11-28,CU2512,volume,10,%BA%EB%D2%B5%C6%DA%BB%F5,1650,692.0,弘业期货
2025-11-28,CU2512,volume,11,%CD%AD%B9%DA%BD%F0%D4%B4,1587,-1346.0,铜冠金源
2025-11-28,CU2512,volume,12,%B7%BD%D5%FD%D6%D0%C6%DA,1586,490.0,方正中期
2025-11-28,CU2512,volume,13,%B9%E3%B7%A2%C6%DA%BB%F5,1491,-184.0,广发期货
2025-11-28,CU2512,volume,14,%D0%C2%BA%FE%C6%DA%BB%F5,1466,880.0,新湖期货
2025-11-28,CU2512,volume,15,%CE%EF%B2%FA%D6%D0%B4%F3,1298,1019.0,物产中大
2025-11-28,CU2512,volume,16,%B9%FA%C3%B3%C6%DA%BB%F5,1245,13.0,国贸期货
2025-11-28,CU2512,volume,17,%D6%D0%C1%B8%C6%DA%BB%F5,1147,425.0,中粮期货
2025-11-28,CU2512,volume,18,%B9%FA%D0%C5%C6%DA%BB%F5,1122,718.0,国信期货
2025-11-28,CU2512,volume,19,%BB%AA%CC%A9%C6%DA%BB%F5,928,426.0,华泰期货
2025-11-28,CU2512,volume,20,%BD%A8%D0%C5%C6%DA%BB%F5,882,-692.0,建信期货
2025-11-28,CU2512,volume,999,TOTAL,45140,,TOTAL
2025-11-28,CU2512,long,1,%D4%C6%B3%BF%C6%DA%BB%F5,5790,-890.0,云晨期货
2025-11-28,CU2512,long,2,%B9%FA%CC%A9%BE%FD%B0%B2,5490,-1858.0,国泰君安
2025-11-28,CU2512,long,3,%D2%F8%BA%D3%C6%DA%BB%F5,5485,-671.0,银河期货
2025-11-28,CU2512,long,4,%CD%AD%B9%DA%BD%F0%D4%B4,4100,-119.0,铜冠金源
2025-11-28,CU2512,long,5,%BD%F0%C8%F0%C6%DA%BB%F5,4005,-1125.0,金瑞期货
2025-11-28,CU2512,long,6,%D6%D0%D0%C5%C6%DA%BB%F5,3905,-1779.0,中信期货
2025-11-28,CU2512,long,7,%CE%E5%BF%F3%C6%DA%BB%F5,2515,-758.0,五矿期货
2025-11-28,CU2512,long,8,%BD%A8%D0%C5%C6%DA%BB%F5,1840,48.0,建信期货
2025-11-28,CU2512,long,9,%D7%CF%BD%F0%CC%EC%B7%E7,1785,-60.0,紫金天风
2025-11-28,CU2512,long,10,%D6%D0%C1%B8%C6%DA%BB%F5,1565,-703.0,中粮期货
2025-11-28,CU2512,long,11,%C8%F0%B4%EF%C6%DA%BB%F5,1555,-47.0,瑞达期货
2025-11-28,CU2512,long,12,%B9%E3%B7%A2%C6%DA%BB%F5,1421,-658.0,广发期货
2025-11-28,CU2512,long,13,%B6%AB%CE%E2%C6%DA%BB%F5,1335,37.0,东吴期货
2025-11-28,CU2512,long,14,%B6%AB%D6%A4%C6%DA%BB%F5,1295,-448.0,东证期货
2025-11-28,CU2512,long,15,%D6%D0%D0%C5%BD%A8%CD%B6,913,-168.0,中信建投
2025-11-28,CU2512,long,16,%BB%AA%CC%A9%C6%DA%BB%F5,883,-306.0,华泰期货
2025-11-28,CU2512,long,17,%B9%E2%B4%F3%C6%DA%BB%F5,880,-114.0,光大期货
2025-11-28,CU2512,long,18,%D2%BB%B5%C2%C6%DA%BB%F5,850,-404.0,一德期货
2025-11-28,CU2512,long,19,%B3%A4%BD%AD%C6%DA%BB%F5,765,-27.0,长江期货
2025-11-28,CU2512,long,20,%BA%EB%D2%B5%C6%DA%BB%F5,700,-903.0,弘业期货
2025-11-28,CU2512,long,999,TOTAL,47077,,TOTAL
2025-11-28,CU2512,short,1,%D6%D0%D0%C5%C6%DA%BB%F5,6630,-865.0,中信期货
2025-11-28,CU2512,short,2,%BD%F0%C8%F0%C6%DA%BB%F5,4795,-1027.0,金瑞期货
2025-11-28,CU2512,short,3,%B9%FA%C3%B3%C6%DA%BB%F5,3705,-247.0,国贸期货
2025-11-28,CU2512,short,4,%B6%AB%D6%A4%C6%DA%BB%F5,3148,-300.0,东证期货
2025-11-28,CU2512,short,5,%D2%F8%BA%D3%C6%DA%BB%F5,2720,-942.0,银河期货
2025-11-28,CU2512,short,6,%B9%FA%CC%A9%BE%FD%B0%B2,2535,-312.0,国泰君安
2025-11-28,CU2512,short,7,%C4%CF%BB%AA%C6%DA%BB%F5,1695,-835.0,南华期货
2025-11-28,CU2512,short,8,%D6%D0%C1%B8%C6%DA%BB%F5,1640,-352.0,中粮期货
2025-11-28,CU2512,short,9,%CE%E5%BF%F3%C6%DA%BB%F5,1510,-949.0,五矿期货
2025-11-28,CU2512,short,10,%B9%FA%CD%B6%C6%DA%BB%F5,1490,107.0,国投期货
2025-11-28,CU2512,short,11,%CD%AD%B9%DA%BD%F0%D4%B4,1405,-212.0,铜冠金源
2025-11-28,CU2512,short,12,%B9%E2%B4%F3%C6%DA%BB%F5,1335,-1095.0,光大期货
2025-11-28,CU2512,short,13,%D7%CF%BD%F0%CC%EC%B7%E7,1230,-146.0,紫金天风
2025-11-28,CU2512,short,14,%D4%C6%B3%BF%C6%DA%BB%F5,1200,-704.0,云晨期货
2025-11-28,CU2512,short,15,%BB%AA%CC%A9%C6%DA%BB%F5,1150,-538.0,华泰期货
2025-11-28,CU2512,short,16,%BD%A8%D0%C5%C6%DA%BB%F5,995,-170.0,建信期货
2025-11-28,CU2512,short,17,%D6%D0%D2%F8%C6%DA%BB%F5,950,14.0,中银期货
2025-11-28,CU2512,short,18,%BA%EB%D2%B5%C6%DA%BB%F5,895,-603.0,弘业期货
2025-11-28,CU2512,short,19,%D6%D0%D0%C5%BD%A8%CD%B6,845,-75.0,中信建投
2025-11-28,CU2512,short,20,%C2%F5%BF%C6%C6%DA%BB%F5,830,-8.0,迈科期货
2025-11-28,CU2512,short,999,TOTAL,40703,,TOTAL
2025-12-01,CU2512,volume,1,%D6%D0%D0%C5%C6%DA%BB%F5,5080,822.0,中信期货
2025-12-01,CU2512,volume,2,%B6%AB%D6%A4%C6%DA%BB%F5,4823,-1885.0,东证期货
2025-12-01,CU2512,volume,3,%BD%F0%C8%F0%C6%DA%BB%F5,3545,-313.0,金瑞期货
2025-12-01,CU2512,volume,4,%D2%F8%BA%D3%C6%DA%BB%F5,2655,-370.0,银河期货
2025-12-01,CU2512,volume,5,%B9%FA%CC%A9%BE%FD%B0%B2,2360,-2464.0,国泰君安
2025-12-01,CU2512,volume,6,%D4%C6%B3%BF%C6%DA%BB%F5,2125,-381.0,云晨期货
2025-12-01,CU2512,volume,7,%C9%EA%CD%F2%C6%DA%BB%F5,2037,1380.0,申万期货
2025-12-01,CU2512,volume,8,%B9%E3%B7%A2%C6%DA%BB%F5,1856,365.0,广发期货
2025-12-01,CU2512,volume,9,%B9%E2%B4%F3%C6%DA%BB%F5,1700,-163.0,光大期货
2025-12-01,CU2512,volume,10,%B9%FA%C3%B3%C6%DA%BB%F5,1575,330.0,国贸期货
2025-12-01,CU2512,volume,11,%D0%CB%D2%B5%C6%DA%BB%F5,1355,675.0,兴业期货
2025-12-01,CU2512,volume,12,%D7%CF%BD%F0%CC%EC%B7%E7,1330,872.0,紫金天风
2025-12-01,CU2512,volume,13,%D6%D0%CC%A9%C6%DA%BB%F5,1250,700.0,中泰期货
2025-12-01,CU2512,volume,14,%D0%C2%BA%FE%C6%DA%BB%F5,1170,-296.0,新湖期货
2025-12-01,CU2512,volume,15,%CD%AD%B9%DA%BD%F0%D4%B4,875,-712.0,铜冠金源
2025-12-01,CU2512,volume,16,%BA%EB%D2%B5%C6%DA%BB%F5,780,-870.0,弘业期货
2025-12-01,CU2512,volume,17,%B4%F3%B5%D8%C6%DA%BB%F5,725,645.0,大地期货
2025-12-01,CU2512,volume,18,%B4%B4%D4%AA%C6%DA%BB%F5,670,143.0,创元期货
2025-12-01,CU2512,volume,19,%CE%E5%BF%F3%C6%DA%BB%F5,635,-1340.0,五矿期货
2025-12-01,CU2512,volume,20,%BB%AA%CE%C5%C6%DA%BB%F5,570,267.0,华闻期货
2025-12-01,CU2512,volume,999,TOTAL,37116,,TOTAL
2025-12-01,CU2512,long,1,%D2%F8%BA%D3%C6%DA%BB%F5,5535,50.0,银河期货
2025-12-01,CU2512,long,2,%B9%FA%CC%A9%BE%FD%B0%B2,4645,-845.0,国泰君安
2025-12-01,CU2512,long,3,%D4%C6%B3%BF%C6%DA%BB%F5,4330,-1460.0,云晨期货
2025-12-01,CU2512,long,4,%BD%F0%C8%F0%C6%DA%BB%F5,4190,185.0,金瑞期货
2025-12-01,CU2512,long,5,%CD%AD%B9%DA%BD%F0%D4%B4,3980,-120.0,铜冠金源
2025-12-01,CU2512,long,6,%D6%D0%D0%C5%C6%DA%BB%F5,2265,-1640.0,中信期货
2025-12-01,CU2512,long,7,%CE%E5%BF%F3%C6%DA%BB%F5,2090,-425.0,五矿期货
2025-12-01,CU2512,long,8,%BD%A8%D0%C5%C6%DA%BB%F5,1880,40.0,建信期货
2025-12-01,CU2512,long,9,%C8%F0%B4%EF%C6%DA%BB%F5,1625,70.0,瑞达期货
2025-12-01,CU2512,long,10,%B9%E3%B7%A2%C6%DA%BB%F5,1575,154.0,广发期货
2025-12-01,CU2512,long,11,%D6%D0%C1%B8%C6%DA%BB%F5,1485,-80.0,中粮期货
2025-12-01,CU2512,long,12,%B6%AB%CE%E2%C6%DA%BB%F5,1255,-80.0,东吴期货
2025-12-01,CU2512,long,13,%D7%CF%BD%F0%CC%EC%B7%E7,1225,-560.0,紫金天风
2025-12-01,CU2512,long,14,%B6%AB%D6%A4%C6%DA%BB%F5,1060,-235.0,东证期货
2025-12-01,CU2512,long,15,%D2%BB%B5%C2%C6%DA%BB%F5,1040,190.0,一德期货
2025-12-01,CU2512,long,16,%D6%D0%D0%C5%BD%A8%CD%B6,875,-38.0,中信建投
2025-12-01,CU2512,long,17,%B3%A4%BD%AD%C6%DA%BB%F5,765,0.0,长江期货
2025-12-01,CU2512,long,18,%BB%AA%CC%A9%C6%DA%BB%F5,745,-138.0,华泰期货
2025-12-01,CU2512,long,19,%B9%E2%B4%F3%C6%DA%BB%F5,680,-200.0,光大期货
2025-12-01,CU2512,long,20,%B9%FA%C1%AA%C6%DA%BB%F5,640,10.0,国联期货
2025-12-01,CU2512,long,999,TOTAL,41885,,TOTAL
2025-12-01,CU2512,short,1,%D6%D0%D0%C5%C6%DA%BB%F5,5190,-1440.0,中信期货
2025-12-01,CU2512,short,2,%BD%F0%C8%F0%C6%DA%BB%F5,4355,-440.0,金瑞期货
2025-12-01,CU2512,short,3,%B9%FA%C3%B3%C6%DA%BB%F5,3245,-460.0,国贸期货
2025-12-01,CU2512,short,4,%B9%FA%CC%A9%BE%FD%B0%B2,2760,225.0,国泰君安
2025-12-01,CU2512,short,5,%B6%AB%D6%A4%C6%DA%BB%F5,2510,-638.0,东证期货
2025-12-01,CU2512,short,6,%D2%F8%BA%D3%C6%DA%BB%F5,2435,-285.0,银河期货
2025-12-01,CU2512,short,7,%D6%D0%C1%B8%C6%DA%BB%F5,1540,-100.0,中粮期货
2025-12-01,CU2512,short,8,%C4%CF%BB%AA%C6%DA%BB%F5,1410,-285.0,南华期货
2025-12-01,CU2512,short,9,%CE%E5%BF%F3%C6%DA%BB%F5,1380,-130.0,五矿期货
2025-12-01,CU2512,short,10,%CD%AD%B9%DA%BD%F0%D4%B4,1350,-55.0,铜冠金源
2025-12-01,CU2512,short,11,%B9%E2%B4%F3%C6%DA%BB%F5,1245,-90.0,光大期货
2025-12-01,CU2512,short,12,%BD%A8%D0%C5%C6%DA%BB%F5,1035,40.0,建信期货
2025-12-01,CU2512,short,13,%D6%D0%D2%F8%C6%DA%BB%F5,1025,75.0,中银期货
2025-12-01,CU2512,short,14,%B9%FA%CD%B6%C6%DA%BB%F5,1015,-475.0,国投期货
2025-12-01,CU2512,short,15,%BB%AA%CC%A9%C6%DA%BB%F5,970,-180.0,华泰期货
2025-12-01,CU2512,short,16,%D0%C2%BA%FE%C6%DA%BB%F5,760,-25.0,新湖期货
2025-12-01,CU2512,short,17,%C2%F5%BF%C6%C6%DA%BB%F5,755,-75.0,迈科期货
2025-12-01,CU2512,short,18,%D6%D0%D0%C5%BD%A8%CD%B6,745,-100.0,中信建投
2025-12-01,CU2512,short,19,%D7%CF%BD%F0%CC%EC%B7%E7,740,-490.0,紫金天风
2025-12-01,CU2512,short,20,%D4%C6%B3%BF%C6%DA%BB%F5,725,-475.0,云晨期货
2025-12-01,CU2512,short,999,TOTAL,35190,,TOTAL
2025-12-02,CU2512,volume,1,%B6%AB%D6%A4%C6%DA%BB%F5,4145,-678.0,东证期货
2025-12-02,CU2512,volume,2,%D6%D0%D0%C5%C6%DA%BB%F5,2945,-2135.0,中信期货
2025-12-02,CU2512,volume,3,%D4%C6%B3%BF%C6%DA%BB%F5,2895,770.0,云晨期货
2025-12-02,CU2512,volume,4,%BD%F0%C8%F0%C6%DA%BB%F5,2820,-725.0,金瑞期货
2025-12-02,CU2512,volume,5,%D2%F8%BA%D3%C6%DA%BB%F5,1830,-825.0,银河期货
2025-12-02,CU2512,volume,6,%B9%FA%CC%A9%BE%FD%B0%B2,1790,-570.0,国泰君安
2025-12-02,CU2512,volume,7,%D7%CF%BD%F0%CC%EC%B7%E7,1245,-85.0,紫金天风
2025-12-02,CU2512,volume,8,%B9%E3%B7%A2%C6%DA%BB%F5,1165,-691.0,广发期货
2025-12-02,CU2512,volume,9,%B9%FA%C1%AA%C6%DA%BB%F5,1135,760.0,国联期货
2025-12-02,CU2512,volume,10,%B9%FA%C3%B3%C6%DA%BB%F5,1120,-455.0,国贸期货
2025-12-02,CU2512,volume,11,%BB%AA%CE%C5%C6%DA%BB%F5,970,400.0,华闻期货
2025-12-02,CU2512,volume,12,%CD%AD%B9%DA%BD%F0%D4%B4,940,65.0,铜冠金源
2025-12-02,CU2512,volume,13,%B9%E2%B4%F3%C6%DA%BB%F5,925,-775.0,光大期货
2025-12-02,CU2512,volume,14,%D6%D0%CC%A9%C6%DA%BB%F5,905,-345.0,中泰期货
2025-12-02,CU2512,volume,15,%BD%A8%D0%C5%C6%DA%BB%F5,860,470.0,建信期货
2025-12-02,CU2512,volume,16,%D6%D0%D0%C5%BD%A8%CD%B6,715,467.0,中信建投
2025-12-02,CU2512,volume,17,%B9%FA%D4%AA%C6%DA%BB%F5,555,365.0,国元期货
2025-12-02,CU2512,volume,18,%D2%BB%B5%C2%C6%DA%BB%F5,540,-30.0,一德期货
2025-12-02,CU2512,volume,19,%BB%AA%F6%CE%C6%DA%BB%F5,480,45.0,华鑫期货
2025-12-02,CU2512,volume,20,%D6%D0%C1%B8%C6%DA%BB%F5,480,300.0,中粮期货
2025-12-02,CU2512,volume,999,TOTAL,28460,,TOTAL
2025-12-02,CU2512,long,1,%D2%F8%BA%D3%C6%DA%BB%F5,4955,-580.0,银河期货
2025-12-02,CU2512,long,2,%D4%C6%B3%BF%C6%DA%BB%F5,4155,-175.0,云晨期货
2025-12-02,CU2512,long,3,%B9%FA%CC%A9%BE%FD%B0%B2,4000,-645.0,国泰君安
2025-12-02,CU2512,long,4,%CD%AD%B9%DA%BD%F0%D4%B4,3800,-180.0,铜冠金源
2025-12-02,CU2512,long,5,%BD%F0%C8%F0%C6%DA%BB%F5,3695,-495.0,金瑞期货
2025-12-02,CU2512,long,6,%CE%E5%BF%F3%C6%DA%BB%F5,2100,10.0,五矿期货
2025-12-02,CU2512,long,7,%BD%A8%D0%C5%C6%DA%BB%F5,1915,35.0,建信期货
2025-12-02,CU2512,long,8,%D6%D0%D0%C5%C6%DA%BB%F5,1635,-630.0,中信期货
2025-12-02,CU2512,long,9,%B9%E3%B7%A2%C6%DA%BB%F5,1550,-25.0,广发期货
2025-12-02,CU2512,long,10,%C8%F0%B4%EF%C6%DA%BB%F5,1505,-120.0,瑞达期货
2025-12-02,CU2512,long,11,%D6%D0%C1%B8%C6%DA%BB%F5,1440,-45.0,中粮期货
2025-12-02,CU2512,long,12,%B6%AB%CE%E2%C6%DA%BB%F5,1240,-15.0,东吴期货
2025-12-02,CU2512,long,13,%D7%CF%BD%F0%CC%EC%B7%E7,1060,-165.0,紫金天风
2025-12-02,CU2512,long,14,%B6%AB%D6%A4%C6%DA%BB%F5,820,-240.0,东证期货
2025-12-02,CU2512,long,15,%B3%A4%BD%AD%C6%DA%BB%F5,760,-5.0,长江期货
2025-12-02,CU2512,long,16,%B9%FA%C1%AA%C6%DA%BB%F5,755,115.0,国联期货
2025-12-02,CU2512,long,17,%B9%E2%B4%F3%C6%DA%BB%F5,705,25.0,光大期货
2025-12-02,CU2512,long,18,%BB%AA%CC%A9%C6%DA%BB%F5,705,-40.0,华泰期货
2025-12-02,CU2512,long,19,%D2%BB%B5%C2%C6%DA%BB%F5,675,-365.0,一德期货
2025-12-02,CU2512,long,20,%BA%EB%D2%B5%C6%DA%BB%F5,450,-25.0,弘业期货
2025-12-02,CU2512,long,999,TOTAL,37920,,TOTAL
2025-12-02,CU2512,short,1,%D6%D0%D0%C5%C6%DA%BB%F5,5165,-25.0,中信期货
2025-12-02,CU2512,short,2,%BD%F0%C8%F0%C6%DA%BB%F5,3540,-815.0,金瑞期货
2025-12-02,CU2512,short,3,%B9%FA%C3%B3%C6%DA%BB%F5,2840,-405.0,国贸期货
2025-12-02,CU2512,short,4,%B9%FA%CC%A9%BE%FD%B0%B2,2465,-295.0,国泰君安
2025-12-02,CU2512,short,5,%D2%F8%BA%D3%C6%DA%BB%F5,2255,-180.0,银河期货
2025-12-02,CU2512,short,6,%B6%AB%D6%A4%C6%DA%BB%F5,2075,-435.0,东证期货
2025-12-02,CU2512,short,7,%D4%C6%B3%BF%C6%DA%BB%F5,1385,660.0,云晨期货
2025-12-02,CU2512,short,8,%C4%CF%BB%AA%C6%DA%BB%F5,1265,-145.0,南华期货
2025-12-02,CU2512,short,9,%CE%E5%BF%F3%C6%DA%BB%F5,1210,-170.0,五矿期货
2025-12-02,CU2512,short,10,%CD%AD%B9%DA%BD%F0%D4%B4,1180,-170.0,铜冠金源
2025-12-02,CU2512,short,11,%D6%D0%C1%B8%C6%DA%BB%F5,1105,-435.0,中粮期货
2025-12-02,CU2512,short,12,%B9%FA%CD%B6%C6%DA%BB%F5,1030,15.0,国投期货
2025-12-02,CU2512,short,13,%B9%E2%B4%F3%C6%DA%BB%F5,955,-290.0,光大期货
2025-12-02,CU2512,short,14,%BB%AA%CC%A9%C6%DA%BB%F5,935,-35.0,华泰期货
2025-12-02,CU2512,short,15,%D0%C2%BA%FE%C6%DA%BB%F5,885,125.0,新湖期货
2025-12-02,CU2512,short,16,%BD%A8%D0%C5%C6%DA%BB%F5,840,-195.0,建信期货
2025-12-02,CU2512,short,17,%D6%D0%D2%F8%C6%DA%BB%F5,810,-215.0,中银期货
2025-12-02,CU2512,short,18,%D7%CF%BD%F0%CC%EC%B7%E7,710,-30.0,紫金天风
2025-12-02,CU2512,short,19,%C2%F5%BF%C6%C6%DA%BB%F5,690,-65.0,迈科期货
2025-12-02,CU2512,short,20,%B3%A4%B0%B2%C6%DA%BB%F5,660,10.0,长安期货
2025-12-02,CU2512,short,999,TOTAL,32000,,TOTAL
2025-12-03,CU2512,volume,1,%D6%D0%D0%C5%C6%DA%BB%F5,3585,640.0,中信期货
2025-12-03,CU2512,volume,2,%B6%AB%D6%A4%C6%DA%BB%F5,3410,-735.0,东证期货
2025-12-03,CU2512,volume,3,%BD%F0%C8%F0%C6%DA%BB%F5,1885,-935.0,金瑞期货
2025-12-03,CU2512,volume,4,%B9%FA%CC%A9%BE%FD%B0%B2,1690,-100.0,国泰君安
2025-12-03,CU2512,volume,5,%BD%A8%D0%C5%C6%DA%BB%F5,1610,750.0,建信期货
2025-12-03,CU2512,volume,6,%D2%F8%BA%D3%C6%DA%BB%F5,1565,-265.0,银河期货
2025-12-03,CU2512,volume,7,%D6%D0%CC%A9%C6%DA%BB%F5,1375,470.0,中泰期货
2025-12-03,CU2512,volume,8,%B9%FA%C3%B3%C6%DA%BB%F5,1335,215.0,国贸期货
2025-12-03,CU2512,volume,9,%C9%EA%CD%F2%C6%DA%BB%F5,1200,940.0,申万期货
2025-12-03,CU2512,volume,10,%D4%C6%B3%BF%C6%DA%BB%F5,1165,-1730.0,云晨期货
2025-12-03,CU2512,volume,11,%B9%FA%C1%AA%C6%DA%BB%F5,1015,-120.0,国联期货
2025-12-03,CU2512,volume,12,%B9%E2%B4%F3%C6%DA%BB%F5,955,30.0,光大期货
2025-12-03,CU2512,volume,13,%CD%AD%B9%DA%BD%F0%D4%B4,940,0.0,铜冠金源
2025-12-03,CU2512,volume,14,%D2%BB%B5%C2%C6%DA%BB%F5,835,295.0,一德期货
2025-12-03,CU2512,volume,15,%B9%E3%B7%A2%C6%DA%BB%F5,780,-385.0,广发期货
2025-12-03,CU2512,volume,16,%D7%CF%BD%F0%CC%EC%B7%E7,720,-525.0,紫金天风
2025-12-03,CU2512,volume,17,%D6%D0%C1%B8%C6%DA%BB%F5,645,165.0,中粮期货
2025-12-03,CU2512,volume,18,%BB%AA%CE%C5%C6%DA%BB%F5,455,-515.0,华闻期货
2025-12-03,CU2512,volume,19,%D5%E3%C9%CC%C6%DA%BB%F5,425,-50.0,浙商期货
2025-12-03,CU2512,volume,20,%CE%EF%B2%FA%D6%D0%B4%F3,420,60.0,物产中大
2025-12-03,CU2512,volume,999,TOTAL,26010,,TOTAL
2025-12-03,CU2512,long,1,%D2%F8%BA%D3%C6%DA%BB%F5,4830,-125.0,银河期货
2025-12-03,CU2512,long,2,%D4%C6%B3%BF%C6%DA%BB%F5,4380,225.0,云晨期货
2025-12-03,CU2512,long,3,%B9%FA%CC%A9%BE%FD%B0%B2,3610,-390.0,国泰君安
2025-12-03,CU2512,long,4,%CD%AD%B9%DA%BD%F0%D4%B4,3490,-310.0,铜冠金源
2025-12-03,CU2512,long,5,%BD%F0%C8%F0%C6%DA%BB%F5,3320,-375.0,金瑞期货
2025-12-03,CU2512,long,6,%CE%E5%BF%F3%C6%DA%BB%F5,2090,-10.0,五矿期货
2025-12-03,CU2512,long,7,%B9%E3%B7%A2%C6%DA%BB%F5,1780,230.0,广发期货
2025-12-03,CU2512,long,8,%D6%D0%D0%C5%C6%DA%BB%F5,1380,-255.0,中信期货
2025-12-03,CU2512,long,9,%C8%F0%B4%EF%C6%DA%BB%F5,1370,-135.0,瑞达期货
2025-12-03,CU2512,long,10,%B6%AB%CE%E2%C6%DA%BB%F5,1240,0.0,东吴期货
2025-12-03,CU2512,long,11,%BD%A8%D0%C5%C6%DA%BB%F5,1085,-830.0,建信期货
2025-12-03,CU2512,long,12,%C9%EA%CD%F2%C6%DA%BB%F5,1010,990.0,申万期货
2025-12-03,CU2512,long,13,%D6%D0%C1%B8%C6%DA%BB%F5,795,-645.0,中粮期货
2025-12-03,CU2512,long,14,%B3%A4%BD%AD%C6%DA%BB%F5,760,0.0,长江期货
2025-12-03,CU2512,long,15,%D7%CF%BD%F0%CC%EC%B7%E7,750,-310.0,紫金天风
2025-12-03,CU2512,long,16,%D6%D0%CC%A9%C6%DA%BB%F5,675,400.0,中泰期货
2025-12-03,CU2512,long,17,%B9%E2%B4%F3%C6%DA%BB%F5,670,-35.0,光大期货
2025-12-03,CU2512,long,18,%D2%BB%B5%C2%C6%DA%BB%F5,615,-60.0,一德期货
2025-12-03,CU2512,long,19,%B6%AB%D6%A4%C6%DA%BB%F5,525,-295.0,东证期货
2025-12-03,CU2512,long,20,%BB%AA%CC%A9%C6%DA%BB%F5,480,-225.0,华泰期货
2025-12-03,CU2512,long,999,TOTAL,34855,,TOTAL
2025-12-03,CU2512,short,1,%D6%D0%D0%C5%C6%DA%BB%F5,4805,-360.0,中信期货
2025-12-03,CU2512,short,2,%BD%F0%C8%F0%C6%DA%BB%F5,3450,-90.0,金瑞期货
2025-12-03,CU2512,short,3,%B9%FA%C3%B3%C6%DA%BB%F5,2715,-125.0,国贸期货
2025-12-03,CU2512,short,4,%B9%FA%CC%A9%BE%FD%B0%B2,2265,-200.0,国泰君安
2025-12-03,CU2512,short,5,%D2%F8%BA%D3%C6%DA%BB%F5,1975,-280.0,银河期货
2025-12-03,CU2512,short,6,%B6%AB%D6%A4%C6%DA%BB%F5,1360,-715.0,东证期货
2025-12-03,CU2512,short,7,%D4%C6%B3%BF%C6%DA%BB%F5,1355,-30.0,云晨期货
2025-12-03,CU2512,short,8,%C4%CF%BB%AA%C6%DA%BB%F5,1285,20.0,南华期货
2025-12-03,CU2512,short,9,%CE%E5%BF%F3%C6%DA%BB%F5,1180,-30.0,五矿期货
2025-12-03,CU2512,short,10,%D6%D0%C1%B8%C6%DA%BB%F5,1105,0.0,中粮期货
2025-12-03,CU2512,short,11,%B9%FA%CD%B6%C6%DA%BB%F5,1075,45.0,国投期货
2025-12-03,CU2512,short,12,%B9%E2%B4%F3%C6%DA%BB%F5,1005,50.0,光大期货
2025-12-03,CU2512,short,13,%D0%C2%BA%FE%C6%DA%BB%F5,905,20.0,新湖期货
2025-12-03,CU2512,short,14,%BB%AA%CC%A9%C6%DA%BB%F5,890,-45.0,华泰期货
2025-12-03,CU2512,short,15,%CD%AD%B9%DA%BD%F0%D4%B4,860,-320.0,铜冠金源
2025-12-03,CU2512,short,16,%D7%CF%BD%F0%CC%EC%B7%E7,850,140.0,紫金天风
2025-12-03,CU2512,short,17,%B3%A4%B0%B2%C6%DA%BB%F5,660,0.0,长安期货
2025-12-03,CU2512,short,18,%C2%F5%BF%C6%C6%DA%BB%F5,635,-55.0,迈科期货
2025-12-03,CU2512,short,19,%D6%D0%D2%F8%C6%DA%BB%F5,585,-225.0,中银期货
2025-12-03,CU2512,short,20,%BD%A8%D0%C5%C6%DA%BB%F5,540,-300.0,建信期货
2025-12-03,CU2512,short,999,TOTAL,29500,,TOTAL
2025-12-24,CU2601,volume,1,%B9%FA%CC%A9%BE%FD%B0%B2,14214,3716.0,国泰君安
2025-12-24,CU2601,volume,2,%B6%AB%D6%A4%C6%DA%BB%F5,14019,4628.0,东证期货
2025-12-24,CU2601,volume,3,%D6%D0%D0%C5%C6%DA%BB%F5,13137,7039.0,中信期货
2025-12-24,CU2601,volume,4,%D6%D0%CC%A9%C6%DA%BB%F5,9612,6071.0,中泰期货
2025-12-24,CU2601,volume,5,%D5%E3%C9%CC%C6%DA%BB%F5,7377,4195.0,浙商期货
2025-12-24,CU2601,volume,6,%BD%F0%C8%F0%C6%DA%BB%F5,6182,2706.0,金瑞期货
2025-12-24,CU2601,volume,7,%D2%F8%BA%D3%C6%DA%BB%F5,5576,3271.0,银河期货
2025-12-24,CU2601,volume,8,%B9%E3%B7%A2%C6%DA%BB%F5,4795,3049.0,广发期货
2025-12-24,CU2601,volume,9,%B9%FA%C3%B3%C6%DA%BB%F5,4222,2592.0,国贸期货
2025-12-24,CU2601,volume,10,%BB%AA%CC%A9%C6%DA%BB%F5,4013,-265.0,华泰期货
2025-12-24,CU2601,volume,11,%BA%A3%CD%A8%C6%DA%BB%F5,3314,2418.0,海通期货
2025-12-24,CU2601,volume,12,%B9%FA%CD%B6%C6%DA%BB%F5,3134,2669.0,国投期货
2025-12-24,CU2601,volume,13,%D6%D0%D0%C5%BD%A8%CD%B6,3092,1930.0,中信建投
2025-12-24,CU2601,volume,14,%BD%F2%CD%B6%C6%DA%BB%F5,3044,2356.0,津投期货
2025-12-24,CU2601,volume,15,%C9%EA%CD%F2%C6%DA%BB%F5,2384,1389.0,申万期货
2025-12-24,CU2601,volume,16,%D0%C2%BA%FE%C6%DA%BB%F5,2291,1556.0,新湖期货
2025-12-24,CU2601,volume,17,%B9%FA%D4%AA%C6%DA%BB%F5,2225,1227.0,国元期货
2025-12-24,CU2601,volume,18,%B9%FA%D0%C5%C6%DA%BB%F5,2224,593.0,国信期货
2025-12-24,CU2601,volume,19,%D7%CF%BD%F0%CC%EC%B7%E7,2072,1423.0,紫金天风
2025-12-24,CU2601,volume,20,%B9%E2%B4%F3%C6%DA%BB%F5,2044,737.0,光大期货
2025-12-24,CU2601,volume,999,TOTAL,108971,,TOTAL
2025-12-24,CU2601,long,1,%D6%D0%D0%C5%C6%DA%BB%F5,11520,-681.0,中信期货
2025-12-24,CU2601,long,2,%B9%FA%CC%A9%BE%FD%B0%B2,9899,-909.0,国泰君安
2025-12-24,CU2601,long,3,%BD%F0%C8%F0%C6%DA%BB%F5,9877,-184.0,金瑞期货
2025-12-24,CU2601,long,4,%D2%F8%BA%D3%C6%DA%BB%F5,6824,-226.0,银河期货
2025-12-24,CU2601,long,5,%CD%AD%B9%DA%BD%F0%D4%B4,4213,-355.0,铜冠金源
2025-12-24,CU2601,long,6,%CE%E5%BF%F3%C6%DA%BB%F5,3113,-562.0,五矿期货
2025-12-24,CU2601,long,7,%B6%AB%D6%A4%C6%DA%BB%F5,2829,-120.0,东证期货
2025-12-24,CU2601,long,8,%BA%EA%D4%B4%C6%DA%BB%F5,2632,527.0,宏源期货
2025-12-24,CU2601,long,9,%B9%E3%B7%A2%C6%DA%BB%F5,2268,385.0,广发期货
2025-12-24,CU2601,long,10,%B6%AB%CE%E2%C6%DA%BB%F5,2108,-205.0,东吴期货
2025-12-24,CU2601,long,11,%D4%C6%B3%BF%C6%DA%BB%F5,1963,-544.0,云晨期货
2025-12-24,CU2601,long,12,%B9%FA%C1%AA%C6%DA%BB%F5,1900,-545.0,国联期货
2025-12-24,CU2601,long,13,%D7%CF%BD%F0%CC%EC%B7%E7,1818,-1396.0,紫金天风
2025-12-24,CU2601,long,14,%B9%FA%CD%B6%C6%DA%BB%F5,1716,-32.0,国投期货
2025-12-24,CU2601,long,15,%BB%AA%CC%A9%C6%DA%BB%F5,1695,-439.0,华泰期货
2025-12-24,CU2601,long,16,%D6%D0%B2%C6%C6%DA%BB%F5,1358,-97.0,中财期货
2025-12-24,CU2601,long,17,%B9%E2%B4%F3%C6%DA%BB%F5,1346,-136.0,光大期货
2025-12-24,CU2601,long,18,%C8%F0%B4%EF%C6%DA%BB%F5,1290,-372.0,瑞达期货
2025-12-24,CU2601,long,19,%D3%C0%B0%B2%C6%DA%BB%F5,1289,-160.0,永安期货
2025-12-24,CU2601,long,20,%B9%FA%D0%C5%C6%DA%BB%F5,1243,-255.0,国信期货
2025-12-24,CU2601,long,999,TOTAL,70901,,TOTAL
2025-12-24,CU2601,short,1,%D6%D0%D0%C5%C6%DA%BB%F5,9526,-2155.0,中信期货
2025-12-24,CU2601,short,2,%BD%F0%C8%F0%C6%DA%BB%F5,8604,-518.0,金瑞期货
2025-12-24,CU2601,short,3,%B9%FA%CC%A9%BE%FD%B0%B2,5819,651.0,国泰君安
2025-12-24,CU2601,short,4,%B6%AB%D6%A4%C6%DA%BB%F5,5814,-39.0,东证期货
2025-12-24,CU2601,short,5,%CE%E5%BF%F3%C6%DA%BB%F5,4352,13.0,五矿期货
2025-12-24,CU2601,short,6,%B9%E2%B4%F3%C6%DA%BB%F5,3673,27.0,光大期货
2025-12-24,CU2601,short,7,%B9%FA%CD%B6%C6%DA%BB%F5,3021,317.0,国投期货
2025-12-24,CU2601,short,8,%D7%CF%BD%F0%CC%EC%B7%E7,2972,-154.0,紫金天风
2025-12-24,CU2601,short,9,%BB%AA%CC%A9%C6%DA%BB%F5,2960,-416.0,华泰期货
2025-12-24,CU2601,short,10,%D0%C2%BA%FE%C6%DA%BB%F5,2696,-93.0,新湖期货
2025-12-24,CU2601,short,11,%D2%F8%BA%D3%C6%DA%BB%F5,2444,-454.0,银河期货
2025-12-24,CU2601,short,12,%CD%AD%B9%DA%BD%F0%D4%B4,2122,402.0,铜冠金源
2025-12-24,CU2601,short,13,%C4%CF%BB%AA%C6%DA%BB%F5,1935,-55.0,南华期货
2025-12-24,CU2601,short,14,%B9%FA%C3%B3%C6%DA%BB%F5,1879,-1157.0,国贸期货
2025-12-24,CU2601,short,15,%D6%D0%D0%C5%BD%A8%CD%B6,1856,452.0,中信建投
2025-12-24,CU2601,short,16,%D5%E3%C9%CC%C6%DA%BB%F5,1770,199.0,浙商期货
2025-12-24,CU2601,short,17,%D0%CB%D2%B5%C6%DA%BB%F5,1748,-285.0,兴业期货
2025-12-24,CU2601,short,18,%BA%EB%D2%B5%C6%DA%BB%F5,1747,-415.0,弘业期货
2025-12-24,CU2601,short,19,%B7%BD%D5%FD%D6%D0%C6%DA,1720,-234.0,方正中期
2025-12-24,CU2601,short,20,%D6%D0%C1%B8%C6%DA%BB%F5,1634,-106.0,中粮期货
2025-12-24,CU2601,short,999,TOTAL,68292,,TOTAL
2025-12-29,CU2601,volume,1,%B9%FA%CC%A9%BE%FD%B0%B2,14848,6209.0,国泰君安
2025-12-29,CU2601,volume,2,%B6%AB%D6%A4%C6%DA%BB%F5,13992,2918.0,东证期货
2025-12-29,CU2601,volume,3,%D6%D0%D0%C5%C6%DA%BB%F5,11632,2270.0,中信期货
2025-12-29,CU2601,volume,4,%BD%F0%C8%F0%C6%DA%BB%F5,11161,5862.0,金瑞期货
2025-12-29,CU2601,volume,5,%D2%F8%BA%D3%C6%DA%BB%F5,7186,3873.0,银河期货
2025-12-29,CU2601,volume,6,%B9%E3%B7%A2%C6%DA%BB%F5,4408,1000.0,广发期货
2025-12-29,CU2601,volume,7,%B9%E2%B4%F3%C6%DA%BB%F5,3627,2222.0,光大期货
2025-12-29,CU2601,volume,8,%CE%E5%BF%F3%C6%DA%BB%F5,3437,2335.0,五矿期货
2025-12-29,CU2601,volume,9,%D0%C2%BA%FE%C6%DA%BB%F5,3341,1518.0,新湖期货
2025-12-29,CU2601,volume,10,%B9%FA%C3%B3%C6%DA%BB%F5,2967,1402.0,国贸期货
2025-12-29,CU2601,volume,11,%BB%AA%CC%A9%C6%DA%BB%F5,2495,-979.0,华泰期货
2025-12-29,CU2601,volume,12,%BA%A3%CD%A8%C6%DA%BB%F5,2152,624.0,海通期货
2025-12-29,CU2601,volume,13,%B7%BD%D5%FD%D6%D0%C6%DA,1941,549.0,方正中期
2025-12-29,CU2601,volume,14,%C9%EA%CD%F2%C6%DA%BB%F5,1825,3.0,申万期货
2025-12-29,CU2601,volume,15,%D5%E3%C9%CC%C6%DA%BB%F5,1621,-2887.0,浙商期货
2025-12-29,CU2601,volume,16,%BB%AA%CE%C5%C6%DA%BB%F5,1551,293.0,华闻期货
2025-12-29,CU2601,volume,17,%B9%FA%CD%B6%C6%DA%BB%F5,1522,1055.0,国投期货
2025-12-29,CU2601,volume,18,%C4%CF%BB%AA%C6%DA%BB%F5,1451,17.0,南华期货
2025-12-29,CU2601,volume,19,%D6%D0%B2%C6%C6%DA%BB%F5,1412,1087.0,中财期货
2025-12-29,CU2601,volume,20,%CD%AD%B9%DA%BD%F0%D4%B4,1293,-305.0,铜冠金源
2025-12-29,CU2601,volume,999,TOTAL,93862,,TOTAL
2025-12-29,CU2601,long,1,%D6%D0%D0%C5%C6%DA%BB%F5,8654,-1082.0,中信期货
2025-12-29,CU2601,long,2,%B9%FA%CC%A9%BE%FD%B0%B2,6303,-1269.0,国泰君安
2025-12-29,CU2601,long,3,%BD%F0%C8%F0%C6%DA%BB%F5,6294,-2911.0,金瑞期货
2025-12-29,CU2601,long,4,%D2%F8%BA%D3%C6%DA%BB%F5,5695,-1446.0,银河期货
2025-12-29,CU2601,long,5,%CD%AD%B9%DA%BD%F0%D4%B4,4029,109.0,铜冠金源
2025-12-29,CU2601,long,6,%CE%E5%BF%F3%C6%DA%BB%F5,2829,-689.0,五矿期货
2025-12-29,CU2601,long,7,%B9%E3%B7%A2%C6%DA%BB%F5,2761,-236.0,广发期货
2025-12-29,CU2601,long,8,%D4%C6%B3%BF%C6%DA%BB%F5,2277,14.0,云晨期货
2025-12-29,CU2601,long,9,%B6%AB%CE%E2%C6%DA%BB%F5,2017,24.0,东吴期货
2025-12-29,CU2601,long,10,%D7%CF%BD%F0%CC%EC%B7%E7,1753,-44.0,紫金天风
2025-12-29,CU2601,long,11,%B9%E2%B4%F3%C6%DA%BB%F5,1711,-236.0,光大期货
2025-12-29,CU2601,long,12,%B8%F1%C1%D6%B4%F3%BB%AA,966,-15.0,格林大华
2025-12-29,CU2601,long,13,%BB%AA%CC%A9%C6%DA%BB%F5,882,-267.0,华泰期货
2025-12-29,CU2601,long,14,%C9%BD%BD%F0%C6%DA%BB%F5,760,-8.0,山金期货
2025-12-29,CU2601,long,15,%B9%FA%C1%AA%C6%DA%BB%F5,757,-32.0,国联期货
2025-12-29,CU2601,long,16,%B6%AB%D6%A4%C6%DA%BB%F5,750,-1115.0,东证期货
2025-12-29,CU2601,long,17,%BA%A3%CD%A8%C6%DA%BB%F5,727,54.0,海通期货
2025-12-29,CU2601,long,18,%BA%EB%D2%B5%C6%DA%BB%F5,705,-16.0,弘业期货
2025-12-29,CU2601,long,19,%B3%A4%BD%AD%C6%DA%BB%F5,644,-48.0,长江期货
2025-12-29,CU2601,long,20,%C8%F0%B4%EF%C6%DA%BB%F5,626,-130.0,瑞达期货
2025-12-29,CU2601,long,999,TOTAL,51140,,TOTAL
2025-12-29,CU2601,short,1,%BD%F0%C8%F0%C6%DA%BB%F5,6165,-3200.0,金瑞期货
2025-12-29,CU2601,short,2,%D6%D0%D0%C5%C6%DA%BB%F5,5492,-822.0,中信期货
2025-12-29,CU2601,short,3,%CE%E5%BF%F3%C6%DA%BB%F5,4513,358.0,五矿期货
2025-12-29,CU2601,short,4,%B9%FA%CC%A9%BE%FD%B0%B2,3790,-1139.0,国泰君安
2025-12-29,CU2601,short,5,%B9%FA%CD%B6%C6%DA%BB%F5,2977,843.0,国投期货
2025-12-29,CU2601,short,6,%D7%CF%BD%F0%CC%EC%B7%E7,2861,-20.0,紫金天风
2025-12-29,CU2601,short,7,%CD%AD%B9%DA%BD%F0%D4%B4,2808,206.0,铜冠金源
2025-12-29,CU2601,short,8,%B6%AB%D6%A4%C6%DA%BB%F5,2411,-657.0,东证期货
2025-12-29,CU2601,short,9,%D2%F8%BA%D3%C6%DA%BB%F5,2120,-514.0,银河期货
2025-12-29,CU2601,short,10,%B9%E2%B4%F3%C6%DA%BB%F5,2113,-591.0,光大期货
2025-12-29,CU2601,short,11,%B9%FA%C3%B3%C6%DA%BB%F5,2028,58.0,国贸期货
2025-12-29,CU2601,short,12,%D0%C2%BA%FE%C6%DA%BB%F5,1651,-832.0,新湖期货
2025-12-29,CU2601,short,13,%D0%CB%D2%B5%C6%DA%BB%F5,1622,2.0,兴业期货
2025-12-29,CU2601,short,14,%B7%BD%D5%FD%D6%D0%C6%DA,1330,-210.0,方正中期
2025-12-29,CU2601,short,15,%D6%D0%C1%B8%C6%DA%BB%F5,1261,-6.0,中粮期货
2025-12-29,CU2601,short,16,%B9%E3%B7%A2%C6%DA%BB%F5,1260,-230.0,广发期货
2025-12-29,CU2601,short,17,%BB%AA%CC%A9%C6%DA%BB%F5,1156,-392.0,华泰期货
2025-12-29,CU2601,short,18,%B3%A4%BD%AD%C6%DA%BB%F5,1125,-260.0,长江期货
2025-12-29,CU2601,short,19,%C4%CF%BB%AA%C6%DA%BB%F5,1050,-298.0,南华期货
2025-12-29,CU2601,short,20,%C2%F5%BF%C6%C6%DA%BB%F5,996,0.0,迈科期货
2025-12-29,CU2601,short,999,TOTAL,48729,,TOTAL
2025-12-30,CU2601,volume,1,%D6%D0%D0%C5%C6%DA%BB%F5,13991,2359.0,中信期货
2025-12-30,CU2601,volume,2,%B9%FA%CC%A9%BE%FD%B0%B2,11765,-3083.0,国泰君安
2025-12-30,CU2601,volume,3,%BD%F0%C8%F0%C6%DA%BB%F5,10480,-681.0,金瑞期货
2025-12-30,CU2601,volume,4,%B6%AB%D6%A4%C6%DA%BB%F5,10265,-3727.0,东证期货
2025-12-30,CU2601,volume,5,%D2%F8%BA%D3%C6%DA%BB%F5,5579,-1607.0,银河期货
2025-12-30,CU2601,volume,6,%B9%E2%B4%F3%C6%DA%BB%F5,3765,138.0,光大期货
2025-12-30,CU2601,volume,7,%D0%C2%BA%FE%C6%DA%BB%F5,3760,419.0,新湖期货
2025-12-30,CU2601,volume,8,%B9%E3%B7%A2%C6%DA%BB%F5,3433,-975.0,广发期货
2025-12-30,CU2601,volume,9,%B9%FA%C3%B3%C6%DA%BB%F5,3276,309.0,国贸期货
2025-12-30,CU2601,volume,10,%CE%E5%BF%F3%C6%DA%BB%F5,2302,-1135.0,五矿期货
2025-12-30,CU2601,volume,11,%D4%C6%B3%BF%C6%DA%BB%F5,1816,1584.0,云晨期货
2025-12-30,CU2601,volume,12,%B7%BD%D5%FD%D6%D0%C6%DA,1814,-127.0,方正中期
2025-12-30,CU2601,volume,13,%BA%A3%CD%A8%C6%DA%BB%F5,1444,-708.0,海通期货
2025-12-30,CU2601,volume,14,%CE%EF%B2%FA%D6%D0%B4%F3,1358,780.0,物产中大
2025-12-30,CU2601,volume,15,%C4%CF%BB%AA%C6%DA%BB%F5,1269,-182.0,南华期货
2025-12-30,CU2601,volume,16,%BB%AA%CC%A9%C6%DA%BB%F5,1179,-1316.0,华泰期货
2025-12-30,CU2601,volume,17,%D7%CF%BD%F0%CC%EC%B7%E7,1166,566.0,紫金天风
2025-12-30,CU2601,volume,18,%BB%AA%CE%C5%C6%DA%BB%F5,1094,-457.0,华闻期货
2025-12-30,CU2601,volume,19,%D5%E3%C9%CC%C6%DA%BB%F5,995,-626.0,浙商期货
2025-12-30,CU2601,volume,20,%C9%EA%CD%F2%C6%DA%BB%F5,978,-847.0,申万期货
2025-12-30,CU2601,volume,999,TOTAL,81729,,TOTAL
2025-12-30,CU2601,long,1,%D6%D0%D0%C5%C6%DA%BB%F5,7424,-1230.0,中信期货
2025-12-30,CU2601,long,2,%CD%AD%B9%DA%BD%F0%D4%B4,4083,54.0,铜冠金源
2025-12-30,CU2601,long,3,%D2%F8%BA%D3%C6%DA%BB%F5,3995,-1700.0,银河期货
2025-12-30,CU2601,long,4,%B9%FA%CC%A9%BE%FD%B0%B2,3974,-2329.0,国泰君安
2025-12-30,CU2601,long,5,%CE%E5%BF%F3%C6%DA%BB%F5,3139,310.0,五矿期货
2025-12-30,CU2601,long,6,%BD%F0%C8%F0%C6%DA%BB%F5,2816,-3478.0,金瑞期货
2025-12-30,CU2601,long,7,%B9%E3%B7%A2%C6%DA%BB%F5,2187,-574.0,广发期货
2025-12-30,CU2601,long,8,%B6%AB%CE%E2%C6%DA%BB%F5,1824,-193.0,东吴期货
2025-12-30,CU2601,long,9,%D4%C6%B3%BF%C6%DA%BB%F5,1675,-602.0,云晨期货
2025-12-30,CU2601,long,10,%B9%E2%B4%F3%C6%DA%BB%F5,1122,-589.0,光大期货
2025-12-30,CU2601,long,11,%D7%CF%BD%F0%CC%EC%B7%E7,888,-865.0,紫金天风
2025-12-30,CU2601,long,12,%C4%CF%BB%AA%C6%DA%BB%F5,746,258.0,南华期货
2025-12-30,CU2601,long,13,%BA%EB%D2%B5%C6%DA%BB%F5,710,5.0,弘业期货
2025-12-30,CU2601,long,14,%D6%D0%BA%BD%C6%DA%BB%F5,646,73.0,中航期货
2025-12-30,CU2601,long,15,%B9%FA%C1%AA%C6%DA%BB%F5,644,-113.0,国联期货
2025-12-30,CU2601,long,16,%B6%AB%D6%A4%C6%DA%BB%F5,639,-111.0,东证期货
2025-12-30,CU2601,long,17,%C9%BD%BD%F0%C6%DA%BB%F5,631,-129.0,山金期货
2025-12-30,CU2601,long,18,%BB%AA%CC%A9%C6%DA%BB%F5,626,-256.0,华泰期货
2025-12-30,CU2601,long,19,%C8%F0%B4%EF%C6%DA%BB%F5,615,-11.0,瑞达期货
2025-12-30,CU2601,long,20,%B3%A4%BD%AD%C6%DA%BB%F5,537,-107.0,长江期货
2025-12-30,CU2601,long,999,TOTAL,38921,,TOTAL
2025-12-30,CU2601,short,1,%D6%D0%D0%C5%C6%DA%BB%F5,5261,-231.0,中信期货
2025-12-30,CU2601,short,2,%BD%F0%C8%F0%C6%DA%BB%F5,5053,-1112.0,金瑞期货
2025-12-30,CU2601,short,3,%CE%E5%BF%F3%C6%DA%BB%F5,3823,-690.0,五矿期货
2025-12-30,CU2601,short,4,%B9%FA%CD%B6%C6%DA%BB%F5,2966,-11.0,国投期货
2025-12-30,CU2601,short,5,%B9%FA%CC%A9%BE%FD%B0%B2,2962,-828.0,国泰君安
2025-12-30,CU2601,short,6,%D7%CF%BD%F0%CC%EC%B7%E7,2680,-181.0,紫金天风
2025-12-30,CU2601,short,7,%CD%AD%B9%DA%BD%F0%D4%B4,2640,-168.0,铜冠金源
2025-12-30,CU2601,short,8,%B6%AB%D6%A4%C6%DA%BB%F5,1855,-556.0,东证期货
2025-12-30,CU2601,short,9,%D0%CB%D2%B5%C6%DA%BB%F5,1527,-95.0,兴业期货
2025-12-30,CU2601,short,10,%D2%F8%BA%D3%C6%DA%BB%F5,1449,-671.0,银河期货
2025-12-30,CU2601,short,11,%B9%FA%C3%B3%C6%DA%BB%F5,1416,-612.0,国贸期货
2025-12-30,CU2601,short,12,%D0%C2%BA%FE%C6%DA%BB%F5,1178,-473.0,新湖期货
2025-12-30,CU2601,short,13,%D6%D0%C1%B8%C6%DA%BB%F5,1045,-216.0,中粮期货
2025-12-30,CU2601,short,14,%B3%A4%BD%AD%C6%DA%BB%F5,1034,-91.0,长江期货
2025-12-30,CU2601,short,15,%B7%BD%D5%FD%D6%D0%C6%DA,1027,-303.0,方正中期
2025-12-30,CU2601,short,16,%C2%F5%BF%C6%C6%DA%BB%F5,996,0.0,迈科期货
2025-12-30,CU2601,short,17,%B9%E2%B4%F3%C6%DA%BB%F5,957,-1156.0,光大期货
2025-12-30,CU2601,short,18,%D5%E3%C9%CC%C6%DA%BB%F5,737,-176.0,浙商期货
2025-12-30,CU2601,short,19,%B9%E3%B7%A2%C6%DA%BB%F5,711,-549.0,广发期货
2025-12-30,CU2601,short,20,%C4%CF%BB%AA%C6%DA%BB%F5,691,-359.0,南华期货
2025-12-30,CU2601,short,999,TOTAL,40008,,TOTAL
2025-12-31,CU2601,volume,1,%B6%AB%D6%A4%C6%DA%BB%F5,5932,-4333.0,东证期货
2025-12-31,CU2601,volume,2,%B9%FA%CC%A9%BE%FD%B0%B2,5465,-6300.0,国泰君安
2025-12-31,CU2601,volume,3,%BD%F0%C8%F0%C6%DA%BB%F5,5249,-5231.0,金瑞期货
2025-12-31,CU2601,volume,4,%D6%D0%D0%C5%C6%DA%BB%F5,4191,-9800.0,中信期货
2025-12-31,CU2601,volume,5,%D2%F8%BA%D3%C6%DA%BB%F5,3900,-1679.0,银河期货
2025-12-31,CU2601,volume,6,%D0%C2%BA%FE%C6%DA%BB%F5,2961,-799.0,新湖期货
2025-12-31,CU2601,volume,7,%B9%E3%B7%A2%C6%DA%BB%F5,2188,-1245.0,广发期货
2025-12-31,CU2601,volume,8,%B9%E2%B4%F3%C6%DA%BB%F5,1637,-2128.0,光大期货
2025-12-31,CU2601,volume,9,%B7%BD%D5%FD%D6%D0%C6%DA,1411,-403.0,方正中期
2025-12-31,CU2601,volume,10,%B9%FA%C3%B3%C6%DA%BB%F5,1241,-2035.0,国贸期货
2025-12-31,CU2601,volume,11,%CE%E5%BF%F3%C6%DA%BB%F5,1189,-1113.0,五矿期货
2025-12-31,CU2601,volume,12,%D6%D0%CC%A9%C6%DA%BB%F5,1052,286.0,中泰期货
2025-12-31,CU2601,volume,13,%B9%FA%BA%A3%C1%BC%CA%B1,951,856.0,国海良时
2025-12-31,CU2601,volume,14,%CD%AD%B9%DA%BD%F0%D4%B4,873,-59.0,铜冠金源
2025-12-31,CU2601,volume,15,%D4%C6%B3%BF%C6%DA%BB%F5,838,-978.0,云晨期货
2025-12-31,CU2601,volume,16,%C4%CF%BB%AA%C6%DA%BB%F5,779,-490.0,南华期货
2025-12-31,CU2601,volume,17,%C9%EA%CD%F2%C6%DA%BB%F5,648,-330.0,申万期货
2025-12-31,CU2601,volume,18,%B9%FA%C1%AA%C6%DA%BB%F5,625,-38.0,国联期货
2025-12-31,CU2601,volume,19,%D5%FD%D0%C5%C6%DA%BB%F5,575,532.0,正信期货
2025-12-31,CU2601,volume,20,%BB%AA%CE%C5%C6%DA%BB%F5,567,-527.0,华闻期货
2025-12-31,CU2601,volume,999,TOTAL,42272,,TOTAL
2025-12-31,CU2601,long,1,%D6%D0%D0%C5%C6%DA%BB%F5,6293,-1131.0,中信期货
2025-12-31,CU2601,long,2,%CD%AD%B9%DA%BD%F0%D4%B4,4055,-28.0,铜冠金源
2025-12-31,CU2601,long,3,%B9%FA%CC%A9%BE%FD%B0%B2,3285,-689.0,国泰君安
2025-12-31,CU2601,long,4,%D2%F8%BA%D3%C6%DA%BB%F5,3060,-935.0,银河期货
2025-12-31,CU2601,long,5,%CE%E5%BF%F3%C6%DA%BB%F5,2705,-434.0,五矿期货
2025-12-31,CU2601,long,6,%B9%E3%B7%A2%C6%DA%BB%F5,2110,-77.0,广发期货
2025-12-31,CU2601,long,7,%BD%F0%C8%F0%C6%DA%BB%F5,1850,-966.0,金瑞期货
2025-12-31,CU2601,long,8,%B6%AB%CE%E2%C6%DA%BB%F5,1670,-154.0,东吴期货
2025-12-31,CU2601,long,9,%D4%C6%B3%BF%C6%DA%BB%F5,1245,-430.0,云晨期货
2025-12-31,CU2601,long,10,%B9%E2%B4%F3%C6%DA%BB%F5,940,-182.0,光大期货
2025-12-31,CU2601,long,11,%D7%CF%BD%F0%CC%EC%B7%E7,910,22.0,紫金天风
2025-12-31,CU2601,long,12,%C4%CF%BB%AA%C6%DA%BB%F5,810,64.0,南华期货
2025-12-31,CU2601,long,13,%BD%A8%D0%C5%C6%DA%BB%F5,755,238.0,建信期货
2025-12-31,CU2601,long,14,%C9%BD%BD%F0%C6%DA%BB%F5,630,-1.0,山金期货
2025-12-31,CU2601,long,15,%D6%D0%BA%BD%C6%DA%BB%F5,600,-46.0,中航期货
2025-12-31,CU2601,long,16,%BA%EB%D2%B5%C6%DA%BB%F5,560,-150.0,弘业期货
2025-12-31,CU2601,long,17,%B6%AB%D6%A4%C6%DA%BB%F5,540,-99.0,东证期货
2025-12-31,CU2601,long,18,%D6%D0%C1%B8%C6%DA%BB%F5,535,13.0,中粮期货
2025-12-31,CU2601,long,19,%BB%AA%BD%F0%C6%DA%BB%F5,500,0.0,华金期货
2025-12-31,CU2601,long,20,%BB%AA%CC%A9%C6%DA%BB%F5,465,-161.0,华泰期货
2025-12-31,CU2601,long,999,TOTAL,33518,,TOTAL
2025-12-31,CU2601,short,1,%D6%D0%D0%C5%C6%DA%BB%F5,5005,-256.0,中信期货
2025-12-31,CU2601,short,2,%CE%E5%BF%F3%C6%DA%BB%F5,3520,-303.0,五矿期货
2025-12-31,CU2601,short,3,%B9%FA%CD%B6%C6%DA%BB%F5,2950,-16.0,国投期货
2025-12-31,CU2601,short,4,%BD%F0%C8%F0%C6%DA%BB%F5,2862,-2191.0,金瑞期货
2025-12-31,CU2601,short,5,%CD%AD%B9%DA%BD%F0%D4%B4,2845,205.0,铜冠金源
2025-12-31,CU2601,short,6,%D7%CF%BD%F0%CC%EC%B7%E7,2505,-175.0,紫金天风
2025-12-31,CU2601,short,7,%B9%FA%CC%A9%BE%FD%B0%B2,2440,-522.0,国泰君安
2025-12-31,CU2601,short,8,%B6%AB%D6%A4%C6%DA%BB%F5,1420,-435.0,东证期货
2025-12-31,CU2601,short,9,%B9%FA%C3%B3%C6%DA%BB%F5,1190,-226.0,国贸期货
2025-12-31,CU2601,short,10,%D2%F8%BA%D3%C6%DA%BB%F5,1110,-339.0,银河期货
2025-12-31,CU2601,short,11,%D0%CB%D2%B5%C6%DA%BB%F5,1105,-422.0,兴业期货
2025-12-31,CU2601,short,12,%D6%D0%C1%B8%C6%DA%BB%F5,1030,-15.0,中粮期货
2025-12-31,CU2601,short,13,%C2%F5%BF%C6%C6%DA%BB%F5,995,-1.0,迈科期货
2025-12-31,CU2601,short,14,%B3%A4%BD%AD%C6%DA%BB%F5,980,-54.0,长江期货
2025-12-31,CU2601,short,15,%D0%C2%BA%FE%C6%DA%BB%F5,815,-363.0,新湖期货
2025-12-31,CU2601,short,16,%BD%A8%D0%C5%C6%DA%BB%F5,775,114.0,建信期货
2025-12-31,CU2601,short,17,%B9%E3%B7%A2%C6%DA%BB%F5,730,19.0,广发期货
2025-12-31,CU2601,short,18,%D5%E3%C9%CC%C6%DA%BB%F5,685,-52.0,浙商期货
2025-12-31,CU2601,short,19,%B9%FA%D4%AA%C6%DA%BB%F5,600,62.0,国元期货
2025-12-31,CU2601,short,20,%B9%E2%B4%F3%C6%DA%BB%F5,590,-367.0,光大期货
2025-12-31,CU2601,short,999,TOTAL,34152,,TOTAL
2026-01-05,CU2601,volume,1,%D6%D0%D0%C5%C6%DA%BB%F5,7533,3342.0,中信期货
2026-01-05,CU2601,volume,2,%B6%AB%D6%A4%C6%DA%BB%F5,4280,-1652.0,东证期货
2026-01-05,CU2601,volume,3,%BD%F0%C8%F0%C6%DA%BB%F5,3867,-1382.0,金瑞期货
2026-01-05,CU2601,volume,4,%B9%FA%C3%B3%C6%DA%BB%F5,2810,1569.0,国贸期货
2026-01-05,CU2601,volume,5,%D2%F8%BA%D3%C6%DA%BB%F5,2670,-1230.0,银河期货
2026-01-05,CU2601,volume,6,%B9%FA%CC%A9%BE%FD%B0%B2,2665,-2800.0,国泰君安
2026-01-05,CU2601,volume,7,%D7%CF%BD%F0%CC%EC%B7%E7,2345,2146.0,紫金天风
2026-01-05,CU2601,volume,8,%D6%D0%CC%A9%C6%DA%BB%F5,2255,1203.0,中泰期货
2026-01-05,CU2601,volume,9,%CD%AD%B9%DA%BD%F0%D4%B4,1895,1022.0,铜冠金源
2026-01-05,CU2601,volume,10,%D0%C2%BA%FE%C6%DA%BB%F5,1710,-1251.0,新湖期货
2026-01-05,CU2601,volume,11,%BB%AA%CE%C5%C6%DA%BB%F5,1640,1073.0,华闻期货
2026-01-05,CU2601,volume,12,%B9%E2%B4%F3%C6%DA%BB%F5,1585,-52.0,光大期货
2026-01-05,CU2601,volume,13,%C9%EA%CD%F2%C6%DA%BB%F5,1585,937.0,申万期货
2026-01-05,CU2601,volume,14,%D4%C6%B3%BF%C6%DA%BB%F5,1425,587.0,云晨期货
2026-01-05,CU2601,volume,15,%CE%E5%BF%F3%C6%DA%BB%F5,1160,-29.0,五矿期货
2026-01-05,CU2601,volume,16,%B9%E3%B7%A2%C6%DA%BB%F5,1045,-1143.0,广发期货
2026-01-05,CU2601,volume,17,%D5%E3%C9%CC%C6%DA%BB%F5,935,459.0,浙商期货
2026-01-05,CU2601,volume,18,%B9%FA%CD%B6%C6%DA%BB%F5,725,374.0,国投期货
2026-01-05,CU2601,volume,19,%B7%BD%D5%FD%D6%D0%C6%DA,580,-831.0,方正中期
2026-01-05,CU2601,volume,20,%BD%A8%D0%C5%C6%DA%BB%F5,485,35.0,建信期货
2026-01-05,CU2601,volume,999,TOTAL,43195,,TOTAL
2026-01-05,CU2601,long,1,%B9%FA%CC%A9%BE%FD%B0%B2,3895,610.0,国泰君安
2026-01-05,CU2601,long,2,%CD%AD%B9%DA%BD%F0%D4%B4,3375,-680.0,铜冠金源
2026-01-05,CU2601,long,3,%BD%F0%C8%F0%C6%DA%BB%F5,3035,1185.0,金瑞期货
2026-01-05,CU2601,long,4,%D2%F8%BA%D3%C6%DA%BB%F5,2840,-220.0,银河期货
2026-01-05,CU2601,long,5,%D6%D0%D0%C5%C6%DA%BB%F5,2790,-3503.0,中信期货
2026-01-05,CU2601,long,6,%CE%E5%BF%F3%C6%DA%BB%F5,2415,-290.0,五矿期货
2026-01-05,CU2601,long,7,%B9%E3%B7%A2%C6%DA%BB%F5,2105,-5.0,广发期货
2026-01-05,CU2601,long,8,%D4%C6%B3%BF%C6%DA%BB%F5,2075,830.0,云晨期货
2026-01-05,CU2601,long,9,%B6%AB%CE%E2%C6%DA%BB%F5,1660,-10.0,东吴期货
2026-01-05,CU2601,long,10,%B9%E2%B4%F3%C6%DA%BB%F5,1010,70.0,光大期货
2026-01-05,CU2601,long,11,%BD%A8%D0%C5%C6%DA%BB%F5,810,55.0,建信期货
2026-01-05,CU2601,long,12,%B6%AB%D6%A4%C6%DA%BB%F5,685,145.0,东证期货
2026-01-05,CU2601,long,13,%C4%CF%BB%AA%C6%DA%BB%F5,680,-130.0,南华期货
2026-01-05,CU2601,long,14,%D6%D0%BA%BD%C6%DA%BB%F5,625,25.0,中航期货
2026-01-05,CU2601,long,15,%D6%D0%C1%B8%C6%DA%BB%F5,545,10.0,中粮期货
2026-01-05,CU2601,long,16,%BB%AA%BD%F0%C6%DA%BB%F5,500,0.0,华金期货
2026-01-05,CU2601,long,17,%BA%EB%D2%B5%C6%DA%BB%F5,470,-90.0,弘业期货
2026-01-05,CU2601,long,18,%B3%A4%BD%AD%C6%DA%BB%F5,435,20.0,长江期货
2026-01-05,CU2601,long,19,%B8%F1%C1%D6%B4%F3%BB%AA,395,-5.0,格林大华
2026-01-05,CU2601,long,20,%C9%BD%BD%F0%C6%DA%BB%F5,360,-270.0,山金期货
2026-01-05,CU2601,long,999,TOTAL,30705,,TOTAL
2026-01-05,CU2601,short,1,%D6%D0%D0%C5%C6%DA%BB%F5,4285,-720.0,中信期货
2026-01-05,CU2601,short,2,%CD%AD%B9%DA%BD%F0%D4%B4,3260,415.0,铜冠金源
2026-01-05,CU2601,short,3,%CE%E5%BF%F3%C6%DA%BB%F5,2810,-710.0,五矿期货
2026-01-05,CU2601,short,4,%B9%FA%CD%B6%C6%DA%BB%F5,2605,-345.0,国投期货
2026-01-05,CU2601,short,5,%BD%F0%C8%F0%C6%DA%BB%F5,2460,-402.0,金瑞期货
2026-01-05,CU2601,short,6,%D7%CF%BD%F0%CC%EC%B7%E7,1805,-700.0,紫金天风
2026-01-05,CU2601,short,7,%B9%FA%CC%A9%BE%FD%B0%B2,1525,-915.0,国泰君安
2026-01-05,CU2601,short,8,%D0%C2%BA%FE%C6%DA%BB%F5,1155,340.0,新湖期货
2026-01-05,CU2601,short,9,%D0%CB%D2%B5%C6%DA%BB%F5,1020,-85.0,兴业期货
2026-01-05,CU2601,short,10,%C2%F5%BF%C6%C6%DA%BB%F5,995,0.0,迈科期货
2026-01-05,CU2601,short,11,%D2%F8%BA%D3%C6%DA%BB%F5,970,-140.0,银河期货
2026-01-05,CU2601,short,12,%B3%A4%BD%AD%C6%DA%BB%F5,965,-15.0,长江期货
2026-01-05,CU2601,short,13,%B6%AB%D6%A4%C6%DA%BB%F5,945,-475.0,东证期货
2026-01-05,CU2601,short,14,%B9%FA%C3%B3%C6%DA%BB%F5,880,-310.0,国贸期货
2026-01-05,CU2601,short,15,%D6%D0%C1%B8%C6%DA%BB%F5,735,-295.0,中粮期货
2026-01-05,CU2601,short,16,%BD%A8%D0%C5%C6%DA%BB%F5,605,-170.0,建信期货
2026-01-05,CU2601,short,17,%D5%E3%C9%CC%C6%DA%BB%F5,590,-95.0,浙商期货
2026-01-05,CU2601,short,18,%B9%E2%B4%F3%C6%DA%BB%F5,585,-5.0,光大期货
2026-01-05,CU2601,short,19,%B9%FA%D4%AA%C6%DA%BB%F5,575,-25.0,国元期货
2026-01-05,CU2601,short,20,%B6%AB%CE%E2%C6%DA%BB%F5,570,0.0,东吴期货
2026-01-05,CU2601,short,999,TOTAL,29340,,TOTAL
2026-01-06,CU2601,volume,1,%B6%AB%D6%A4%C6%DA%BB%F5,4215,-65.0,东证期货
2026-01-06,CU2601,volume,2,%D6%D0%D0%C5%C6%DA%BB%F5,3895,-3638.0,中信期货
2026-01-06,CU2601,volume,3,%BD%F0%C8%F0%C6%DA%BB%F5,2700,-1167.0,金瑞期货
2026-01-06,CU2601,volume,4,%D2%F8%BA%D3%C6%DA%BB%F5,2360,-310.0,银河期货
2026-01-06,CU2601,volume,5,%B9%E2%B4%F3%C6%DA%BB%F5,1820,235.0,光大期货
2026-01-06,CU2601,volume,6,%B9%E3%B7%A2%C6%DA%BB%F5,1595,550.0,广发期货
2026-01-06,CU2601,volume,7,%B9%FA%C3%B3%C6%DA%BB%F5,1545,-1265.0,国贸期货
2026-01-06,CU2601,volume,8,%CD%AD%B9%DA%BD%F0%D4%B4,1465,-430.0,铜冠金源
2026-01-06,CU2601,volume,9,%CE%E5%BF%F3%C6%DA%BB%F5,1450,290.0,五矿期货
2026-01-06,CU2601,volume,10,%B9%FA%CC%A9%BE%FD%B0%B2,1375,-1290.0,国泰君安
2026-01-06,CU2601,volume,11,%B9%FA%CD%B6%C6%DA%BB%F5,1355,630.0,国投期货
2026-01-06,CU2601,volume,12,%D6%D0%CC%A9%C6%DA%BB%F5,1055,-1200.0,中泰期货
2026-01-06,CU2601,volume,13,%B6%AB%CE%E2%C6%DA%BB%F5,1010,1000.0,东吴期货
2026-01-06,CU2601,volume,14,%D7%CF%BD%F0%CC%EC%B7%E7,1000,-1345.0,紫金天风
2026-01-06,CU2601,volume,15,%BB%AA%CE%C5%C6%DA%BB%F5,985,-655.0,华闻期货
2026-01-06,CU2601,volume,16,%D4%C6%B3%BF%C6%DA%BB%F5,970,-455.0,云晨期货
2026-01-06,CU2601,volume,17,%D0%C2%BA%FE%C6%DA%BB%F5,930,-780.0,新湖期货
2026-01-06,CU2601,volume,18,%BD%A8%D0%C5%C6%DA%BB%F5,825,340.0,建信期货
2026-01-06,CU2601,volume,19,%C9%EA%CD%F2%C6%DA%BB%F5,805,-780.0,申万期货
2026-01-06,CU2601,volume,20,%D3%C0%B0%B2%C6%DA%BB%F5,585,555.0,永安期货
2026-01-06,CU2601,volume,999,TOTAL,31940,,TOTAL
2026-01-06,CU2601,long,1,%B9%FA%CC%A9%BE%FD%B0%B2,4345,450.0,国泰君安
2026-01-06,CU2601,long,2,%BD%F0%C8%F0%C6%DA%BB%F5,3280,245.0,金瑞期货
2026-01-06,CU2601,long,3,%CD%AD%B9%DA%BD%F0%D4%B4,2815,-560.0,铜冠金源
2026-01-06,CU2601,long,4,%D2%F8%BA%D3%C6%DA%BB%F5,2745,-95.0,银河期货
2026-01-06,CU2601,long,5,%D6%D0%D0%C5%C6%DA%BB%F5,2485,-305.0,中信期货
2026-01-06,CU2601,long,6,%CE%E5%BF%F3%C6%DA%BB%F5,1830,-585.0,五矿期货
2026-01-06,CU2601,long,7,%B9%E3%B7%A2%C6%DA%BB%F5,1810,-295.0,广发期货
2026-01-06,CU2601,long,8,%D4%C6%B3%BF%C6%DA%BB%F5,1375,-700.0,云晨期货
2026-01-06,CU2601,long,9,%B6%AB%CE%E2%C6%DA%BB%F5,1160,-500.0,东吴期货
2026-01-06,CU2601,long,10,%D6%D0%BA%BD%C6%DA%BB%F5,630,5.0,中航期货
2026-01-06,CU2601,long,11,%BB%AA%BD%F0%C6%DA%BB%F5,600,100.0,华金期货
2026-01-06,CU2601,long,12,%D6%D0%C1%B8%C6%DA%BB%F5,580,35.0,中粮期货
2026-01-06,CU2601,long,13,%C9%BD%BD%F0%C6%DA%BB%F5,560,200.0,山金期货
2026-01-06,CU2601,long,14,%C4%CF%BB%AA%C6%DA%BB%F5,540,-140.0,南华期货
2026-01-06,CU2601,long,15,%D7%CF%BD%F0%CC%EC%B7%E7,525,200.0,紫金天风
2026-01-06,CU2601,long,16,%B9%E2%B4%F3%C6%DA%BB%F5,520,-490.0,光大期货
2026-01-06,CU2601,long,17,%BA%EB%D2%B5%C6%DA%BB%F5,470,0.0,弘业期货
2026-01-06,CU2601,long,18,%BD%A8%D0%C5%C6%DA%BB%F5,455,-355.0,建信期货
2026-01-06,CU2601,long,19,%B3%A4%BD%AD%C6%DA%BB%F5,450,15.0,长江期货
2026-01-06,CU2601,long,20,%BB%AA%F6%CE%C6%DA%BB%F5,360,245.0,华鑫期货
2026-01-06,CU2601,long,999,TOTAL,27535,,TOTAL
2026-01-06,CU2601,short,1,%CD%AD%B9%DA%BD%F0%D4%B4,4055,795.0,铜冠金源
2026-01-06,CU2601,short,2,%D6%D0%D0%C5%C6%DA%BB%F5,3855,-430.0,中信期货
2026-01-06,CU2601,short,3,%CE%E5%BF%F3%C6%DA%BB%F5,2995,185.0,五矿期货
2026-01-06,CU2601,short,4,%B9%FA%CC%A9%BE%FD%B0%B2,1610,85.0,国泰君安
2026-01-06,CU2601,short,5,%BD%F0%C8%F0%C6%DA%BB%F5,1575,-885.0,金瑞期货
2026-01-06,CU2601,short,6,%D7%CF%BD%F0%CC%EC%B7%E7,1355,-450.0,紫金天风
2026-01-06,CU2601,short,7,%B9%FA%CD%B6%C6%DA%BB%F5,1340,-1265.0,国投期货
2026-01-06,CU2601,short,8,%C2%F5%BF%C6%C6%DA%BB%F5,995,0.0,迈科期货
2026-01-06,CU2601,short,9,%D2%F8%BA%D3%C6%DA%BB%F5,955,-15.0,银河期货
2026-01-06,CU2601,short,10,%D0%CB%D2%B5%C6%DA%BB%F5,880,-140.0,兴业期货
2026-01-06,CU2601,short,11,%D0%C2%BA%FE%C6%DA%BB%F5,855,-300.0,新湖期货
2026-01-06,CU2601,short,12,%B3%A4%BD%AD%C6%DA%BB%F5,845,-120.0,长江期货
2026-01-06,CU2601,short,13,%B6%AB%D6%A4%C6%DA%BB%F5,835,-110.0,东证期货
2026-01-06,CU2601,short,14,%D6%D0%C1%B8%C6%DA%BB%F5,680,-55.0,中粮期货
2026-01-06,CU2601,short,15,%B9%FA%C3%B3%C6%DA%BB%F5,525,-355.0,国贸期货
2026-01-06,CU2601,short,16,%D5%E3%C9%CC%C6%DA%BB%F5,510,-80.0,浙商期货
2026-01-06,CU2601,short,17,%B9%FA%D4%AA%C6%DA%BB%F5,485,-90.0,国元期货
2026-01-06,CU2601,short,18,%B9%E2%B4%F3%C6%DA%BB%F5,475,-110.0,光大期货
2026-01-06,CU2601,short,19,%BD%A8%D0%C5%C6%DA%BB%F5,465,-140.0,建信期货
2026-01-06,CU2601,short,20,%D6%D0%BD%F0%C1%EB%C4%CF,455,-25.0,中金岭南
2026-01-06,CU2601,short,999,TOTAL,25745,,TOTAL
2026-01-26,CU2602,volume,1,%D6%D0%D0%C5%C6%DA%BB%F5,26679,11035.0,中信期货
2026-01-26,CU2602,volume,2,%B9%FA%CC%A9%BE%FD%B0%B2,16231,6138.0,国泰君安
2026-01-26,CU2602,volume,3,%B6%AB%D6%A4%C6%DA%BB%F5,15223,4362.0,东证期货
2026-01-26,CU2602,volume,4,%BB%AA%CC%A9%C6%DA%BB%F5,11132,6956.0,华泰期货
2026-01-26,CU2602,volume,5,%BD%F0%C8%F0%C6%DA%BB%F5,9451,3799.0,金瑞期货
2026-01-26,CU2602,volume,6,%D5%E3%C9%CC%C6%DA%BB%F5,5778,2305.0,浙商期货
2026-01-26,CU2602,volume,7,%B9%FA%C3%B3%C6%DA%BB%F5,5264,2452.0,国贸期货
2026-01-26,CU2602,volume,8,%D2%F8%BA%D3%C6%DA%BB%F5,4378,1788.0,银河期货
2026-01-26,CU2602,volume,9,%D6%D0%B2%C6%C6%DA%BB%F5,4236,187.0,中财期货
2026-01-26,CU2602,volume,10,%B9%E3%B7%A2%C6%DA%BB%F5,3843,58.0,广发期货
2026-01-26,CU2602,volume,11,%C6%BD%B0%B2%C6%DA%BB%F5,3617,3179.0,平安期货
2026-01-26,CU2602,volume,12,%C9%EA%CD%F2%C6%DA%BB%F5,3528,1414.0,申万期货
2026-01-26,CU2602,volume,13,%B9%FA%CD%B6%C6%DA%BB%F5,3380,2185.0,国投期货
2026-01-26,CU2602,volume,14,%D5%D0%C9%CC%C6%DA%BB%F5,3093,2205.0,招商期货
2026-01-26,CU2602,volume,15,%B9%FA%D0%C5%C6%DA%BB%F5,2824,1026.0,国信期货
2026-01-26,CU2602,volume,16,%BD%A8%D0%C5%C6%DA%BB%F5,2720,1852.0,建信期货
2026-01-26,CU2602,volume,17,%BA%A3%CD%A8%C6%DA%BB%F5,2706,1564.0,海通期货
2026-01-26,CU2602,volume,18,%B9%E2%B4%F3%C6%DA%BB%F5,2134,929.0,光大期货
2026-01-26,CU2602,volume,19,%D6%D0%CC%A9%C6%DA%BB%F5,2038,972.0,中泰期货
2026-01-26,CU2602,volume,20,%CE%E5%BF%F3%C6%DA%BB%F5,2022,1129.0,五矿期货
2026-01-26,CU2602,volume,999,TOTAL,130277,,TOTAL
2026-01-26,CU2602,long,1,%B9%FA%CC%A9%BE%FD%B0%B2,12101,278.0,国泰君安
2026-01-26,CU2602,long,2,%D6%D0%D0%C5%C6%DA%BB%F5,8741,-3801.0,中信期货
2026-01-26,CU2602,long,3,%BD%F0%C8%F0%C6%DA%BB%F5,5929,2459.0,金瑞期货
2026-01-26,CU2602,long,4,%B6%AB%D6%A4%C6%DA%BB%F5,3645,-659.0,东证期货
2026-01-26,CU2602,long,5,%D2%F8%BA%D3%C6%DA%BB%F5,3613,78.0,银河期货
2026-01-26,CU2602,long,6,%BB%AA%CC%A9%C6%DA%BB%F5,3457,-2765.0,华泰期货
2026-01-26,CU2602,long,7,%BA%EA%D4%B4%C6%DA%BB%F5,3038,2509.0,宏源期货
2026-01-26,CU2602,long,8,%BA%A3%CD%A8%C6%DA%BB%F5,2608,1551.0,海通期货
2026-01-26,CU2602,long,9,%D7%CF%BD%F0%CC%EC%B7%E7,2463,12.0,紫金天风
2026-01-26,CU2602,long,10,%CD%AD%B9%DA%BD%F0%D4%B4,2394,-716.0,铜冠金源
2026-01-26,CU2602,long,11,%B9%E3%B7%A2%C6%DA%BB%F5,2106,120.0,广发期货
2026-01-26,CU2602,long,12,%D3%C0%B0%B2%C6%DA%BB%F5,2012,844.0,永安期货
2026-01-26,CU2602,long,13,%B6%AB%CE%E2%C6%DA%BB%F5,1842,60.0,东吴期货
2026-01-26,CU2602,long,14,%B9%FA%C3%B3%C6%DA%BB%F5,1746,5.0,国贸期货
2026-01-26,CU2602,long,15,%B9%FA%CD%B6%C6%DA%BB%F5,1323,-333.0,国投期货
2026-01-26,CU2602,long,16,%BD%A8%D0%C5%C6%DA%BB%F5,1273,-2106.0,建信期货
2026-01-26,CU2602,long,17,%B9%FA%D0%C5%C6%DA%BB%F5,1152,10.0,国信期货
2026-01-26,CU2602,long,18,%BA%EB%D2%B5%C6%DA%BB%F5,1107,-133.0,弘业期货
2026-01-26,CU2602,long,19,%D6%D0%D0%C5%BD%A8%CD%B6,936,-135.0,中信建投
2026-01-26,CU2602,long,20,%B9%E2%B4%F3%C6%DA%BB%F5,877,-85.0,光大期货
2026-01-26,CU2602,long,999,TOTAL,62363,,TOTAL
2026-01-26,CU2602,short,1,%BD%F0%C8%F0%C6%DA%BB%F5,8998,-1265.0,金瑞期货
2026-01-26,CU2602,short,2,%D6%D0%D0%C5%C6%DA%BB%F5,8525,-1037.0,中信期货
2026-01-26,CU2602,short,3,%CE%E5%BF%F3%C6%DA%BB%F5,6555,-696.0,五矿期货
2026-01-26,CU2602,short,4,%B9%FA%CD%B6%C6%DA%BB%F5,5329,-956.0,国投期货
2026-01-26,CU2602,short,5,%B9%FA%CC%A9%BE%FD%B0%B2,5098,424.0,国泰君安
2026-01-26,CU2602,short,6,%CD%AD%B9%DA%BD%F0%D4%B4,3758,-20.0,铜冠金源
2026-01-26,CU2602,short,7,%B9%E3%B7%A2%C6%DA%BB%F5,3466,-76.0,广发期货
2026-01-26,CU2602,short,8,%D0%C2%BA%FE%C6%DA%BB%F5,2609,-157.0,新湖期货
2026-01-26,CU2602,short,9,%B6%AB%D6%A4%C6%DA%BB%F5,2398,404.0,东证期货
2026-01-26,CU2602,short,10,%D7%CF%BD%F0%CC%EC%B7%E7,2355,37.0,紫金天风
2026-01-26,CU2602,short,11,%B9%FA%C3%B3%C6%DA%BB%F5,2214,-411.0,国贸期货
2026-01-26,CU2602,short,12,%D6%D0%C1%B8%C6%DA%BB%F5,2156,42.0,中粮期货
2026-01-26,CU2602,short,13,%D2%F8%BA%D3%C6%DA%BB%F5,2070,-497.0,银河期货
2026-01-26,CU2602,short,14,%C4%CF%BB%AA%C6%DA%BB%F5,1692,-246.0,南华期货
2026-01-26,CU2602,short,15,%D0%CB%D2%B5%C6%DA%BB%F5,1583,342.0,兴业期货
2026-01-26,CU2602,short,16,%B9%E2%B4%F3%C6%DA%BB%F5,1052,244.0,光大期货
2026-01-26,CU2602,short,17,%BB%AA%CC%A9%C6%DA%BB%F5,1049,2.0,华泰期货
2026-01-26,CU2602,short,18,%D3%C0%B0%B2%C6%DA%BB%F5,925,583.0,永安期货
2026-01-26,CU2602,short,19,%CF%C8%B7%E6%C6%DA%BB%F5,909,-542.0,先锋期货
2026-01-26,CU2602,short,20,%D4%C6%B3%BF%C6%DA%BB%F5,821,-653.0,云晨期货
2026-01-26,CU2602,short,999,TOTAL,63562,,TOTAL
2026-01-27,CU2602,volume,1,%D6%D0%D0%C5%C6%DA%BB%F5,16549,-10130.0,中信期货
2026-01-27,CU2602,volume,2,%B9%FA%CC%A9%BE%FD%B0%B2,14903,-1328.0,国泰君安
2026-01-27,CU2602,volume,3,%B6%AB%D6%A4%C6%DA%BB%F5,9536,-5687.0,东证期货
2026-01-27,CU2602,volume,4,%BD%F0%C8%F0%C6%DA%BB%F5,8456,-995.0,金瑞期货
2026-01-27,CU2602,volume,5,%D2%F8%BA%D3%C6%DA%BB%F5,3388,-990.0,银河期货
2026-01-27,CU2602,volume,6,%D5%E3%C9%CC%C6%DA%BB%F5,3009,-2769.0,浙商期货
2026-01-27,CU2602,volume,7,%B9%FA%C3%B3%C6%DA%BB%F5,2939,-2325.0,国贸期货
2026-01-27,CU2602,volume,8,%B9%E3%B7%A2%C6%DA%BB%F5,2812,-1031.0,广发期货
2026-01-27,CU2602,volume,9,%BA%A3%CD%A8%C6%DA%BB%F5,2538,-168.0,海通期货
2026-01-27,CU2602,volume,10,%BB%AA%CC%A9%C6%DA%BB%F5,2537,-8595.0,华泰期货
2026-01-27,CU2602,volume,11,%CE%E5%BF%F3%C6%DA%BB%F5,2322,300.0,五矿期货
2026-01-27,CU2602,volume,12,%BD%F2%CD%B6%C6%DA%BB%F5,2219,407.0,津投期货
2026-01-27,CU2602,volume,13,%D0%C2%BA%FE%C6%DA%BB%F5,2100,644.0,新湖期货
2026-01-27,CU2602,volume,14,%D3%C0%B0%B2%C6%DA%BB%F5,2040,1666.0,永安期货
2026-01-27,CU2602,volume,15,%C9%EA%CD%F2%C6%DA%BB%F5,1968,-1560.0,申万期货
2026-01-27,CU2602,volume,16,%C4%CF%BB%AA%C6%DA%BB%F5,1920,198.0,南华期货
2026-01-27,CU2602,volume,17,%B9%E2%B4%F3%C6%DA%BB%F5,1796,-338.0,光大期货
2026-01-27,CU2602,volume,18,%B9%FA%D0%C5%C6%DA%BB%F5,1773,-1051.0,国信期货
2026-01-27,CU2602,volume,19,%D6%D0%CC%A9%C6%DA%BB%F5,1449,-589.0,中泰期货
2026-01-27,CU2602,volume,20,%CD%AD%B9%DA%BD%F0%D4%B4,1420,-275.0,铜冠金源
2026-01-27,CU2602,volume,999,TOTAL,85674,,TOTAL
2026-01-27,CU2602,long,1,%B9%FA%CC%A9%BE%FD%B0%B2,9454,-2647.0,国泰君安
2026-01-27,CU2602,long,2,%BD%F0%C8%F0%C6%DA%BB%F5,8210,2281.0,金瑞期货
2026-01-27,CU2602,long,3,%D6%D0%D0%C5%C6%DA%BB%F5,7476,-1265.0,中信期货
2026-01-27,CU2602,long,4,%BB%AA%CC%A9%C6%DA%BB%F5,3302,-155.0,华泰期货
2026-01-27,CU2602,long,5,%D2%F8%BA%D3%C6%DA%BB%F5,2969,-644.0,银河期货
2026-01-27,CU2602,long,6,%BA%EA%D4%B4%C6%DA%BB%F5,2943,-95.0,宏源期货
2026-01-27,CU2602,long,7,%B6%AB%D6%A4%C6%DA%BB%F5,2363,-1282.0,东证期货
2026-01-27,CU2602,long,8,%B9%E3%B7%A2%C6%DA%BB%F5,2158,52.0,广发期货
2026-01-27,CU2602,long,9,%D7%CF%BD%F0%CC%EC%B7%E7,2103,-360.0,紫金天风
2026-01-27,CU2602,long,10,%CD%AD%B9%DA%BD%F0%D4%B4,1811,-583.0,铜冠金源
2026-01-27,CU2602,long,11,%B9%FA%C3%B3%C6%DA%BB%F5,1691,-55.0,国贸期货
2026-01-27,CU2602,long,12,%B6%AB%CE%E2%C6%DA%BB%F5,1666,-176.0,东吴期货
2026-01-27,CU2602,long,13,%BA%A3%CD%A8%C6%DA%BB%F5,1330,-1278.0,海通期货
2026-01-27,CU2602,long,14,%BD%A8%D0%C5%C6%DA%BB%F5,1234,-39.0,建信期货
2026-01-27,CU2602,long,15,%B9%FA%CD%B6%C6%DA%BB%F5,996,-327.0,国投期货
2026-01-27,CU2602,long,16,%C9%EA%CD%F2%C6%DA%BB%F5,783,89.0,申万期货
2026-01-27,CU2602,long,17,%C9%BD%BD%F0%C6%DA%BB%F5,700,3.0,山金期货
2026-01-27,CU2602,long,18,%B8%F1%C1%D6%B4%F3%BB%AA,689,135.0,格林大华
2026-01-27,CU2602,long,19,%D6%D0%D0%C5%BD%A8%CD%B6,670,-266.0,中信建投
2026-01-27,CU2602,long,20,%D6%D0%BA%BD%C6%DA%BB%F5,666,-63.0,中航期货
2026-01-27,CU2602,long,999,TOTAL,53214,,TOTAL
2026-01-27,CU2602,short,1,%BD%F0%C8%F0%C6%DA%BB%F5,8405,-593.0,金瑞期货
2026-01-27,CU2602,short,2,%D6%D0%D0%C5%C6%DA%BB%F5,6735,-1790.0,中信期货
2026-01-27,CU2602,short,3,%CE%E5%BF%F3%C6%DA%BB%F5,4989,-1566.0,五矿期货
2026-01-27,CU2602,short,4,%B9%FA%CD%B6%C6%DA%BB%F5,4719,-610.0,国投期货
2026-01-27,CU2602,short,5,%CD%AD%B9%DA%BD%F0%D4%B4,3659,-99.0,铜冠金源
2026-01-27,CU2602,short,6,%B9%E3%B7%A2%C6%DA%BB%F5,3510,44.0,广发期货
2026-01-27,CU2602,short,7,%B9%FA%CC%A9%BE%FD%B0%B2,3458,-1640.0,国泰君安
2026-01-27,CU2602,short,8,%D0%C2%BA%FE%C6%DA%BB%F5,2304,-305.0,新湖期货
2026-01-27,CU2602,short,9,%D6%D0%C1%B8%C6%DA%BB%F5,2116,-40.0,中粮期货
2026-01-27,CU2602,short,10,%D7%CF%BD%F0%CC%EC%B7%E7,1996,-359.0,紫金天风
2026-01-27,CU2602,short,11,%B9%FA%C3%B3%C6%DA%BB%F5,1994,-220.0,国贸期货
2026-01-27,CU2602,short,12,%D0%CB%D2%B5%C6%DA%BB%F5,1675,92.0,兴业期货
2026-01-27,CU2602,short,13,%D2%F8%BA%D3%C6%DA%BB%F5,1478,-592.0,银河期货
2026-01-27,CU2602,short,14,%B6%AB%D6%A4%C6%DA%BB%F5,1390,-1008.0,东证期货
2026-01-27,CU2602,short,15,%C4%CF%BB%AA%C6%DA%BB%F5,1252,-440.0,南华期货
2026-01-27,CU2602,short,16,%BD%A8%D0%C5%C6%DA%BB%F5,984,277.0,建信期货
2026-01-27,CU2602,short,17,%BB%AA%CC%A9%C6%DA%BB%F5,919,-130.0,华泰期货
2026-01-27,CU2602,short,18,%B9%E2%B4%F3%C6%DA%BB%F5,782,-270.0,光大期货
2026-01-27,CU2602,short,19,%D4%C6%B3%BF%C6%DA%BB%F5,764,-57.0,云晨期货
2026-01-27,CU2602,short,20,%B6%AB%BA%A3%C6%DA%BB%F5,666,137.0,东海期货
2026-01-27,CU2602,short,999,TOTAL,53795,,TOTAL
2026-01-30,CU2602,volume,1,%D2%F8%BA%D3%C6%DA%BB%F5,7877,4324.0,银河期货
2026-01-30,CU2602,volume,2,%D6%D0%D0%C5%C6%DA%BB%F5,7728,-10425.0,中信期货
2026-01-30,CU2602,volume,3,%B6%AB%D6%A4%C6%DA%BB%F5,7320,-1679.0,东证期货
2026-01-30,CU2602,volume,4,%BD%F0%C8%F0%C6%DA%BB%F5,7297,46.0,金瑞期货
2026-01-30,CU2602,volume,5,%B9%E3%B7%A2%C6%DA%BB%F5,6969,2977.0,广发期货
2026-01-30,CU2602,volume,6,%B9%FA%CC%A9%BE%FD%B0%B2,4830,-6187.0,国泰君安
2026-01-30,CU2602,volume,7,%B9%E2%B4%F3%C6%DA%BB%F5,4405,1680.0,光大期货
2026-01-30,CU2602,volume,8,%B9%FA%C3%B3%C6%DA%BB%F5,4342,731.0,国贸期货
2026-01-30,CU2602,volume,9,%BB%AA%CC%A9%C6%DA%BB%F5,3693,699.0,华泰期货
2026-01-30,CU2602,volume,10,%BB%AA%CE%C5%C6%DA%BB%F5,3514,2202.0,华闻期货
2026-01-30,CU2602,volume,11,%D6%D0%C1%B8%C6%DA%BB%F5,2682,1574.0,中粮期货
2026-01-30,CU2602,volume,12,%C9%EA%CD%F2%C6%DA%BB%F5,2612,648.0,申万期货
2026-01-30,CU2602,volume,13,%C4%CF%BB%AA%C6%DA%BB%F5,2488,1776.0,南华期货
2026-01-30,CU2602,volume,14,%D6%D0%CC%A9%C6%DA%BB%F5,2373,1208.0,中泰期货
2026-01-30,CU2602,volume,15,%D0%C2%BA%FE%C6%DA%BB%F5,2224,-360.0,新湖期货
2026-01-30,CU2602,volume,16,%CE%E5%BF%F3%C6%DA%BB%F5,1940,-144.0,五矿期货
2026-01-30,CU2602,volume,17,%D5%E3%C9%CC%C6%DA%BB%F5,1871,1143.0,浙商期货
2026-01-30,CU2602,volume,18,%BA%EA%D4%B4%C6%DA%BB%F5,1670,702.0,宏源期货
2026-01-30,CU2602,volume,19,%D4%C6%B3%BF%C6%DA%BB%F5,1634,1263.0,云晨期货
2026-01-30,CU2602,volume,20,%CD%AD%B9%DA%BD%F0%D4%B4,1540,-456.0,铜冠金源
2026-01-30,CU2602,volume,999,TOTAL,79009,,TOTAL
2026-01-30,CU2602,long,1,%BD%F0%C8%F0%C6%DA%BB%F5,7758,220.0,金瑞期货
2026-01-30,CU2602,long,2,%D6%D0%D0%C5%C6%DA%BB%F5,5065,-208.0,中信期货
2026-01-30,CU2602,long,3,%B9%FA%CC%A9%BE%FD%B0%B2,3360,-1117.0,国泰君安
2026-01-30,CU2602,long,4,%D2%F8%BA%D3%C6%DA%BB%F5,3125,-193.0,银河期货
2026-01-30,CU2602,long,5,%D7%CF%BD%F0%CC%EC%B7%E7,2970,388.0,紫金天风
2026-01-30,CU2602,long,6,%B9%E3%B7%A2%C6%DA%BB%F5,1420,-666.0,广发期货
2026-01-30,CU2602,long,7,%B9%FA%C3%B3%C6%DA%BB%F5,1400,-324.0,国贸期货
2026-01-30,CU2602,long,8,%B6%AB%D6%A4%C6%DA%BB%F5,1391,-446.0,东证期货
2026-01-30,CU2602,long,9,%D6%D0%B9%FA%B9%FA%BC%CA,1145,435.0,中国国际
2026-01-30,CU2602,long,10,%BA%EA%D4%B4%C6%DA%BB%F5,1020,-1123.0,宏源期货
2026-01-30,CU2602,long,11,%C9%BD%BD%F0%C6%DA%BB%F5,965,249.0,山金期货
2026-01-30,CU2602,long,12,%B6%AB%CE%E2%C6%DA%BB%F5,953,-73.0,东吴期货
2026-01-30,CU2602,long,13,%BD%A8%D0%C5%C6%DA%BB%F5,780,-42.0,建信期货
2026-01-30,CU2602,long,14,%BA%A3%CD%A8%C6%DA%BB%F5,610,-693.0,海通期货
2026-01-30,CU2602,long,15,%BB%AA%CC%A9%C6%DA%BB%F5,595,-42.0,华泰期货
2026-01-30,CU2602,long,16,%D6%D0%BA%BD%C6%DA%BB%F5,560,22.0,中航期货
2026-01-30,CU2602,long,17,%BA%EB%D2%B5%C6%DA%BB%F5,535,-88.0,弘业期货
2026-01-30,CU2602,long,18,%CE%E5%BF%F3%C6%DA%BB%F5,525,-171.0,五矿期货
2026-01-30,CU2602,long,19,%BB%AA%BD%F0%C6%DA%BB%F5,510,9.0,华金期货
2026-01-30,CU2602,long,20,%C8%F0%B4%EF%C6%DA%BB%F5,475,-12.0,瑞达期货
2026-01-30,CU2602,long,999,TOTAL,35162,,TOTAL
2026-01-30,CU2602,short,1,%BD%F0%C8%F0%C6%DA%BB%F5,6535,-1207.0,金瑞期货
2026-01-30,CU2602,short,2,%D6%D0%D0%C5%C6%DA%BB%F5,4930,-258.0,中信期货
2026-01-30,CU2602,short,3,%CD%AD%B9%DA%BD%F0%D4%B4,4730,-49.0,铜冠金源
2026-01-30,CU2602,short,4,%B9%FA%CC%A9%BE%FD%B0%B2,2830,185.0,国泰君安
2026-01-30,CU2602,short,5,%D6%D0%C1%B8%C6%DA%BB%F5,2680,1424.0,中粮期货
2026-01-30,CU2602,short,6,%CE%E5%BF%F3%C6%DA%BB%F5,2540,-313.0,五矿期货
2026-01-30,CU2602,short,7,%D7%CF%BD%F0%CC%EC%B7%E7,1845,-125.0,紫金天风
2026-01-30,CU2602,short,8,%B9%E3%B7%A2%C6%DA%BB%F5,1535,-999.0,广发期货
2026-01-30,CU2602,short,9,%B9%E2%B4%F3%C6%DA%BB%F5,1375,49.0,光大期货
2026-01-30,CU2602,short,10,%D4%C6%B3%BF%C6%DA%BB%F5,1230,47.0,云晨期货
2026-01-30,CU2602,short,11,%D0%CB%D2%B5%C6%DA%BB%F5,1140,-346.0,兴业期货
2026-01-30,CU2602,short,12,%B9%FA%C3%B3%C6%DA%BB%F5,815,-388.0,国贸期货
2026-01-30,CU2602,short,13,%D0%C2%BA%FE%C6%DA%BB%F5,600,-824.0,新湖期货
2026-01-30,CU2602,short,14,%BD%A8%D0%C5%C6%DA%BB%F5,535,-69.0,建信期货
2026-01-30,CU2602,short,15,%B7%BD%D5%FD%D6%D0%C6%DA,480,-46.0,方正中期
2026-01-30,CU2602,short,16,%D2%F8%BA%D3%C6%DA%BB%F5,465,-342.0,银河期货
2026-01-30,CU2602,short,17,%B4%B4%D4%AA%C6%DA%BB%F5,455,37.0,创元期货
2026-01-30,CU2602,short,18,%C4%CF%BB%AA%C6%DA%BB%F5,420,-814.0,南华期货
2026-01-30,CU2602,short,19,%B9%FA%CD%B6%C6%DA%BB%F5,410,-230.0,国投期货
2026-01-30,CU2602,short,20,%B6%AB%D6%A4%C6%DA%BB%F5,357,-1058.0,东证期货
2026-01-30,CU2602,short,999,TOTAL,35907,,TOTAL
2026-02-02,CU2602,volume,1,%BD%F0%C8%F0%C6%DA%BB%F5,10428,3131.0,金瑞期货
2026-02-02,CU2602,volume,2,%D2%F8%BA%D3%C6%DA%BB%F5,7100,-777.0,银河期货
2026-02-02,CU2602,volume,3,%B6%AB%D6%A4%C6%DA%BB%F5,7013,-307.0,东证期货
2026-02-02,CU2602,volume,4,%B9%FA%CC%A9%BE%FD%B0%B2,6860,2030.0,国泰君安
2026-02-02,CU2602,volume,5,%D6%D0%D0%C5%C6%DA%BB%F5,5765,-1963.0,中信期货
2026-02-02,CU2602,volume,6,%B9%E2%B4%F3%C6%DA%BB%F5,4780,375.0,光大期货
2026-02-02,CU2602,volume,7,%B9%FA%C3%B3%C6%DA%BB%F5,4310,-32.0,国贸期货
2026-02-02,CU2602,volume,8,%B9%E3%B7%A2%C6%DA%BB%F5,3555,-3414.0,广发期货
2026-02-02,CU2602,volume,9,%D7%CF%BD%F0%CC%EC%B7%E7,3140,1831.0,紫金天风
2026-02-02,CU2602,volume,10,%D4%C6%B3%BF%C6%DA%BB%F5,2965,1331.0,云晨期货
2026-02-02,CU2602,volume,11,%C9%EA%CD%F2%C6%DA%BB%F5,2266,-346.0,申万期货
2026-02-02,CU2602,volume,12,%D6%D0%CC%A9%C6%DA%BB%F5,2202,-171.0,中泰期货
2026-02-02,CU2602,volume,13,%D0%C2%BA%FE%C6%DA%BB%F5,1935,-289.0,新湖期货
2026-02-02,CU2602,volume,14,%C4%CF%BB%AA%C6%DA%BB%F5,1835,-653.0,南华期货
2026-02-02,CU2602,volume,15,%BB%AA%CE%C5%C6%DA%BB%F5,1535,-1979.0,华闻期货
2026-02-02,CU2602,volume,16,%D6%D0%C1%B8%C6%DA%BB%F5,1335,-1347.0,中粮期货
2026-02-02,CU2602,volume,17,%CE%E5%BF%F3%C6%DA%BB%F5,1245,-695.0,五矿期货
2026-02-02,CU2602,volume,18,%C9%BD%BD%F0%C6%DA%BB%F5,1200,512.0,山金期货
2026-02-02,CU2602,volume,19,%BB%AA%CC%A9%C6%DA%BB%F5,1200,-2493.0,华泰期货
2026-02-02,CU2602,volume,20,%BA%EA%D4%B4%C6%DA%BB%F5,1125,-545.0,宏源期货
2026-02-02,CU2602,volume,999,TOTAL,71794,,TOTAL
2026-02-02,CU2602,long,1,%BD%F0%C8%F0%C6%DA%BB%F5,6980,-778.0,金瑞期货
2026-02-02,CU2602,long,2,%B9%FA%CC%A9%BE%FD%B0%B2,4850,1490.0,国泰君安
2026-02-02,CU2602,long,3,%D6%D0%D0%C5%C6%DA%BB%F5,4230,-835.0,中信期货
2026-02-02,CU2602,long,4,%D2%F8%BA%D3%C6%DA%BB%F5,2755,-370.0,银河期货
2026-02-02,CU2602,long,5,%B6%AB%D6%A4%C6%DA%BB%F5,1825,434.0,东证期货
2026-02-02,CU2602,long,6,%B6%AB%CE%E2%C6%DA%BB%F5,1500,547.0,东吴期货
2026-02-02,CU2602,long,7,%D7%CF%BD%F0%CC%EC%B7%E7,1475,-1495.0,紫金天风
2026-02-02,CU2602,long,8,%B9%FA%C3%B3%C6%DA%BB%F5,1390,-10.0,国贸期货
2026-02-02,CU2602,long,9,%CE%E5%BF%F3%C6%DA%BB%F5,1195,670.0,五矿期货
2026-02-02,CU2602,long,10,%BD%A8%D0%C5%C6%DA%BB%F5,1075,295.0,建信期货
2026-02-02,CU2602,long,11,%BB%AA%CC%A9%C6%DA%BB%F5,1000,405.0,华泰期货
2026-02-02,CU2602,long,12,%D6%D0%B9%FA%B9%FA%BC%CA,930,-215.0,中国国际
2026-02-02,CU2602,long,13,%D6%D0%BA%BD%C6%DA%BB%F5,840,280.0,中航期货
2026-02-02,CU2602,long,14,%C4%CF%BB%AA%C6%DA%BB%F5,725,340.0,南华期货
2026-02-02,CU2602,long,15,%D4%C6%B3%BF%C6%DA%BB%F5,690,340.0,云晨期货
2026-02-02,CU2602,long,16,%B9%E2%B4%F3%C6%DA%BB%F5,635,510.0,光大期货
2026-02-02,CU2602,long,17,%B9%E3%B7%A2%C6%DA%BB%F5,590,-830.0,广发期货
2026-02-02,CU2602,long,18,%D6%D0%C1%B8%C6%DA%BB%F5,550,160.0,中粮期货
2026-02-02,CU2602,long,19,%BB%AA%BD%F0%C6%DA%BB%F5,530,20.0,华金期货
2026-02-02,CU2602,long,20,%C9%EA%CD%F2%C6%DA%BB%F5,515,114.0,申万期货
2026-02-02,CU2602,long,999,TOTAL,34280,,TOTAL
2026-02-02,CU2602,short,1,%D6%D0%D0%C5%C6%DA%BB%F5,6280,1350.0,中信期货
2026-02-02,CU2602,short,2,%BD%F0%C8%F0%C6%DA%BB%F5,5705,-830.0,金瑞期货
2026-02-02,CU2602,short,3,%CD%AD%B9%DA%BD%F0%D4%B4,4885,155.0,铜冠金源
2026-02-02,CU2602,short,4,%D6%D0%C1%B8%C6%DA%BB%F5,2835,155.0,中粮期货
2026-02-02,CU2602,short,5,%CE%E5%BF%F3%C6%DA%BB%F5,2505,-35.0,五矿期货
2026-02-02,CU2602,short,6,%D4%C6%B3%BF%C6%DA%BB%F5,2475,1245.0,云晨期货
2026-02-02,CU2602,short,7,%B9%FA%CC%A9%BE%FD%B0%B2,2460,-370.0,国泰君安
2026-02-02,CU2602,short,8,%D7%CF%BD%F0%CC%EC%B7%E7,1770,-75.0,紫金天风
2026-02-02,CU2602,short,9,%B9%E3%B7%A2%C6%DA%BB%F5,1570,35.0,广发期货
2026-02-02,CU2602,short,10,%B9%E2%B4%F3%C6%DA%BB%F5,1475,100.0,光大期货
2026-02-02,CU2602,short,11,%B9%FA%C3%B3%C6%DA%BB%F5,1035,220.0,国贸期货
2026-02-02,CU2602,short,12,%D2%F8%BA%D3%C6%DA%BB%F5,1005,540.0,银河期货
2026-02-02,CU2602,short,13,%D0%CB%D2%B5%C6%DA%BB%F5,640,-500.0,兴业期货
2026-02-02,CU2602,short,14,%BD%A8%D0%C5%C6%DA%BB%F5,485,-50.0,建信期货
2026-02-02,CU2602,short,15,%B4%B4%D4%AA%C6%DA%BB%F5,415,-40.0,创元期货
2026-02-02,CU2602,short,16,%B9%FA%CD%B6%C6%DA%BB%F5,400,-10.0,国投期货
2026-02-02,CU2602,short,17,%B6%AB%D6%A4%C6%DA%BB%F5,380,23.0,东证期货
2026-02-02,CU2602,short,18,%B7%BD%D5%FD%D6%D0%C6%DA,355,-125.0,方正中期
2026-02-02,CU2602,short,19,%D0%C2%BA%FE%C6%DA%BB%F5,315,-285.0,新湖期货
2026-02-02,CU2602,short,20,%C9%BD%BD%F0%C6%DA%BB%F5,270,80.0,山金期货
2026-02-02,CU2602,short,999,TOTAL,37260,,TOTAL
2026-02-03,CU2602,volume,1,%BD%F0%C8%F0%C6%DA%BB%F5,4320,-6108.0,金瑞期货
2026-02-03,CU2602,volume,2,%B6%AB%D6%A4%C6%DA%BB%F5,4260,-2753.0,东证期货
2026-02-03,CU2602,volume,3,%B9%FA%C3%B3%C6%DA%BB%F5,3460,-850.0,国贸期货
2026-02-03,CU2602,volume,4,%B9%FA%CC%A9%BE%FD%B0%B2,2925,-3935.0,国泰君安
2026-02-03,CU2602,volume,5,%D6%D0%D0%C5%C6%DA%BB%F5,2870,-2895.0,中信期货
2026-02-03,CU2602,volume,6,%D2%F8%BA%D3%C6%DA%BB%F5,2210,-4890.0,银河期货
2026-02-03,CU2602,volume,7,%B9%E2%B4%F3%C6%DA%BB%F5,2050,-2730.0,光大期货
2026-02-03,CU2602,volume,8,%B9%E3%B7%A2%C6%DA%BB%F5,1920,-1635.0,广发期货
2026-02-03,CU2602,volume,9,%D6%D0%CC%A9%C6%DA%BB%F5,1720,-482.0,中泰期货
2026-02-03,CU2602,volume,10,%D7%CF%BD%F0%CC%EC%B7%E7,1430,-1710.0,紫金天风
2026-02-03,CU2602,volume,11,%C9%EA%CD%F2%C6%DA%BB%F5,1240,-1026.0,申万期货
2026-02-03,CU2602,volume,12,%BB%AA%F6%CE%C6%DA%BB%F5,1090,590.0,华鑫期货
2026-02-03,CU2602,volume,13,%CE%E5%BF%F3%C6%DA%BB%F5,850,-395.0,五矿期货
2026-02-03,CU2602,volume,14,%D6%D0%B9%FA%B9%FA%BC%CA,755,535.0,中国国际
2026-02-03,CU2602,volume,15,%BB%AA%CE%C5%C6%DA%BB%F5,725,-810.0,华闻期货
2026-02-03,CU2602,volume,16,%C4%CF%BB%AA%C6%DA%BB%F5,715,-1120.0,南华期货
2026-02-03,CU2602,volume,17,%D5%E3%C9%CC%C6%DA%BB%F5,695,-220.0,浙商期货
2026-02-03,CU2602,volume,18,%B9%FA%D4%AA%C6%DA%BB%F5,680,-285.0,国元期货
2026-02-03,CU2602,volume,19,%BD%A8%D0%C5%C6%DA%BB%F5,670,-75.0,建信期货
2026-02-03,CU2602,volume,20,%CD%AD%B9%DA%BD%F0%D4%B4,640,-185.0,铜冠金源
2026-02-03,CU2602,volume,999,TOTAL,35225,,TOTAL
2026-02-03,CU2602,long,1,%BD%F0%C8%F0%C6%DA%BB%F5,6600,-380.0,金瑞期货
2026-02-03,CU2602,long,2,%D6%D0%D0%C5%C6%DA%BB%F5,4215,-15.0,中信期货
2026-02-03,CU2602,long,3,%B9%FA%CC%A9%BE%FD%B0%B2,4195,-655.0,国泰君安
2026-02-03,CU2602,long,4,%D2%F8%BA%D3%C6%DA%BB%F5,2755,0.0,银河期货
2026-02-03,CU2602,long,5,%B9%FA%C3%B3%C6%DA%BB%F5,1515,125.0,国贸期货
2026-02-03,CU2602,long,6,%B6%AB%D6%A4%C6%DA%BB%F5,1450,-375.0,东证期货
2026-02-03,CU2602,long,7,%B6%AB%CE%E2%C6%DA%BB%F5,1385,-115.0,东吴期货
2026-02-03,CU2602,long,8,%CE%E5%BF%F3%C6%DA%BB%F5,1190,-5.0,五矿期货
2026-02-03,CU2602,long,9,%BB%AA%CC%A9%C6%DA%BB%F5,1050,50.0,华泰期货
2026-02-03,CU2602,long,10,%D7%CF%BD%F0%CC%EC%B7%E7,915,-560.0,紫金天风
2026-02-03,CU2602,long,11,%B9%E3%B7%A2%C6%DA%BB%F5,860,270.0,广发期货
2026-02-03,CU2602,long,12,%D4%C6%B3%BF%C6%DA%BB%F5,855,165.0,云晨期货
2026-02-03,CU2602,long,13,%BD%A8%D0%C5%C6%DA%BB%F5,845,-230.0,建信期货
2026-02-03,CU2602,long,14,%D6%D0%C1%B8%C6%DA%BB%F5,830,280.0,中粮期货
2026-02-03,CU2602,long,15,%D6%D0%BA%BD%C6%DA%BB%F5,655,-185.0,中航期货
2026-02-03,CU2602,long,16,%BB%AA%BD%F0%C6%DA%BB%F5,530,0.0,华金期货
2026-02-03,CU2602,long,17,%B9%E2%B4%F3%C6%DA%BB%F5,500,-135.0,光大期货
2026-02-03,CU2602,long,18,%BA%A3%CD%A8%C6%DA%BB%F5,480,65.0,海通期货
2026-02-03,CU2602,long,19,%C4%CF%BB%AA%C6%DA%BB%F5,430,-295.0,南华期货
2026-02-03,CU2602,long,20,%C9%BD%BD%F0%C6%DA%BB%F5,365,220.0,山金期货
2026-02-03,CU2602,long,999,TOTAL,31620,,TOTAL
2026-02-03,CU2602,short,1,%BD%F0%C8%F0%C6%DA%BB%F5,5905,200.0,金瑞期货
2026-02-03,CU2602,short,2,%D6%D0%D0%C5%C6%DA%BB%F5,5825,-455.0,中信期货
2026-02-03,CU2602,short,3,%CD%AD%B9%DA%BD%F0%D4%B4,4830,-55.0,铜冠金源
2026-02-03,CU2602,short,4,%D6%D0%C1%B8%C6%DA%BB%F5,2915,80.0,中粮期货
2026-02-03,CU2602,short,5,%B9%FA%CC%A9%BE%FD%B0%B2,2770,310.0,国泰君安
2026-02-03,CU2602,short,6,%D4%C6%B3%BF%C6%DA%BB%F5,2580,105.0,云晨期货
2026-02-03,CU2602,short,7,%CE%E5%BF%F3%C6%DA%BB%F5,2360,-145.0,五矿期货
2026-02-03,CU2602,short,8,%B9%E3%B7%A2%C6%DA%BB%F5,1180,-390.0,广发期货
2026-02-03,CU2602,short,9,%B9%E2%B4%F3%C6%DA%BB%F5,1060,-415.0,光大期货
2026-02-03,CU2602,short,10,%D7%CF%BD%F0%CC%EC%B7%E7,920,-850.0,紫金天风
2026-02-03,CU2602,short,11,%D0%CB%D2%B5%C6%DA%BB%F5,585,-55.0,兴业期货
2026-02-03,CU2602,short,12,%D2%F8%BA%D3%C6%DA%BB%F5,415,-590.0,银河期货
2026-02-03,CU2602,short,13,%B9%FA%C3%B3%C6%DA%BB%F5,360,-675.0,国贸期货
2026-02-03,CU2602,short,14,%B9%FA%CD%B6%C6%DA%BB%F5,350,-50.0,国投期货
2026-02-03,CU2602,short,15,%B4%B4%D4%AA%C6%DA%BB%F5,345,-70.0,创元期货
2026-02-03,CU2602,short,16,%B6%AB%D6%A4%C6%DA%BB%F5,335,-45.0,东证期货
2026-02-03,CU2602,short,17,%D0%C2%BA%FE%C6%DA%BB%F5,320,5.0,新湖期货
2026-02-03,CU2602,short,18,%B9%FA%D4%AA%C6%DA%BB%F5,305,260.0,国元期货
2026-02-03,CU2602,short,19,%B7%BD%D5%FD%D6%D0%C6%DA,290,-65.0,方正中期
2026-02-03,CU2602,short,20,%BD%A8%D0%C5%C6%DA%BB%F5,225,-260.0,建信期货
2026-02-03,CU2602,short,999,TOTAL,33875,,TOTAL
2026-02-04,CU2602,volume,1,%BD%F0%C8%F0%C6%DA%BB%F5,4095,-225.0,金瑞期货
2026-02-04,CU2602,volume,2,%B6%AB%D6%A4%C6%DA%BB%F5,4035,-225.0,东证期货
2026-02-04,CU2602,volume,3,%B9%FA%CC%A9%BE%FD%B0%B2,2210,-715.0,国泰君安
2026-02-04,CU2602,volume,4,%D6%D0%D0%C5%C6%DA%BB%F5,1890,-980.0,中信期货
2026-02-04,CU2602,volume,5,%D2%F8%BA%D3%C6%DA%BB%F5,1675,-535.0,银河期货
2026-02-04,CU2602,volume,6,%D6%D0%CC%A9%C6%DA%BB%F5,1395,-325.0,中泰期货
2026-02-04,CU2602,volume,7,%D7%CF%BD%F0%CC%EC%B7%E7,1385,-45.0,紫金天风
2026-02-04,CU2602,volume,8,%B9%E2%B4%F3%C6%DA%BB%F5,1215,-835.0,光大期货
2026-02-04,CU2602,volume,9,%B9%E3%B7%A2%C6%DA%BB%F5,1040,-880.0,广发期货
2026-02-04,CU2602,volume,10,%B9%FA%C3%B3%C6%DA%BB%F5,965,-2495.0,国贸期货
2026-02-04,CU2602,volume,11,%CD%AD%B9%DA%BD%F0%D4%B4,930,290.0,铜冠金源
2026-02-04,CU2602,volume,12,%D6%D0%C1%B8%C6%DA%BB%F5,815,245.0,中粮期货
2026-02-04,CU2602,volume,13,%D4%C6%B3%BF%C6%DA%BB%F5,780,240.0,云晨期货
2026-02-04,CU2602,volume,14,%BB%AA%CC%A9%C6%DA%BB%F5,750,225.0,华泰期货
2026-02-04,CU2602,volume,15,%CE%EF%B2%FA%D6%D0%B4%F3,745,410.0,物产中大
2026-02-04,CU2602,volume,16,%C4%CF%BB%AA%C6%DA%BB%F5,720,5.0,南华期货
2026-02-04,CU2602,volume,17,%C9%EA%CD%F2%C6%DA%BB%F5,620,-620.0,申万期货
2026-02-04,CU2602,volume,18,%BB%AA%CE%C5%C6%DA%BB%F5,610,-115.0,华闻期货
2026-02-04,CU2602,volume,19,%C9%BD%BD%F0%C6%DA%BB%F5,520,15.0,山金期货
2026-02-04,CU2602,volume,20,%BD%A8%D0%C5%C6%DA%BB%F5,465,-205.0,建信期货
2026-02-04,CU2602,volume,999,TOTAL,26860,,TOTAL
2026-02-04,CU2602,long,1,%BD%F0%C8%F0%C6%DA%BB%F5,5970,-630.0,金瑞期货
2026-02-04,CU2602,long,2,%D6%D0%D0%C5%C6%DA%BB%F5,4270,55.0,中信期货
2026-02-04,CU2602,long,3,%B9%FA%CC%A9%BE%FD%B0%B2,3935,-260.0,国泰君安
2026-02-04,CU2602,long,4,%D2%F8%BA%D3%C6%DA%BB%F5,2920,165.0,银河期货
2026-02-04,CU2602,long,5,%B9%FA%C3%B3%C6%DA%BB%F5,1425,-90.0,国贸期货
2026-02-04,CU2602,long,6,%B6%AB%D6%A4%C6%DA%BB%F5,1290,-160.0,东证期货
2026-02-04,CU2602,long,7,%B6%AB%CE%E2%C6%DA%BB%F5,1265,-120.0,东吴期货
2026-02-04,CU2602,long,8,%D4%C6%B3%BF%C6%DA%BB%F5,1215,360.0,云晨期货
2026-02-04,CU2602,long,9,%B9%E3%B7%A2%C6%DA%BB%F5,1145,285.0,广发期货
2026-02-04,CU2602,long,10,%CE%E5%BF%F3%C6%DA%BB%F5,1045,-145.0,五矿期货
2026-02-04,CU2602,long,11,%D6%D0%C1%B8%C6%DA%BB%F5,990,160.0,中粮期货
2026-02-04,CU2602,long,12,%BB%AA%CC%A9%C6%DA%BB%F5,880,-170.0,华泰期货
2026-02-04,CU2602,long,13,%BD%A8%D0%C5%C6%DA%BB%F5,580,-265.0,建信期货
2026-02-04,CU2602,long,14,%D7%CF%BD%F0%CC%EC%B7%E7,565,-350.0,紫金天风
2026-02-04,CU2602,long,15,%CE%EF%B2%FA%D6%D0%B4%F3,540,265.0,物产中大
2026-02-04,CU2602,long,16,%BB%AA%BD%F0%C6%DA%BB%F5,530,0.0,华金期货
2026-02-04,CU2602,long,17,%B9%E2%B4%F3%C6%DA%BB%F5,515,15.0,光大期货
2026-02-04,CU2602,long,18,%BA%A3%CD%A8%C6%DA%BB%F5,495,15.0,海通期货
2026-02-04,CU2602,long,19,%C9%BD%BD%F0%C6%DA%BB%F5,455,90.0,山金期货
2026-02-04,CU2602,long,20,%D6%D0%BA%BD%C6%DA%BB%F5,440,-215.0,中航期货
2026-02-04,CU2602,long,999,TOTAL,30470,,TOTAL
2026-02-04,CU2602,short,1,%BD%F0%C8%F0%C6%DA%BB%F5,5820,-85.0,金瑞期货
2026-02-04,CU2602,short,2,%D6%D0%D0%C5%C6%DA%BB%F5,5380,-445.0,中信期货
2026-02-04,CU2602,short,3,%CD%AD%B9%DA%BD%F0%D4%B4,4960,130.0,铜冠金源
2026-02-04,CU2602,short,4,%D4%C6%B3%BF%C6%DA%BB%F5,2670,90.0,云晨期货
2026-02-04,CU2602,short,5,%D6%D0%C1%B8%C6%DA%BB%F5,2630,-285.0,中粮期货
2026-02-04,CU2602,short,6,%B9%FA%CC%A9%BE%FD%B0%B2,2390,-380.0,国泰君安
2026-02-04,CU2602,short,7,%CE%E5%BF%F3%C6%DA%BB%F5,2315,-45.0,五矿期货
2026-02-04,CU2602,short,8,%B9%E3%B7%A2%C6%DA%BB%F5,1035,-145.0,广发期货
2026-02-04,CU2602,short,9,%B9%E2%B4%F3%C6%DA%BB%F5,870,-190.0,光大期货
2026-02-04,CU2602,short,10,%D7%CF%BD%F0%CC%EC%B7%E7,615,-305.0,紫金天风
2026-02-04,CU2602,short,11,%D0%CB%D2%B5%C6%DA%BB%F5,580,-5.0,兴业期货
2026-02-04,CU2602,short,12,%B9%FA%D4%AA%C6%DA%BB%F5,475,170.0,国元期货
2026-02-04,CU2602,short,13,%B9%FA%CD%B6%C6%DA%BB%F5,465,115.0,国投期货
2026-02-04,CU2602,short,14,%D2%F8%BA%D3%C6%DA%BB%F5,415,0.0,银河期货
2026-02-04,CU2602,short,15,%B6%AB%D6%A4%C6%DA%BB%F5,370,35.0,东证期货
2026-02-04,CU2602,short,16,%B9%FA%C3%B3%C6%DA%BB%F5,365,5.0,国贸期货
2026-02-04,CU2602,short,17,%B7%BD%D5%FD%D6%D0%C6%DA,290,0.0,方正中期
2026-02-04,CU2602,short,18,%C9%BD%BD%F0%C6%DA%BB%F5,285,110.0,山金期货
2026-02-04,CU2602,short,19,%B4%B4%D4%AA%C6%DA%BB%F5,280,-65.0,创元期货
2026-02-04,CU2602,short,20,%D6%D0%BD%F0%C1%EB%C4%CF,220,0.0,中金岭南
2026-02-04,CU2602,short,999,TOTAL,32430,,TOTAL
2026-02-24,CU2603,volume,1,%B9%FA%CC%A9%BE%FD%B0%B2,25784,-22316.0,国泰君安
2026-02-24,CU2603,volume,2,%D6%D0%D0%C5%C6%DA%BB%F5,15298,-16143.0,中信期货
2026-02-24,CU2603,volume,3,%B6%AB%D6%A4%C6%DA%BB%F5,11223,-15201.0,东证期货
2026-02-24,CU2603,volume,4,%D5%E3%C9%CC%C6%DA%BB%F5,9851,-4406.0,浙商期货
2026-02-24,CU2603,volume,5,%BA%A3%CD%A8%C6%DA%BB%F5,5114,-1848.0,海通期货
2026-02-24,CU2603,volume,6,%BD%F0%C8%F0%C6%DA%BB%F5,4844,-121.0,金瑞期货
2026-02-24,CU2603,volume,7,%D2%F8%BA%D3%C6%DA%BB%F5,4692,-3462.0,银河期货
2026-02-24,CU2603,volume,8,%BB%AA%CC%A9%C6%DA%BB%F5,3683,-12671.0,华泰期货
2026-02-24,CU2603,volume,9,%CD%AD%B9%DA%BD%F0%D4%B4,3613,1417.0,铜冠金源
2026-02-24,CU2603,volume,10,%B9%FA%D0%C5%C6%DA%BB%F5,2688,-6295.0,国信期货
2026-02-24,CU2603,volume,11,%B9%E3%B7%A2%C6%DA%BB%F5,2346,-2233.0,广发期货
2026-02-24,CU2603,volume,12,%C4%CF%BB%AA%C6%DA%BB%F5,2228,-636.0,南华期货
2026-02-24,CU2603,volume,13,%D6%D0%CC%A9%C6%DA%BB%F5,2046,-2047.0,中泰期货
2026-02-24,CU2603,volume,14,%BB%AA%CE%C5%C6%DA%BB%F5,1807,-3267.0,华闻期货
2026-02-24,CU2603,volume,15,%D6%D0%C1%B8%C6%DA%BB%F5,1759,376.0,中粮期货
2026-02-24,CU2603,volume,16,%CE%E5%BF%F3%C6%DA%BB%F5,1749,-2296.0,五矿期货
2026-02-24,CU2603,volume,17,%B9%FA%D4%AA%C6%DA%BB%F5,1630,-819.0,国元期货
2026-02-24,CU2603,volume,18,%B9%FA%C3%B3%C6%DA%BB%F5,1551,-1020.0,国贸期货
2026-02-24,CU2603,volume,19,%B7%BD%D5%FD%D6%D0%C6%DA,1444,-1227.0,方正中期
2026-02-24,CU2603,volume,20,%C9%EA%CD%F2%C6%DA%BB%F5,1393,-679.0,申万期货
2026-02-24,CU2603,volume,999,TOTAL,104743,,TOTAL
2026-02-24,CU2603,long,1,%D6%D0%D0%C5%C6%DA%BB%F5,16122,377.0,中信期货
2026-02-24,CU2603,long,2,%B9%FA%CC%A9%BE%FD%B0%B2,15695,-2439.0,国泰君安
2026-02-24,CU2603,long,3,%BD%F0%C8%F0%C6%DA%BB%F5,9000,422.0,金瑞期货
2026-02-24,CU2603,long,4,%D3%C0%B0%B2%C6%DA%BB%F5,4258,-759.0,永安期货
2026-02-24,CU2603,long,5,%B6%AB%CE%E2%C6%DA%BB%F5,4034,-73.0,东吴期货
2026-02-24,CU2603,long,6,%D2%F8%BA%D3%C6%DA%BB%F5,3897,-240.0,银河期货
2026-02-24,CU2603,long,7,%D7%CF%BD%F0%CC%EC%B7%E7,3079,-88.0,紫金天风
2026-02-24,CU2603,long,8,%CE%E5%BF%F3%C6%DA%BB%F5,3000,433.0,五矿期货
2026-02-24,CU2603,long,9,%B9%FA%C3%B3%C6%DA%BB%F5,2648,235.0,国贸期货
2026-02-24,CU2603,long,10,%B6%AB%D6%A4%C6%DA%BB%F5,2614,-1045.0,东证期货
2026-02-24,CU2603,long,11,%D6%D0%BA%BD%C6%DA%BB%F5,2499,-118.0,中航期货
2026-02-24,CU2603,long,12,%BA%EB%D2%B5%C6%DA%BB%F5,2474,-77.0,弘业期货
2026-02-24,CU2603,long,13,%D4%C6%B3%BF%C6%DA%BB%F5,2420,-185.0,云晨期货
2026-02-24,CU2603,long,14,%BB%AA%CC%A9%C6%DA%BB%F5,2189,-878.0,华泰期货
2026-02-24,CU2603,long,15,%B9%E2%B4%F3%C6%DA%BB%F5,2102,-46.0,光大期货
2026-02-24,CU2603,long,16,%B9%E3%B7%A2%C6%DA%BB%F5,2044,-187.0,广发期货
2026-02-24,CU2603,long,17,%BA%A3%CD%A8%C6%DA%BB%F5,2031,-121.0,海通期货
2026-02-24,CU2603,long,18,%CD%AD%B9%DA%BD%F0%D4%B4,1784,48.0,铜冠金源
2026-02-24,CU2603,long,19,%C9%EA%CD%F2%C6%DA%BB%F5,1765,-152.0,申万期货
2026-02-24,CU2603,long,20,%B9%FA%D4%AA%C6%DA%BB%F5,1716,340.0,国元期货
2026-02-24,CU2603,long,999,TOTAL,85371,,TOTAL
2026-02-24,CU2603,short,1,%D6%D0%D0%C5%C6%DA%BB%F5,19863,-989.0,中信期货
2026-02-24,CU2603,short,2,%B9%FA%CC%A9%BE%FD%B0%B2,9973,-1605.0,国泰君安
2026-02-24,CU2603,short,3,%BD%F0%C8%F0%C6%DA%BB%F5,8656,-1616.0,金瑞期货
2026-02-24,CU2603,short,4,%D2%F8%BA%D3%C6%DA%BB%F5,7547,-198.0,银河期货
2026-02-24,CU2603,short,5,%D6%D0%C1%B8%C6%DA%BB%F5,6775,-530.0,中粮期货
2026-02-24,CU2603,short,6,%CD%AD%B9%DA%BD%F0%D4%B4,5204,2213.0,铜冠金源
2026-02-24,CU2603,short,7,%B9%E3%B7%A2%C6%DA%BB%F5,4656,-213.0,广发期货
2026-02-24,CU2603,short,8,%B6%AB%D6%A4%C6%DA%BB%F5,4010,-564.0,东证期货
2026-02-24,CU2603,short,9,%B9%FA%C3%B3%C6%DA%BB%F5,3527,12.0,国贸期货
2026-02-24,CU2603,short,10,%B9%FA%CD%B6%C6%DA%BB%F5,3506,-376.0,国投期货
2026-02-24,CU2603,short,11,%D0%C2%BA%FE%C6%DA%BB%F5,2912,137.0,新湖期货
2026-02-24,CU2603,short,12,%CE%E5%BF%F3%C6%DA%BB%F5,2843,-370.0,五矿期货
2026-02-24,CU2603,short,13,%B9%E2%B4%F3%C6%DA%BB%F5,2681,248.0,光大期货
2026-02-24,CU2603,short,14,%D7%CF%BD%F0%CC%EC%B7%E7,2589,-388.0,紫金天风
2026-02-24,CU2603,short,15,%BB%AA%CC%A9%C6%DA%BB%F5,2530,-805.0,华泰期货
2026-02-24,CU2603,short,16,%C9%BD%BD%F0%C6%DA%BB%F5,2419,-34.0,山金期货
2026-02-24,CU2603,short,17,%BA%A3%CD%A8%C6%DA%BB%F5,2209,-193.0,海通期货
2026-02-24,CU2603,short,18,%B7%BD%D5%FD%D6%D0%C6%DA,2011,339.0,方正中期
2026-02-24,CU2603,short,19,%D0%CB%D2%B5%C6%DA%BB%F5,1949,-81.0,兴业期货
2026-02-24,CU2603,short,20,%B9%FA%D0%C5%C6%DA%BB%F5,1704,-518.0,国信期货
2026-02-24,CU2603,short,999,TOTAL,97564,,TOTAL
2026-02-25,CU2603,volume,1,%B9%FA%CC%A9%BE%FD%B0%B2,31403,5619.0,国泰君安
2026-02-25,CU2603,volume,2,%D6%D0%D0%C5%C6%DA%BB%F5,20810,5512.0,中信期货
2026-02-25,CU2603,volume,3,%B6%AB%D6%A4%C6%DA%BB%F5,14131,2908.0,东证期货
2026-02-25,CU2603,volume,4,%BD%F0%C8%F0%C6%DA%BB%F5,11629,6785.0,金瑞期货
2026-02-25,CU2603,volume,5,%BA%A3%CD%A8%C6%DA%BB%F5,5911,797.0,海通期货
2026-02-25,CU2603,volume,6,%D2%F8%BA%D3%C6%DA%BB%F5,5222,530.0,银河期货
2026-02-25,CU2603,volume,7,%D5%E3%C9%CC%C6%DA%BB%F5,4511,-5340.0,浙商期货
2026-02-25,CU2603,volume,8,%B9%E3%B7%A2%C6%DA%BB%F5,3841,1495.0,广发期货
2026-02-25,CU2603,volume,9,%D3%C0%B0%B2%C6%DA%BB%F5,3466,2360.0,永安期货
2026-02-25,CU2603,volume,10,%BB%AA%CC%A9%C6%DA%BB%F5,3356,-327.0,华泰期货
2026-02-25,CU2603,volume,11,%B9%FA%D0%C5%C6%DA%BB%F5,2561,-127.0,国信期货
2026-02-25,CU2603,volume,12,%D6%D0%C1%B8%C6%DA%BB%F5,2359,600.0,中粮期货
2026-02-25,CU2603,volume,13,%CE%E5%BF%F3%C6%DA%BB%F5,2233,484.0,五矿期货
2026-02-25,CU2603,volume,14,%D4%C6%B3%BF%C6%DA%BB%F5,2151,1631.0,云晨期货
2026-02-25,CU2603,volume,15,%B9%FA%C3%B3%C6%DA%BB%F5,2061,510.0,国贸期货
2026-02-25,CU2603,volume,16,%BB%AA%CE%C5%C6%DA%BB%F5,2039,232.0,华闻期货
2026-02-25,CU2603,volume,17,%D6%D0%CC%A9%C6%DA%BB%F5,1769,-277.0,中泰期货
2026-02-25,CU2603,volume,18,%C4%CF%BB%AA%C6%DA%BB%F5,1639,-589.0,南华期货
2026-02-25,CU2603,volume,19,%B6%AB%CE%E2%C6%DA%BB%F5,1631,539.0,东吴期货
2026-02-25,CU2603,volume,20,%CD%AD%B9%DA%BD%F0%D4%B4,1612,-2001.0,铜冠金源
2026-02-25,CU2603,volume,999,TOTAL,124335,,TOTAL
2026-02-25,CU2603,long,1,%D6%D0%D0%C5%C6%DA%BB%F5,16021,-101.0,中信期货
2026-02-25,CU2603,long,2,%B9%FA%CC%A9%BE%FD%B0%B2,11620,-4075.0,国泰君安
2026-02-25,CU2603,long,3,%BD%F0%C8%F0%C6%DA%BB%F5,9809,809.0,金瑞期货
2026-02-25,CU2603,long,4,%B6%AB%CE%E2%C6%DA%BB%F5,3519,-515.0,东吴期货
2026-02-25,CU2603,long,5,%D2%F8%BA%D3%C6%DA%BB%F5,3238,-659.0,银河期货
2026-02-25,CU2603,long,6,%D7%CF%BD%F0%CC%EC%B7%E7,3042,-37.0,紫金天风
2026-02-25,CU2603,long,7,%CE%E5%BF%F3%C6%DA%BB%F5,2587,-413.0,五矿期货
2026-02-25,CU2603,long,8,%B9%FA%C3%B3%C6%DA%BB%F5,2513,-135.0,国贸期货
2026-02-25,CU2603,long,9,%D6%D0%BA%BD%C6%DA%BB%F5,2266,-233.0,中航期货
2026-02-25,CU2603,long,10,%BA%EB%D2%B5%C6%DA%BB%F5,2210,-264.0,弘业期货
2026-02-25,CU2603,long,11,%D4%C6%B3%BF%C6%DA%BB%F5,2127,-293.0,云晨期货
2026-02-25,CU2603,long,12,%B6%AB%D6%A4%C6%DA%BB%F5,1990,-624.0,东证期货
2026-02-25,CU2603,long,13,%C9%EA%CD%F2%C6%DA%BB%F5,1875,110.0,申万期货
2026-02-25,CU2603,long,14,%CD%AD%B9%DA%BD%F0%D4%B4,1695,-89.0,铜冠金源
2026-02-25,CU2603,long,15,%D3%C0%B0%B2%C6%DA%BB%F5,1680,-2578.0,永安期货
2026-02-25,CU2603,long,16,%BB%AA%CC%A9%C6%DA%BB%F5,1618,-571.0,华泰期货
2026-02-25,CU2603,long,17,%B9%E2%B4%F3%C6%DA%BB%F5,1566,-536.0,光大期货
2026-02-25,CU2603,long,18,%B9%E3%B7%A2%C6%DA%BB%F5,1548,-496.0,广发期货
2026-02-25,CU2603,long,19,%BD%A8%D0%C5%C6%DA%BB%F5,1514,-11.0,建信期货
2026-02-25,CU2603,long,20,%B9%FA%D4%AA%C6%DA%BB%F5,1398,-318.0,国元期货
2026-02-25,CU2603,long,999,TOTAL,73836,,TOTAL
2026-02-25,CU2603,short,1,%D6%D0%D0%C5%C6%DA%BB%F5,15292,-4571.0,中信期货
2026-02-25,CU2603,short,2,%B9%FA%CC%A9%BE%FD%B0%B2,8111,-1862.0,国泰君安
2026-02-25,CU2603,short,3,%BD%F0%C8%F0%C6%DA%BB%F5,7642,-1014.0,金瑞期货
2026-02-25,CU2603,short,4,%CD%AD%B9%DA%BD%F0%D4%B4,5783,579.0,铜冠金源
2026-02-25,CU2603,short,5,%D2%F8%BA%D3%C6%DA%BB%F5,5708,-1839.0,银河期货
2026-02-25,CU2603,short,6,%D6%D0%C1%B8%C6%DA%BB%F5,5213,-1562.0,中粮期货
2026-02-25,CU2603,short,7,%B9%E3%B7%A2%C6%DA%BB%F5,3727,-929.0,广发期货
2026-02-25,CU2603,short,8,%CE%E5%BF%F3%C6%DA%BB%F5,2863,20.0,五矿期货
2026-02-25,CU2603,short,9,%B9%FA%CD%B6%C6%DA%BB%F5,2851,-655.0,国投期货
2026-02-25,CU2603,short,10,%B9%FA%C3%B3%C6%DA%BB%F5,2713,-814.0,国贸期货
2026-02-25,CU2603,short,11,%B6%AB%D6%A4%C6%DA%BB%F5,2531,-1479.0,东证期货
2026-02-25,CU2603,short,12,%D4%C6%B3%BF%C6%DA%BB%F5,2451,1652.0,云晨期货
2026-02-25,CU2603,short,13,%B9%E2%B4%F3%C6%DA%BB%F5,2418,-263.0,光大期货
2026-02-25,CU2603,short,14,%C9%BD%BD%F0%C6%DA%BB%F5,2277,-142.0,山金期货
2026-02-25,CU2603,short,15,%D0%C2%BA%FE%C6%DA%BB%F5,2249,-663.0,新湖期货
2026-02-25,CU2603,short,16,%D7%CF%BD%F0%CC%EC%B7%E7,2213,-376.0,紫金天风
2026-02-25,CU2603,short,17,%BB%AA%CC%A9%C6%DA%BB%F5,2177,-353.0,华泰期货
2026-02-25,CU2603,short,18,%B7%BD%D5%FD%D6%D0%C6%DA,1811,-200.0,方正中期
2026-02-25,CU2603,short,19,%D0%CB%D2%B5%C6%DA%BB%F5,1766,-183.0,兴业期货
2026-02-25,CU2603,short,20,%C2%F5%BF%C6%C6%DA%BB%F5,1353,-12.0,迈科期货
2026-02-25,CU2603,short,999,TOTAL,81149,,TOTAL
2026-02-27,CU2603,volume,1,%B6%AB%D6%A4%C6%DA%BB%F5,9428,-2122.0,东证期货
2026-02-27,CU2603,volume,2,%D6%D0%D0%C5%C6%DA%BB%F5,9000,-12368.0,中信期货
2026-02-27,CU2603,volume,3,%BD%F0%C8%F0%C6%DA%BB%F5,8354,803.0,金瑞期货
2026-02-27,CU2603,volume,4,%B9%FA%CC%A9%BE%FD%B0%B2,6402,-4966.0,国泰君安
2026-02-27,CU2603,volume,5,%D2%F8%BA%D3%C6%DA%BB%F5,4108,651.0,银河期货
2026-02-27,CU2603,volume,6,%B9%E3%B7%A2%C6%DA%BB%F5,2850,1264.0,广发期货
2026-02-27,CU2603,volume,7,%B9%FA%D4%AA%C6%DA%BB%F5,2766,1270.0,国元期货
2026-02-27,CU2603,volume,8,%B9%E2%B4%F3%C6%DA%BB%F5,2743,988.0,光大期货
2026-02-27,CU2603,volume,9,%BB%AA%CC%A9%C6%DA%BB%F5,2262,-700.0,华泰期货
2026-02-27,CU2603,volume,10,%B9%FA%C3%B3%C6%DA%BB%F5,2253,-270.0,国贸期货
2026-02-27,CU2603,volume,11,%B7%BD%D5%FD%D6%D0%C6%DA,2122,1353.0,方正中期
2026-02-27,CU2603,volume,12,%D4%C6%B3%BF%C6%DA%BB%F5,2075,30.0,云晨期货
2026-02-27,CU2603,volume,13,%C4%CF%BB%AA%C6%DA%BB%F5,1878,339.0,南华期货
2026-02-27,CU2603,volume,14,%CD%AD%B9%DA%BD%F0%D4%B4,1826,-182.0,铜冠金源
2026-02-27,CU2603,volume,15,%CE%E5%BF%F3%C6%DA%BB%F5,1436,-1251.0,五矿期货
2026-02-27,CU2603,volume,16,%C9%EA%CD%F2%C6%DA%BB%F5,1423,289.0,申万期货
2026-02-27,CU2603,volume,17,%BA%EB%D2%B5%C6%DA%BB%F5,1365,500.0,弘业期货
2026-02-27,CU2603,volume,18,%B6%AB%CE%E2%C6%DA%BB%F5,1314,153.0,东吴期货
2026-02-27,CU2603,volume,19,%D7%CF%BD%F0%CC%EC%B7%E7,1299,529.0,紫金天风
2026-02-27,CU2603,volume,20,%B9%FA%D0%C5%C6%DA%BB%F5,1231,-253.0,国信期货
2026-02-27,CU2603,volume,999,TOTAL,66135,,TOTAL
2026-02-27,CU2603,long,1,%BD%F0%C8%F0%C6%DA%BB%F5,11925,464.0,金瑞期货
2026-02-27,CU2603,long,2,%D6%D0%D0%C5%C6%DA%BB%F5,11551,-2133.0,中信期货
2026-02-27,CU2603,long,3,%B9%FA%CC%A9%BE%FD%B0%B2,8330,-1118.0,国泰君安
2026-02-27,CU2603,long,4,%D7%CF%BD%F0%CC%EC%B7%E7,2705,-303.0,紫金天风
2026-02-27,CU2603,long,5,%B9%FA%C3%B3%C6%DA%BB%F5,2535,11.0,国贸期货
2026-02-27,CU2603,long,6,%D4%C6%B3%BF%C6%DA%BB%F5,2220,61.0,云晨期货
2026-02-27,CU2603,long,7,%B6%AB%CE%E2%C6%DA%BB%F5,2006,-829.0,东吴期货
2026-02-27,CU2603,long,8,%D2%F8%BA%D3%C6%DA%BB%F5,1961,-618.0,银河期货
2026-02-27,CU2603,long,9,%CE%E5%BF%F3%C6%DA%BB%F5,1860,-309.0,五矿期货
2026-02-27,CU2603,long,10,%D6%D0%BA%BD%C6%DA%BB%F5,1565,-501.0,中航期货
2026-02-27,CU2603,long,11,%C9%EA%CD%F2%C6%DA%BB%F5,1534,-277.0,申万期货
2026-02-27,CU2603,long,12,%BA%EB%D2%B5%C6%DA%BB%F5,1325,-677.0,弘业期货
2026-02-27,CU2603,long,13,%B9%E2%B4%F3%C6%DA%BB%F5,1261,-192.0,光大期货
2026-02-27,CU2603,long,14,%BD%A8%D0%C5%C6%DA%BB%F5,1140,-198.0,建信期货
2026-02-27,CU2603,long,15,%CD%AD%B9%DA%BD%F0%D4%B4,1135,-299.0,铜冠金源
2026-02-27,CU2603,long,16,%BB%AA%CC%A9%C6%DA%BB%F5,1131,-274.0,华泰期货
2026-02-27,CU2603,long,17,%B9%E3%B7%A2%C6%DA%BB%F5,1079,-125.0,广发期货
2026-02-27,CU2603,long,18,%D2%BB%B5%C2%C6%DA%BB%F5,1035,214.0,一德期货
2026-02-27,CU2603,long,19,%B6%AB%D6%A4%C6%DA%BB%F5,965,-228.0,东证期货
2026-02-27,CU2603,long,20,%C4%CF%BB%AA%C6%DA%BB%F5,880,-121.0,南华期货
2026-02-27,CU2603,long,999,TOTAL,58143,,TOTAL
2026-02-27,CU2603,short,1,%D6%D0%D0%C5%C6%DA%BB%F5,11062,-543.0,中信期货
2026-02-27,CU2603,short,2,%CD%AD%B9%DA%BD%F0%D4%B4,6065,307.0,铜冠金源
2026-02-27,CU2603,short,3,%D6%D0%C1%B8%C6%DA%BB%F5,5425,-112.0,中粮期货
2026-02-27,CU2603,short,4,%BD%F0%C8%F0%C6%DA%BB%F5,5255,-458.0,金瑞期货
2026-02-27,CU2603,short,5,%B9%FA%CC%A9%BE%FD%B0%B2,4075,-2714.0,国泰君安
2026-02-27,CU2603,short,6,%D2%F8%BA%D3%C6%DA%BB%F5,3190,-1230.0,银河期货
2026-02-27,CU2603,short,7,%CE%E5%BF%F3%C6%DA%BB%F5,2925,-185.0,五矿期货
2026-02-27,CU2603,short,8,%B9%FA%CD%B6%C6%DA%BB%F5,2620,-465.0,国投期货
2026-02-27,CU2603,short,9,%D4%C6%B3%BF%C6%DA%BB%F5,2160,-538.0,云晨期货
2026-02-27,CU2603,short,10,%D7%CF%BD%F0%CC%EC%B7%E7,2035,-178.0,紫金天风
2026-02-27,CU2603,short,11,%C9%BD%BD%F0%C6%DA%BB%F5,1960,-225.0,山金期货
2026-02-27,CU2603,short,12,%B6%AB%D6%A4%C6%DA%BB%F5,1710,-160.0,东证期货
2026-02-27,CU2603,short,13,%B9%E3%B7%A2%C6%DA%BB%F5,1670,-1395.0,广发期货
2026-02-27,CU2603,short,14,%B9%FA%C3%B3%C6%DA%BB%F5,1605,-208.0,国贸期货
2026-02-27,CU2603,short,15,%D0%C2%BA%FE%C6%DA%BB%F5,1525,-313.0,新湖期货
2026-02-27,CU2603,short,16,%BD%A8%D0%C5%C6%DA%BB%F5,1500,-31.0,建信期货
2026-02-27,CU2603,short,17,%BB%AA%CC%A9%C6%DA%BB%F5,1300,-276.0,华泰期货
2026-02-27,CU2603,short,18,%C2%F5%BF%C6%C6%DA%BB%F5,1290,-59.0,迈科期货
2026-02-27,CU2603,short,19,%B7%BD%D5%FD%D6%D0%C6%DA,1216,-203.0,方正中期
2026-02-27,CU2603,short,20,%B0%B2%C1%B8%C6%DA%BB%F5,1060,-23.0,安粮期货
2026-02-27,CU2603,short,999,TOTAL,59648,,TOTAL
2026-03-02,CU2603,volume,1,%BD%F0%C8%F0%C6%DA%BB%F5,8350,-4.0,金瑞期货
2026-03-02,CU2603,volume,2,%D6%D0%D0%C5%C6%DA%BB%F5,6223,-2777.0,中信期货
2026-03-02,CU2603,volume,3,%B6%AB%D6%A4%C6%DA%BB%F5,4815,-4613.0,东证期货
2026-03-02,CU2603,volume,4,%B9%FA%CC%A9%BE%FD%B0%B2,3680,-2722.0,国泰君安
2026-03-02,CU2603,volume,5,%B9%FA%C3%B3%C6%DA%BB%F5,3165,912.0,国贸期货
2026-03-02,CU2603,volume,6,%D2%F8%BA%D3%C6%DA%BB%F5,3121,-987.0,银河期货
2026-03-02,CU2603,volume,7,%B9%E3%B7%A2%C6%DA%BB%F5,2524,-326.0,广发期货
2026-03-02,CU2603,volume,8,%B9%FA%D4%AA%C6%DA%BB%F5,1916,-850.0,国元期货
2026-03-02,CU2603,volume,9,%B9%E2%B4%F3%C6%DA%BB%F5,1861,-882.0,光大期货
2026-03-02,CU2603,volume,10,%CD%AD%B9%DA%BD%F0%D4%B4,1820,-6.0,铜冠金源
2026-03-02,CU2603,volume,11,%D6%D0%C1%B8%C6%DA%BB%F5,1760,1474.0,中粮期货
2026-03-02,CU2603,volume,12,%BB%AA%CE%C5%C6%DA%BB%F5,1500,502.0,华闻期货
2026-03-02,CU2603,volume,13,%C9%EA%CD%F2%C6%DA%BB%F5,1355,-68.0,申万期货
2026-03-02,CU2603,volume,14,%D6%D0%CC%A9%C6%DA%BB%F5,1200,226.0,中泰期货
2026-03-02,CU2603,volume,15,%BB%AA%CC%A9%C6%DA%BB%F5,946,-1316.0,华泰期货
2026-03-02,CU2603,volume,16,%CE%E5%BF%F3%C6%DA%BB%F5,910,-526.0,五矿期货
2026-03-02,CU2603,volume,17,%D5%E3%C9%CC%C6%DA%BB%F5,825,99.0,浙商期货
2026-03-02,CU2603,volume,18,%B7%BD%D5%FD%D6%D0%C6%DA,693,-1429.0,方正中期
2026-03-02,CU2603,volume,19,%CC%EC%B8%BB%C6%DA%BB%F5,630,621.0,天富期货
2026-03-02,CU2603,volume,20,%BD%A8%D0%C5%C6%DA%BB%F5,575,-160.0,建信期货
2026-03-02,CU2603,volume,999,TOTAL,47869,,TOTAL
2026-03-02,CU2603,long,1,%D6%D0%D0%C5%C6%DA%BB%F5,10675,-876.0,中信期货
2026-03-02,CU2603,long,2,%BD%F0%C8%F0%C6%DA%BB%F5,10315,-1610.0,金瑞期货
2026-03-02,CU2603,long,3,%B9%FA%CC%A9%BE%FD%B0%B2,8015,-315.0,国泰君安
2026-03-02,CU2603,long,4,%D7%CF%BD%F0%CC%EC%B7%E7,2540,-165.0,紫金天风
2026-03-02,CU2603,long,5,%B9%FA%C3%B3%C6%DA%BB%F5,2205,-330.0,国贸期货
2026-03-02,CU2603,long,6,%D4%C6%B3%BF%C6%DA%BB%F5,2110,-110.0,云晨期货
2026-03-02,CU2603,long,7,%B6%AB%CE%E2%C6%DA%BB%F5,1935,-71.0,东吴期货
2026-03-02,CU2603,long,8,%D2%F8%BA%D3%C6%DA%BB%F5,1785,-176.0,银河期货
2026-03-02,CU2603,long,9,%CE%E5%BF%F3%C6%DA%BB%F5,1745,-115.0,五矿期货
2026-03-02,CU2603,long,10,%D6%D0%BA%BD%C6%DA%BB%F5,1510,-55.0,中航期货
2026-03-02,CU2603,long,11,%C9%EA%CD%F2%C6%DA%BB%F5,1475,-59.0,申万期货
2026-03-02,CU2603,long,12,%B9%E3%B7%A2%C6%DA%BB%F5,1470,391.0,广发期货
2026-03-02,CU2603,long,13,%CD%AD%B9%DA%BD%F0%D4%B4,1380,245.0,铜冠金源
2026-03-02,CU2603,long,14,%B6%AB%D6%A4%C6%DA%BB%F5,1295,330.0,东证期货
2026-03-02,CU2603,long,15,%BD%A8%D0%C5%C6%DA%BB%F5,1170,30.0,建信期货
2026-03-02,CU2603,long,16,%D2%BB%B5%C2%C6%DA%BB%F5,1085,50.0,一德期货
2026-03-02,CU2603,long,17,%BA%EB%D2%B5%C6%DA%BB%F5,985,-340.0,弘业期货
2026-03-02,CU2603,long,18,%D6%D0%C1%B8%C6%DA%BB%F5,980,520.0,中粮期货
2026-03-02,CU2603,long,19,%BB%AA%CC%A9%C6%DA%BB%F5,945,-186.0,华泰期货
2026-03-02,CU2603,long,20,%B9%E2%B4%F3%C6%DA%BB%F5,895,-366.0,光大期货
2026-03-02,CU2603,long,999,TOTAL,54515,,TOTAL
2026-03-02,CU2603,short,1,%D6%D0%D0%C5%C6%DA%BB%F5,10455,-607.0,中信期货
2026-03-02,CU2603,short,2,%CD%AD%B9%DA%BD%F0%D4%B4,5930,-135.0,铜冠金源
2026-03-02,CU2603,short,3,%BD%F0%C8%F0%C6%DA%BB%F5,5145,-110.0,金瑞期货
2026-03-02,CU2603,short,4,%D6%D0%C1%B8%C6%DA%BB%F5,4865,-560.0,中粮期货
2026-03-02,CU2603,short,5,%B9%FA%CC%A9%BE%FD%B0%B2,4180,105.0,国泰君安
2026-03-02,CU2603,short,6,%CE%E5%BF%F3%C6%DA%BB%F5,2700,-225.0,五矿期货
2026-03-02,CU2603,short,7,%B9%FA%CD%B6%C6%DA%BB%F5,2680,60.0,国投期货
2026-03-02,CU2603,short,8,%D2%F8%BA%D3%C6%DA%BB%F5,2455,-735.0,银河期货
2026-03-02,CU2603,short,9,%D4%C6%B3%BF%C6%DA%BB%F5,2155,-5.0,云晨期货
2026-03-02,CU2603,short,10,%D7%CF%BD%F0%CC%EC%B7%E7,2020,-15.0,紫金天风
2026-03-02,CU2603,short,11,%B6%AB%D6%A4%C6%DA%BB%F5,1885,175.0,东证期货
2026-03-02,CU2603,short,12,%C9%BD%BD%F0%C6%DA%BB%F5,1850,-110.0,山金期货
2026-03-02,CU2603,short,13,%D0%C2%BA%FE%C6%DA%BB%F5,1545,20.0,新湖期货
2026-03-02,CU2603,short,14,%BD%A8%D0%C5%C6%DA%BB%F5,1445,-55.0,建信期货
2026-03-02,CU2603,short,15,%C2%F5%BF%C6%C6%DA%BB%F5,1365,75.0,迈科期货
2026-03-02,CU2603,short,16,%B9%FA%C3%B3%C6%DA%BB%F5,1100,-505.0,国贸期货
2026-03-02,CU2603,short,17,%B0%B2%C1%B8%C6%DA%BB%F5,1060,0.0,安粮期货
2026-03-02,CU2603,short,18,%BB%AA%CC%A9%C6%DA%BB%F5,920,-380.0,华泰期货
2026-03-02,CU2603,short,19,%B7%BD%D5%FD%D6%D0%C6%DA,910,-306.0,方正中期
2026-03-02,CU2603,short,20,%B9%E2%B4%F3%C6%DA%BB%F5,910,-65.0,光大期货
2026-03-02,CU2603,short,999,TOTAL,55575,,TOTAL
2026-03-03,CU2603,volume,1,%BD%F0%C8%F0%C6%DA%BB%F5,13180,4830.0,金瑞期货
2026-03-03,CU2603,volume,2,%D6%D0%D0%C5%C6%DA%BB%F5,5315,-908.0,中信期货
2026-03-03,CU2603,volume,3,%B6%AB%D6%A4%C6%DA%BB%F5,5140,325.0,东证期货
2026-03-03,CU2603,volume,4,%B9%FA%CC%A9%BE%FD%B0%B2,4185,505.0,国泰君安
2026-03-03,CU2603,volume,5,%D2%F8%BA%D3%C6%DA%BB%F5,3695,574.0,银河期货
2026-03-03,CU2603,volume,6,%D6%D0%CC%A9%C6%DA%BB%F5,2790,1590.0,中泰期货
2026-03-03,CU2603,volume,7,%B9%FA%D4%AA%C6%DA%BB%F5,2615,699.0,国元期货
2026-03-03,CU2603,volume,8,%B9%FA%C3%B3%C6%DA%BB%F5,2560,-605.0,国贸期货
2026-03-03,CU2603,volume,9,%C9%EA%CD%F2%C6%DA%BB%F5,2335,980.0,申万期货
2026-03-03,CU2603,volume,10,%B9%E2%B4%F3%C6%DA%BB%F5,2295,434.0,光大期货
2026-03-03,CU2603,volume,11,%CD%AD%B9%DA%BD%F0%D4%B4,1770,-50.0,铜冠金源
2026-03-03,CU2603,volume,12,%D6%D0%C1%B8%C6%DA%BB%F5,1770,10.0,中粮期货
2026-03-03,CU2603,volume,13,%CE%E5%BF%F3%C6%DA%BB%F5,1755,845.0,五矿期货
2026-03-03,CU2603,volume,14,%BB%AA%CE%C5%C6%DA%BB%F5,1610,110.0,华闻期货
2026-03-03,CU2603,volume,15,%B9%E3%B7%A2%C6%DA%BB%F5,1480,-1044.0,广发期货
2026-03-03,CU2603,volume,16,%C4%CF%BB%AA%C6%DA%BB%F5,1340,770.0,南华期货
2026-03-03,CU2603,volume,17,%BB%AA%CC%A9%C6%DA%BB%F5,1310,364.0,华泰期货
2026-03-03,CU2603,volume,18,%BD%A8%D0%C5%C6%DA%BB%F5,1130,555.0,建信期货
2026-03-03,CU2603,volume,19,%B6%AB%CE%E2%C6%DA%BB%F5,1000,889.0,东吴期货
2026-03-03,CU2603,volume,20,%CE%EF%B2%FA%D6%D0%B4%F3,950,850.0,物产中大
2026-03-03,CU2603,volume,999,TOTAL,58225,,TOTAL
2026-03-03,CU2603,long,1,%D6%D0%D0%C5%C6%DA%BB%F5,9325,-1350.0,中信期货
2026-03-03,CU2603,long,2,%BD%F0%C8%F0%C6%DA%BB%F5,7385,-2930.0,金瑞期货
2026-03-03,CU2603,long,3,%B9%FA%CC%A9%BE%FD%B0%B2,6765,-1250.0,国泰君安
2026-03-03,CU2603,long,4,%D7%CF%BD%F0%CC%EC%B7%E7,2310,-230.0,紫金天风
2026-03-03,CU2603,long,5,%CE%E5%BF%F3%C6%DA%BB%F5,2300,555.0,五矿期货
2026-03-03,CU2603,long,6,%D4%C6%B3%BF%C6%DA%BB%F5,2300,190.0,云晨期货
2026-03-03,CU2603,long,7,%D2%F8%BA%D3%C6%DA%BB%F5,2130,345.0,银河期货
2026-03-03,CU2603,long,8,%B6%AB%D6%A4%C6%DA%BB%F5,1930,635.0,东证期货
2026-03-03,CU2603,long,9,%B9%FA%C3%B3%C6%DA%BB%F5,1890,-315.0,国贸期货
2026-03-03,CU2603,long,10,%CD%AD%B9%DA%BD%F0%D4%B4,1585,205.0,铜冠金源
2026-03-03,CU2603,long,11,%C9%EA%CD%F2%C6%DA%BB%F5,1535,60.0,申万期货
2026-03-03,CU2603,long,12,%D6%D0%BA%BD%C6%DA%BB%F5,1460,-50.0,中航期货
2026-03-03,CU2603,long,13,%B9%FA%D4%AA%C6%DA%BB%F5,1240,835.0,国元期货
2026-03-03,CU2603,long,14,%BD%A8%D0%C5%C6%DA%BB%F5,1100,-70.0,建信期货
2026-03-03,CU2603,long,15,%B9%E3%B7%A2%C6%DA%BB%F5,1025,-445.0,广发期货
2026-03-03,CU2603,long,16,%B9%E2%B4%F3%C6%DA%BB%F5,985,90.0,光大期货
2026-03-03,CU2603,long,17,%B6%AB%CE%E2%C6%DA%BB%F5,960,-975.0,东吴期货
2026-03-03,CU2603,long,18,%BA%EB%D2%B5%C6%DA%BB%F5,950,-35.0,弘业期货
2026-03-03,CU2603,long,19,%CE%EF%B2%FA%D6%D0%B4%F3,935,535.0,物产中大
2026-03-03,CU2603,long,20,%B9%E3%D6%DD%C6%DA%BB%F5,900,120.0,广州期货
2026-03-03,CU2603,long,999,TOTAL,49010,,TOTAL
2026-03-03,CU2603,short,1,%D6%D0%D0%C5%C6%DA%BB%F5,10250,-205.0,中信期货
2026-03-03,CU2603,short,2,%BD%F0%C8%F0%C6%DA%BB%F5,5735,590.0,金瑞期货
2026-03-03,CU2603,short,3,%CD%AD%B9%DA%BD%F0%D4%B4,5245,-685.0,铜冠金源
2026-03-03,CU2603,short,4,%D6%D0%C1%B8%C6%DA%BB%F5,4355,-510.0,中粮期货
2026-03-03,CU2603,short,5,%B9%FA%CC%A9%BE%FD%B0%B2,3225,-955.0,国泰君安
2026-03-03,CU2603,short,6,%D2%F8%BA%D3%C6%DA%BB%F5,2785,330.0,银河期货
2026-03-03,CU2603,short,7,%B9%FA%CD%B6%C6%DA%BB%F5,2235,-445.0,国投期货
2026-03-03,CU2603,short,8,%D4%C6%B3%BF%C6%DA%BB%F5,2150,-5.0,云晨期货
2026-03-03,CU2603,short,9,%CE%E5%BF%F3%C6%DA%BB%F5,2130,-570.0,五矿期货
2026-03-03,CU2603,short,10,%C9%BD%BD%F0%C6%DA%BB%F5,1780,-70.0,山金期货
2026-03-03,CU2603,short,11,%B9%FA%C3%B3%C6%DA%BB%F5,1755,655.0,国贸期货
2026-03-03,CU2603,short,12,%B6%AB%D6%A4%C6%DA%BB%F5,1590,-295.0,东证期货
2026-03-03,CU2603,short,13,%D7%CF%BD%F0%CC%EC%B7%E7,1550,-470.0,紫金天风
2026-03-03,CU2603,short,14,%D0%C2%BA%FE%C6%DA%BB%F5,1390,-155.0,新湖期货
2026-03-03,CU2603,short,15,%C2%F5%BF%C6%C6%DA%BB%F5,1365,0.0,迈科期货
2026-03-03,CU2603,short,16,%B0%B2%C1%B8%C6%DA%BB%F5,1045,-15.0,安粮期货
2026-03-03,CU2603,short,17,%BD%A8%D0%C5%C6%DA%BB%F5,955,-490.0,建信期货
2026-03-03,CU2603,short,18,%BB%AA%CC%A9%C6%DA%BB%F5,915,-5.0,华泰期货
2026-03-03,CU2603,short,19,%B9%E2%B4%F3%C6%DA%BB%F5,825,-85.0,光大期货
2026-03-03,CU2603,short,20,%B9%E3%B7%A2%C6%DA%BB%F5,810,-75.0,广发期货
2026-03-03,CU2603,short,999,TOTAL,52090,,TOTAL
2026-03-04,CU2603,volume,1,%BD%F0%C8%F0%C6%DA%BB%F5,7290,-5890.0,金瑞期货
2026-03-04,CU2603,volume,2,%D6%D0%D0%C5%C6%DA%BB%F5,5280,-35.0,中信期货
2026-03-04,CU2603,volume,3,%B6%AB%D6%A4%C6%DA%BB%F5,4105,-1035.0,东证期货
2026-03-04,CU2603,volume,4,%D2%F8%BA%D3%C6%DA%BB%F5,3460,-235.0,银河期货
2026-03-04,CU2603,volume,5,%D7%CF%BD%F0%CC%EC%B7%E7,2950,2010.0,紫金天风
2026-03-04,CU2603,volume,6,%CD%AD%B9%DA%BD%F0%D4%B4,2700,930.0,铜冠金源
2026-03-04,CU2603,volume,7,%B9%FA%CC%A9%BE%FD%B0%B2,2125,-2060.0,国泰君安
2026-03-04,CU2603,volume,8,%D6%D0%CC%A9%C6%DA%BB%F5,2065,-725.0,中泰期货
2026-03-04,CU2603,volume,9,%BB%AA%CE%C5%C6%DA%BB%F5,2050,440.0,华闻期货
2026-03-04,CU2603,volume,10,%B9%FA%C3%B3%C6%DA%BB%F5,1935,-625.0,国贸期货
2026-03-04,CU2603,volume,11,%C9%EA%CD%F2%C6%DA%BB%F5,1665,-670.0,申万期货
2026-03-04,CU2603,volume,12,%B9%FA%D4%AA%C6%DA%BB%F5,1480,-1135.0,国元期货
2026-03-04,CU2603,volume,13,%BD%A8%D0%C5%C6%DA%BB%F5,1320,190.0,建信期货
2026-03-04,CU2603,volume,14,%B9%E2%B4%F3%C6%DA%BB%F5,1225,-1070.0,光大期货
2026-03-04,CU2603,volume,15,%B9%E3%B7%A2%C6%DA%BB%F5,1225,-255.0,广发期货
2026-03-04,CU2603,volume,16,%D5%E3%C9%CC%C6%DA%BB%F5,1215,395.0,浙商期货
2026-03-04,CU2603,volume,17,%CE%E5%BF%F3%C6%DA%BB%F5,895,-860.0,五矿期货
2026-03-04,CU2603,volume,18,%D6%D0%C1%B8%C6%DA%BB%F5,835,-935.0,中粮期货
2026-03-04,CU2603,volume,19,%C4%CF%BB%AA%C6%DA%BB%F5,795,-545.0,南华期货
2026-03-04,CU2603,volume,20,%B9%FA%C1%AA%C6%DA%BB%F5,775,-160.0,国联期货
2026-03-04,CU2603,volume,999,TOTAL,45390,,TOTAL
2026-03-04,CU2603,long,1,%D6%D0%D0%C5%C6%DA%BB%F5,8800,-525.0,中信期货
2026-03-04,CU2603,long,2,%BD%F0%C8%F0%C6%DA%BB%F5,6130,-1255.0,金瑞期货
2026-03-04,CU2603,long,3,%B9%FA%CC%A9%BE%FD%B0%B2,5580,-1185.0,国泰君安
2026-03-04,CU2603,long,4,%D2%F8%BA%D3%C6%DA%BB%F5,2525,395.0,银河期货
2026-03-04,CU2603,long,5,%D4%C6%B3%BF%C6%DA%BB%F5,2490,190.0,云晨期货
2026-03-04,CU2603,long,6,%CE%E5%BF%F3%C6%DA%BB%F5,2155,-145.0,五矿期货
2026-03-04,CU2603,long,7,%B6%AB%D6%A4%C6%DA%BB%F5,1895,-35.0,东证期货
2026-03-04,CU2603,long,8,%B9%FA%C3%B3%C6%DA%BB%F5,1815,-75.0,国贸期货
2026-03-04,CU2603,long,9,%D7%CF%BD%F0%CC%EC%B7%E7,1760,-550.0,紫金天风
2026-03-04,CU2603,long,10,%CD%AD%B9%DA%BD%F0%D4%B4,1620,35.0,铜冠金源
2026-03-04,CU2603,long,11,%D6%D0%BA%BD%C6%DA%BB%F5,1325,-135.0,中航期货
2026-03-04,CU2603,long,12,%B9%FA%D4%AA%C6%DA%BB%F5,1155,-85.0,国元期货
2026-03-04,CU2603,long,13,%C9%EA%CD%F2%C6%DA%BB%F5,1090,-445.0,申万期货
2026-03-04,CU2603,long,14,%BD%A8%D0%C5%C6%DA%BB%F5,1045,-55.0,建信期货
2026-03-04,CU2603,long,15,%B9%E2%B4%F3%C6%DA%BB%F5,995,10.0,光大期货
2026-03-04,CU2603,long,16,%CE%EF%B2%FA%D6%D0%B4%F3,890,-45.0,物产中大
2026-03-04,CU2603,long,17,%BA%EB%D2%B5%C6%DA%BB%F5,885,-65.0,弘业期货
2026-03-04,CU2603,long,18,%B6%AB%CE%E2%C6%DA%BB%F5,845,-115.0,东吴期货
2026-03-04,CU2603,long,19,%D6%D0%D0%C5%BD%A8%CD%B6,705,120.0,中信建投
2026-03-04,CU2603,long,20,%B9%E3%D6%DD%C6%DA%BB%F5,700,-200.0,广州期货
2026-03-04,CU2603,long,999,TOTAL,44405,,TOTAL
2026-03-04,CU2603,short,1,%D6%D0%D0%C5%C6%DA%BB%F5,9225,-1025.0,中信期货
2026-03-04,CU2603,short,2,%BD%F0%C8%F0%C6%DA%BB%F5,5230,-505.0,金瑞期货
2026-03-04,CU2603,short,3,%CD%AD%B9%DA%BD%F0%D4%B4,4180,-1065.0,铜冠金源
2026-03-04,CU2603,short,4,%D6%D0%C1%B8%C6%DA%BB%F5,4035,-320.0,中粮期货
2026-03-04,CU2603,short,5,%B9%FA%CC%A9%BE%FD%B0%B2,3075,-150.0,国泰君安
2026-03-04,CU2603,short,6,%D2%F8%BA%D3%C6%DA%BB%F5,2830,45.0,银河期货
2026-03-04,CU2603,short,7,%D4%C6%B3%BF%C6%DA%BB%F5,2090,-60.0,云晨期货
2026-03-04,CU2603,short,8,%B9%FA%CD%B6%C6%DA%BB%F5,2030,-205.0,国投期货
2026-03-04,CU2603,short,9,%D7%CF%BD%F0%CC%EC%B7%E7,1900,350.0,紫金天风
2026-03-04,CU2603,short,10,%B6%AB%D6%A4%C6%DA%BB%F5,1730,140.0,东证期货
2026-03-04,CU2603,short,11,%B9%FA%C3%B3%C6%DA%BB%F5,1695,-60.0,国贸期货
2026-03-04,CU2603,short,12,%CE%E5%BF%F3%C6%DA%BB%F5,1680,-450.0,五矿期货
2026-03-04,CU2603,short,13,%C9%BD%BD%F0%C6%DA%BB%F5,1570,-210.0,山金期货
2026-03-04,CU2603,short,14,%C2%F5%BF%C6%C6%DA%BB%F5,1345,-20.0,迈科期货
2026-03-04,CU2603,short,15,%D0%C2%BA%FE%C6%DA%BB%F5,1340,-50.0,新湖期货
2026-03-04,CU2603,short,16,%BB%AA%CC%A9%C6%DA%BB%F5,1020,105.0,华泰期货
2026-03-04,CU2603,short,17,%B0%B2%C1%B8%C6%DA%BB%F5,925,-120.0,安粮期货
2026-03-04,CU2603,short,18,%B9%E3%B7%A2%C6%DA%BB%F5,835,25.0,广发期货
2026-03-04,CU2603,short,19,%B9%FA%C1%AA%C6%DA%BB%F5,615,280.0,国联期货
2026-03-04,CU2603,short,20,%B9%E2%B4%F3%C6%DA%BB%F5,610,-215.0,光大期货
2026-03-04,CU2603,short,999,TOTAL,47960,,TOTAL
2026-03-24,CU2604,volume,1,%B9%FA%CC%A9%BE%FD%B0%B2,26156,-6794.0,国泰君安
2026-03-24,CU2604,volume,2,%D6%D0%D0%C5%C6%DA%BB%F5,22183,-5106.0,中信期货
2026-03-24,CU2604,volume,3,%B6%AB%D6%A4%C6%DA%BB%F5,14844,-1237.0,东证期货
2026-03-24,CU2604,volume,4,%BD%F0%C8%F0%C6%DA%BB%F5,11037,-1361.0,金瑞期货
2026-03-24,CU2604,volume,5,%BB%AA%CC%A9%C6%DA%BB%F5,7806,713.0,华泰期货
2026-03-24,CU2604,volume,6,%BA%A3%CD%A8%C6%DA%BB%F5,4487,-369.0,海通期货
2026-03-24,CU2604,volume,7,%B9%FA%D4%AA%C6%DA%BB%F5,4237,-1879.0,国元期货
2026-03-24,CU2604,volume,8,%D5%E3%C9%CC%C6%DA%BB%F5,3790,-134.0,浙商期货
2026-03-24,CU2604,volume,9,%B9%FA%D0%C5%C6%DA%BB%F5,3397,-142.0,国信期货
2026-03-24,CU2604,volume,10,%CE%E5%BF%F3%C6%DA%BB%F5,3236,1352.0,五矿期货
2026-03-24,CU2604,volume,11,%D2%F8%BA%D3%C6%DA%BB%F5,2986,-1790.0,银河期货
2026-03-24,CU2604,volume,12,%D6%D0%CC%A9%C6%DA%BB%F5,2953,-1276.0,中泰期货
2026-03-24,CU2604,volume,13,%BB%AA%CE%C5%C6%DA%BB%F5,2895,-32.0,华闻期货
2026-03-24,CU2604,volume,14,%B9%E3%B7%A2%C6%DA%BB%F5,2807,-1697.0,广发期货
2026-03-24,CU2604,volume,15,%C9%EA%CD%F2%C6%DA%BB%F5,2093,1083.0,申万期货
2026-03-24,CU2604,volume,16,%BB%AA%F6%CE%C6%DA%BB%F5,2056,488.0,华鑫期货
2026-03-24,CU2604,volume,17,%C4%CF%BB%AA%C6%DA%BB%F5,1997,359.0,南华期货
2026-03-24,CU2604,volume,18,%B9%E2%B4%F3%C6%DA%BB%F5,1834,-920.0,光大期货
2026-03-24,CU2604,volume,19,%B9%FA%C3%B3%C6%DA%BB%F5,1685,-1123.0,国贸期货
2026-03-24,CU2604,volume,20,%B7%BD%D5%FD%D6%D0%C6%DA,1635,-159.0,方正中期
2026-03-24,CU2604,volume,999,TOTAL,124114,,TOTAL
2026-03-24,CU2604,long,1,%D6%D0%D0%C5%C6%DA%BB%F5,14354,-1731.0,中信期货
2026-03-24,CU2604,long,2,%B9%FA%CC%A9%BE%FD%B0%B2,9812,-1326.0,国泰君安
2026-03-24,CU2604,long,3,%D4%C6%B3%BF%C6%DA%BB%F5,6277,849.0,云晨期货
2026-03-24,CU2604,long,4,%BD%F0%C8%F0%C6%DA%BB%F5,5435,-1728.0,金瑞期货
2026-03-24,CU2604,long,5,%CD%AD%B9%DA%BD%F0%D4%B4,4297,-401.0,铜冠金源
2026-03-24,CU2604,long,6,%BB%AA%CC%A9%C6%DA%BB%F5,3482,-576.0,华泰期货
2026-03-24,CU2604,long,7,%B6%AB%CE%E2%C6%DA%BB%F5,3358,-45.0,东吴期货
2026-03-24,CU2604,long,8,%C4%CF%BB%AA%C6%DA%BB%F5,2824,-245.0,南华期货
2026-03-24,CU2604,long,9,%D2%F8%BA%D3%C6%DA%BB%F5,2662,-188.0,银河期货
2026-03-24,CU2604,long,10,%B9%E2%B4%F3%C6%DA%BB%F5,2506,-977.0,光大期货
2026-03-24,CU2604,long,11,%B6%AB%D6%A4%C6%DA%BB%F5,2466,-1658.0,东证期货
2026-03-24,CU2604,long,12,%B9%FA%CD%B6%C6%DA%BB%F5,2446,-296.0,国投期货
2026-03-24,CU2604,long,13,%B9%E3%B7%A2%C6%DA%BB%F5,2375,-233.0,广发期货
2026-03-24,CU2604,long,14,%D6%D0%D0%C5%BD%A8%CD%B6,2292,-59.0,中信建投
2026-03-24,CU2604,long,15,%BD%A8%D0%C5%C6%DA%BB%F5,2145,-622.0,建信期货
2026-03-24,CU2604,long,16,%B7%BD%D5%FD%D6%D0%C6%DA,2070,-155.0,方正中期
2026-03-24,CU2604,long,17,%B9%FA%C3%B3%C6%DA%BB%F5,1870,-316.0,国贸期货
2026-03-24,CU2604,long,18,%C6%BD%B0%B2%C6%DA%BB%F5,1862,-501.0,平安期货
2026-03-24,CU2604,long,19,%D6%D0%BA%BD%C6%DA%BB%F5,1706,-142.0,中航期货
2026-03-24,CU2604,long,20,%CE%E5%BF%F3%C6%DA%BB%F5,1683,-550.0,五矿期货
2026-03-24,CU2604,long,999,TOTAL,75922,,TOTAL
2026-03-24,CU2604,short,1,%B9%FA%CC%A9%BE%FD%B0%B2,12986,-2420.0,国泰君安
2026-03-24,CU2604,short,2,%D6%D0%D0%C5%C6%DA%BB%F5,12156,-1025.0,中信期货
2026-03-24,CU2604,short,3,%BD%F0%C8%F0%C6%DA%BB%F5,9796,-1802.0,金瑞期货
2026-03-24,CU2604,short,4,%D2%F8%BA%D3%C6%DA%BB%F5,6593,-486.0,银河期货
2026-03-24,CU2604,short,5,%D6%D0%C1%B8%C6%DA%BB%F5,4804,-877.0,中粮期货
2026-03-24,CU2604,short,6,%B9%E3%B7%A2%C6%DA%BB%F5,4144,-367.0,广发期货
2026-03-24,CU2604,short,7,%B9%FA%CD%B6%C6%DA%BB%F5,4101,-686.0,国投期货
2026-03-24,CU2604,short,8,%B7%BD%D5%FD%D6%D0%C6%DA,3942,-404.0,方正中期
2026-03-24,CU2604,short,9,%B6%AB%D6%A4%C6%DA%BB%F5,3593,-690.0,东证期货
2026-03-24,CU2604,short,10,%B9%FA%C3%B3%C6%DA%BB%F5,2616,-394.0,国贸期货
2026-03-24,CU2604,short,11,%B9%E2%B4%F3%C6%DA%BB%F5,2474,-210.0,光大期货
2026-03-24,CU2604,short,12,%CE%E5%BF%F3%C6%DA%BB%F5,2309,-1432.0,五矿期货
2026-03-24,CU2604,short,13,%D7%CF%BD%F0%CC%EC%B7%E7,2189,-257.0,紫金天风
2026-03-24,CU2604,short,14,%CD%AD%B9%DA%BD%F0%D4%B4,2173,-431.0,铜冠金源
2026-03-24,CU2604,short,15,%D0%CB%D2%B5%C6%DA%BB%F5,2096,-111.0,兴业期货
2026-03-24,CU2604,short,16,%D5%E3%C9%CC%C6%DA%BB%F5,1993,-396.0,浙商期货
2026-03-24,CU2604,short,17,%C8%F0%B4%EF%C6%DA%BB%F5,1967,-56.0,瑞达期货
2026-03-24,CU2604,short,18,%B9%FA%C1%AA%C6%DA%BB%F5,1913,-200.0,国联期货
2026-03-24,CU2604,short,19,%CF%C8%B7%E6%C6%DA%BB%F5,1904,-31.0,先锋期货
2026-03-24,CU2604,short,20,%BB%AA%CC%A9%C6%DA%BB%F5,1881,-120.0,华泰期货
2026-03-24,CU2604,short,999,TOTAL,85630,,TOTAL
2026-03-27,CU2604,volume,1,%B9%FA%CC%A9%BE%FD%B0%B2,17770,5219.0,国泰君安
2026-03-27,CU2604,volume,2,%D6%D0%D0%C5%C6%DA%BB%F5,11933,363.0,中信期货
2026-03-27,CU2604,volume,3,%B6%AB%D6%A4%C6%DA%BB%F5,8572,569.0,东证期货
2026-03-27,CU2604,volume,4,%BD%F0%C8%F0%C6%DA%BB%F5,6159,3276.0,金瑞期货
2026-03-27,CU2604,volume,5,%BA%A3%CD%A8%C6%DA%BB%F5,2608,603.0,海通期货
2026-03-27,CU2604,volume,6,%D2%F8%BA%D3%C6%DA%BB%F5,2377,-393.0,银河期货
2026-03-27,CU2604,volume,7,%D4%C6%B3%BF%C6%DA%BB%F5,1700,728.0,云晨期货
2026-03-27,CU2604,volume,8,%B9%E2%B4%F3%C6%DA%BB%F5,1686,537.0,光大期货
2026-03-27,CU2604,volume,9,%B9%FA%D4%AA%C6%DA%BB%F5,1678,307.0,国元期货
2026-03-27,CU2604,volume,10,%BB%AA%CE%C5%C6%DA%BB%F5,1503,222.0,华闻期货
2026-03-27,CU2604,volume,11,%B9%E3%B7%A2%C6%DA%BB%F5,1080,-28.0,广发期货
2026-03-27,CU2604,volume,12,%CE%E5%BF%F3%C6%DA%BB%F5,1064,146.0,五矿期货
2026-03-27,CU2604,volume,13,%C4%CF%BB%AA%C6%DA%BB%F5,1057,-804.0,南华期货
2026-03-27,CU2604,volume,14,%BB%AA%F6%CE%C6%DA%BB%F5,1041,-33.0,华鑫期货
2026-03-27,CU2604,volume,15,%CD%AD%B9%DA%BD%F0%D4%B4,1014,-1149.0,铜冠金源
2026-03-27,CU2604,volume,16,%CF%C8%B7%E6%C6%DA%BB%F5,905,885.0,先锋期货
2026-03-27,CU2604,volume,17,%B7%BD%D5%FD%D6%D0%C6%DA,873,-270.0,方正中期
2026-03-27,CU2604,volume,18,%BB%AA%CC%A9%C6%DA%BB%F5,867,-778.0,华泰期货
2026-03-27,CU2604,volume,19,%B9%FA%CD%B6%C6%DA%BB%F5,844,-508.0,国投期货
2026-03-27,CU2604,volume,20,%D0%CB%D2%B5%C6%DA%BB%F5,754,512.0,兴业期货
2026-03-27,CU2604,volume,999,TOTAL,65485,,TOTAL
2026-03-27,CU2604,long,1,%D6%D0%D0%C5%C6%DA%BB%F5,9806,-1489.0,中信期货
2026-03-27,CU2604,long,2,%B9%FA%CC%A9%BE%FD%B0%B2,6133,-2806.0,国泰君安
2026-03-27,CU2604,long,3,%D4%C6%B3%BF%C6%DA%BB%F5,5640,-617.0,云晨期货
2026-03-27,CU2604,long,4,%BD%F0%C8%F0%C6%DA%BB%F5,4989,-155.0,金瑞期货
2026-03-27,CU2604,long,5,%D2%F8%BA%D3%C6%DA%BB%F5,4128,345.0,银河期货
2026-03-27,CU2604,long,6,%CD%AD%B9%DA%BD%F0%D4%B4,4049,-176.0,铜冠金源
2026-03-27,CU2604,long,7,%B6%AB%CE%E2%C6%DA%BB%F5,3009,-531.0,东吴期货
2026-03-27,CU2604,long,8,%CE%E5%BF%F3%C6%DA%BB%F5,2404,112.0,五矿期货
2026-03-27,CU2604,long,9,%B9%FA%C1%AA%C6%DA%BB%F5,2277,-190.0,国联期货
2026-03-27,CU2604,long,10,%B6%AB%D6%A4%C6%DA%BB%F5,1995,-98.0,东证期货
2026-03-27,CU2604,long,11,%C4%CF%BB%AA%C6%DA%BB%F5,1913,-148.0,南华期货
2026-03-27,CU2604,long,12,%B9%E3%B7%A2%C6%DA%BB%F5,1818,-202.0,广发期货
2026-03-27,CU2604,long,13,%B9%FA%C3%B3%C6%DA%BB%F5,1759,-115.0,国贸期货
2026-03-27,CU2604,long,14,%D6%D0%D0%C5%BD%A8%CD%B6,1722,-208.0,中信建投
2026-03-27,CU2604,long,15,%B7%BD%D5%FD%D6%D0%C6%DA,1580,-129.0,方正中期
2026-03-27,CU2604,long,16,%B9%E2%B4%F3%C6%DA%BB%F5,1511,-472.0,光大期货
2026-03-27,CU2604,long,17,%D6%D0%BA%BD%C6%DA%BB%F5,1475,-7.0,中航期货
2026-03-27,CU2604,long,18,%BB%AA%CC%A9%C6%DA%BB%F5,1450,-337.0,华泰期货
2026-03-27,CU2604,long,19,%BD%A8%D0%C5%C6%DA%BB%F5,1019,-194.0,建信期货
2026-03-27,CU2604,long,20,%B9%FA%CD%B6%C6%DA%BB%F5,947,-363.0,国投期货
2026-03-27,CU2604,long,999,TOTAL,59624,,TOTAL
2026-03-27,CU2604,short,1,%B9%FA%CC%A9%BE%FD%B0%B2,10421,-1756.0,国泰君安
2026-03-27,CU2604,short,2,%D6%D0%D0%C5%C6%DA%BB%F5,9380,-696.0,中信期货
2026-03-27,CU2604,short,3,%BD%F0%C8%F0%C6%DA%BB%F5,7836,-442.0,金瑞期货
2026-03-27,CU2604,short,4,%D2%F8%BA%D3%C6%DA%BB%F5,5298,-720.0,银河期货
2026-03-27,CU2604,short,5,%D6%D0%C1%B8%C6%DA%BB%F5,4175,-414.0,中粮期货
2026-03-27,CU2604,short,6,%B9%FA%CD%B6%C6%DA%BB%F5,3635,259.0,国投期货
2026-03-27,CU2604,short,7,%B9%E3%B7%A2%C6%DA%BB%F5,3314,-520.0,广发期货
2026-03-27,CU2604,short,8,%B9%FA%C3%B3%C6%DA%BB%F5,2680,-147.0,国贸期货
2026-03-27,CU2604,short,9,%D7%CF%BD%F0%CC%EC%B7%E7,2218,49.0,紫金天风
2026-03-27,CU2604,short,10,%B7%BD%D5%FD%D6%D0%C6%DA,2134,-570.0,方正中期
2026-03-27,CU2604,short,11,%B6%AB%D6%A4%C6%DA%BB%F5,1681,-1672.0,东证期货
2026-03-27,CU2604,short,12,%CD%AD%B9%DA%BD%F0%D4%B4,1640,46.0,铜冠金源
2026-03-27,CU2604,short,13,%C8%F0%B4%EF%C6%DA%BB%F5,1640,-37.0,瑞达期货
2026-03-27,CU2604,short,14,%D0%CB%D2%B5%C6%DA%BB%F5,1568,-432.0,兴业期货
2026-03-27,CU2604,short,15,%D5%E3%C9%CC%C6%DA%BB%F5,1554,-199.0,浙商期货
2026-03-27,CU2604,short,16,%B9%E2%B4%F3%C6%DA%BB%F5,1387,-898.0,光大期货
2026-03-27,CU2604,short,17,%D4%C6%B3%BF%C6%DA%BB%F5,1219,613.0,云晨期货
2026-03-27,CU2604,short,18,%CE%E5%BF%F3%C6%DA%BB%F5,1216,-550.0,五矿期货
2026-03-27,CU2604,short,19,%B9%FA%C1%AA%C6%DA%BB%F5,1210,-197.0,国联期货
2026-03-27,CU2604,short,20,%BD%A8%D0%C5%C6%DA%BB%F5,1123,16.0,建信期货
2026-03-27,CU2604,short,999,TOTAL,65329,,TOTAL
2026-03-30,CU2604,volume,1,%B9%FA%CC%A9%BE%FD%B0%B2,12763,-5007.0,国泰君安
2026-03-30,CU2604,volume,2,%D6%D0%D0%C5%C6%DA%BB%F5,9435,-2498.0,中信期货
2026-03-30,CU2604,volume,3,%B6%AB%D6%A4%C6%DA%BB%F5,4516,-4056.0,东证期货
2026-03-30,CU2604,volume,4,%BD%F0%C8%F0%C6%DA%BB%F5,4401,-1758.0,金瑞期货
2026-03-30,CU2604,volume,5,%D4%C6%B3%BF%C6%DA%BB%F5,2971,1271.0,云晨期货
2026-03-30,CU2604,volume,6,%BA%A3%CD%A8%C6%DA%BB%F5,1842,-766.0,海通期货
2026-03-30,CU2604,volume,7,%D2%F8%BA%D3%C6%DA%BB%F5,1812,-565.0,银河期货
2026-03-30,CU2604,volume,8,%B9%E3%B7%A2%C6%DA%BB%F5,1266,186.0,广发期货
2026-03-30,CU2604,volume,9,%CE%EF%B2%FA%D6%D0%B4%F3,1254,1021.0,物产中大
2026-03-30,CU2604,volume,10,%CD%AD%B9%DA%BD%F0%D4%B4,1236,222.0,铜冠金源
2026-03-30,CU2604,volume,11,%B9%FA%D4%AA%C6%DA%BB%F5,1093,-585.0,国元期货
2026-03-30,CU2604,volume,12,%B9%E2%B4%F3%C6%DA%BB%F5,1061,-625.0,光大期货
2026-03-30,CU2604,volume,13,%BB%AA%CE%C5%C6%DA%BB%F5,932,-571.0,华闻期货
2026-03-30,CU2604,volume,14,%B9%FA%CD%B6%C6%DA%BB%F5,909,65.0,国投期货
2026-03-30,CU2604,volume,15,%D5%E3%C9%CC%C6%DA%BB%F5,892,473.0,浙商期货
2026-03-30,CU2604,volume,16,%C4%CF%BB%AA%C6%DA%BB%F5,883,-174.0,南华期货
2026-03-30,CU2604,volume,17,%B7%BD%D5%FD%D6%D0%C6%DA,758,-115.0,方正中期
2026-03-30,CU2604,volume,18,%BB%AA%F6%CE%C6%DA%BB%F5,745,-296.0,华鑫期货
2026-03-30,CU2604,volume,19,%B1%A6%B3%C7%C6%DA%BB%F5,679,-63.0,宝城期货
2026-03-30,CU2604,volume,20,%D6%D0%D2%F8%C6%DA%BB%F5,678,14.0,中银期货
2026-03-30,CU2604,volume,999,TOTAL,50126,,TOTAL
2026-03-30,CU2604,long,1,%D6%D0%D0%C5%C6%DA%BB%F5,8726,-1080.0,中信期货
2026-03-30,CU2604,long,2,%B9%FA%CC%A9%BE%FD%B0%B2,5251,-882.0,国泰君安
2026-03-30,CU2604,long,3,%CD%AD%B9%DA%BD%F0%D4%B4,4052,3.0,铜冠金源
2026-03-30,CU2604,long,4,%BD%F0%C8%F0%C6%DA%BB%F5,3981,-1008.0,金瑞期货
2026-03-30,CU2604,long,5,%D2%F8%BA%D3%C6%DA%BB%F5,3735,-393.0,银河期货
2026-03-30,CU2604,long,6,%D4%C6%B3%BF%C6%DA%BB%F5,3670,-1970.0,云晨期货
2026-03-30,CU2604,long,7,%B6%AB%CE%E2%C6%DA%BB%F5,3116,107.0,东吴期货
2026-03-30,CU2604,long,8,%CE%E5%BF%F3%C6%DA%BB%F5,2603,199.0,五矿期货
2026-03-30,CU2604,long,9,%C4%CF%BB%AA%C6%DA%BB%F5,1819,-94.0,南华期货
2026-03-30,CU2604,long,10,%B6%AB%D6%A4%C6%DA%BB%F5,1774,-221.0,东证期货
2026-03-30,CU2604,long,11,%B9%FA%C1%AA%C6%DA%BB%F5,1719,-558.0,国联期货
2026-03-30,CU2604,long,12,%B9%E3%B7%A2%C6%DA%BB%F5,1648,-170.0,广发期货
2026-03-30,CU2604,long,13,%B9%FA%C3%B3%C6%DA%BB%F5,1551,-208.0,国贸期货
2026-03-30,CU2604,long,14,%B7%BD%D5%FD%D6%D0%C6%DA,1494,-86.0,方正中期
2026-03-30,CU2604,long,15,%D6%D0%D0%C5%BD%A8%CD%B6,1467,-255.0,中信建投
2026-03-30,CU2604,long,16,%B9%E2%B4%F3%C6%DA%BB%F5,1452,-59.0,光大期货
2026-03-30,CU2604,long,17,%D6%D0%BA%BD%C6%DA%BB%F5,1373,-102.0,中航期货
2026-03-30,CU2604,long,18,%BB%AA%CC%A9%C6%DA%BB%F5,1368,-82.0,华泰期货
2026-03-30,CU2604,long,19,%B4%B4%D4%AA%C6%DA%BB%F5,863,-62.0,创元期货
2026-03-30,CU2604,long,20,%D6%D0%C1%B8%C6%DA%BB%F5,857,-3.0,中粮期货
2026-03-30,CU2604,long,999,TOTAL,52519,,TOTAL
2026-03-30,CU2604,short,1,%B9%FA%CC%A9%BE%FD%B0%B2,8658,-1763.0,国泰君安
2026-03-30,CU2604,short,2,%D6%D0%D0%C5%C6%DA%BB%F5,8351,-1029.0,中信期货
2026-03-30,CU2604,short,3,%BD%F0%C8%F0%C6%DA%BB%F5,7029,-807.0,金瑞期货
2026-03-30,CU2604,short,4,%D2%F8%BA%D3%C6%DA%BB%F5,5285,-13.0,银河期货
2026-03-30,CU2604,short,5,%D6%D0%C1%B8%C6%DA%BB%F5,3980,-195.0,中粮期货
2026-03-30,CU2604,short,6,%B9%FA%CD%B6%C6%DA%BB%F5,3133,-502.0,国投期货
2026-03-30,CU2604,short,7,%B9%E3%B7%A2%C6%DA%BB%F5,2980,-334.0,广发期货
2026-03-30,CU2604,short,8,%B9%FA%C3%B3%C6%DA%BB%F5,2568,-112.0,国贸期货
2026-03-30,CU2604,short,9,%D7%CF%BD%F0%CC%EC%B7%E7,2050,-168.0,紫金天风
2026-03-30,CU2604,short,10,%B6%AB%D6%A4%C6%DA%BB%F5,1816,135.0,东证期货
2026-03-30,CU2604,short,11,%B7%BD%D5%FD%D6%D0%C6%DA,1536,-598.0,方正中期
2026-03-30,CU2604,short,12,%C8%F0%B4%EF%C6%DA%BB%F5,1479,-161.0,瑞达期货
2026-03-30,CU2604,short,13,%D0%CB%D2%B5%C6%DA%BB%F5,1445,-123.0,兴业期货
2026-03-30,CU2604,short,14,%CD%AD%B9%DA%BD%F0%D4%B4,1213,-427.0,铜冠金源
2026-03-30,CU2604,short,15,%B9%FA%C1%AA%C6%DA%BB%F5,1185,-25.0,国联期货
2026-03-30,CU2604,short,16,%CE%E5%BF%F3%C6%DA%BB%F5,1129,-87.0,五矿期货
2026-03-30,CU2604,short,17,%BD%A8%D0%C5%C6%DA%BB%F5,1095,-28.0,建信期货
2026-03-30,CU2604,short,18,%C9%BD%BD%F0%C6%DA%BB%F5,936,-4.0,山金期货
2026-03-30,CU2604,short,19,%B9%E2%B4%F3%C6%DA%BB%F5,929,-458.0,光大期货
2026-03-30,CU2604,short,20,%D4%C6%B3%BF%C6%DA%BB%F5,816,-403.0,云晨期货
2026-03-30,CU2604,short,999,TOTAL,57613,,TOTAL
2026-04-01,CU2604,volume,1,%BD%F0%C8%F0%C6%DA%BB%F5,5810,-76.0,金瑞期货
2026-04-01,CU2604,volume,2,%D6%D0%D0%C5%C6%DA%BB%F5,5745,-333.0,中信期货
2026-04-01,CU2604,volume,3,%B6%AB%D6%A4%C6%DA%BB%F5,3537,-1352.0,东证期货
2026-04-01,CU2604,volume,4,%D7%CF%BD%F0%CC%EC%B7%E7,2720,2143.0,紫金天风
2026-04-01,CU2604,volume,5,%B9%FA%CC%A9%BE%FD%B0%B2,1960,-4082.0,国泰君安
2026-04-01,CU2604,volume,6,%B9%FA%C3%B3%C6%DA%BB%F5,1605,521.0,国贸期货
2026-04-01,CU2604,volume,7,%D2%F8%BA%D3%C6%DA%BB%F5,1495,-962.0,银河期货
2026-04-01,CU2604,volume,8,%B9%E2%B4%F3%C6%DA%BB%F5,1325,577.0,光大期货
2026-04-01,CU2604,volume,9,%C9%EA%CD%F2%C6%DA%BB%F5,1235,933.0,申万期货
2026-04-01,CU2604,volume,10,%CE%EF%B2%FA%D6%D0%B4%F3,1150,-580.0,物产中大
2026-04-01,CU2604,volume,11,%BB%AA%CE%C5%C6%DA%BB%F5,1115,352.0,华闻期货
2026-04-01,CU2604,volume,12,%B4%B4%D4%AA%C6%DA%BB%F5,1090,763.0,创元期货
2026-04-01,CU2604,volume,13,%D4%C6%B3%BF%C6%DA%BB%F5,950,-2414.0,云晨期货
2026-04-01,CU2604,volume,14,%CD%AD%B9%DA%BD%F0%D4%B4,865,-888.0,铜冠金源
2026-04-01,CU2604,volume,15,%B7%BD%D5%FD%D6%D0%C6%DA,845,219.0,方正中期
2026-04-01,CU2604,volume,16,%BB%AA%F6%CE%C6%DA%BB%F5,745,-269.0,华鑫期货
2026-04-01,CU2604,volume,17,%D6%D0%CC%A9%C6%DA%BB%F5,729,153.0,中泰期货
2026-04-01,CU2604,volume,18,%D6%D0%C1%B8%C6%DA%BB%F5,705,-284.0,中粮期货
2026-04-01,CU2604,volume,19,%B9%FA%D4%AA%C6%DA%BB%F5,610,-169.0,国元期货
2026-04-01,CU2604,volume,20,%C8%F0%B4%EF%C6%DA%BB%F5,610,505.0,瑞达期货
2026-04-01,CU2604,volume,999,TOTAL,34846,,TOTAL
2026-04-01,CU2604,long,1,%D6%D0%D0%C5%C6%DA%BB%F5,5130,-2280.0,中信期货
2026-04-01,CU2604,long,2,%BD%F0%C8%F0%C6%DA%BB%F5,4115,615.0,金瑞期货
2026-04-01,CU2604,long,3,%D2%F8%BA%D3%C6%DA%BB%F5,3740,165.0,银河期货
2026-04-01,CU2604,long,4,%B9%FA%CC%A9%BE%FD%B0%B2,3690,-325.0,国泰君安
2026-04-01,CU2604,long,5,%CD%AD%B9%DA%BD%F0%D4%B4,3640,-35.0,铜冠金源
2026-04-01,CU2604,long,6,%B6%AB%CE%E2%C6%DA%BB%F5,2700,-145.0,东吴期货
2026-04-01,CU2604,long,7,%CE%E5%BF%F3%C6%DA%BB%F5,2295,-200.0,五矿期货
2026-04-01,CU2604,long,8,%D4%C6%B3%BF%C6%DA%BB%F5,2150,-275.0,云晨期货
2026-04-01,CU2604,long,9,%B6%AB%D6%A4%C6%DA%BB%F5,1700,-147.0,东证期货
2026-04-01,CU2604,long,10,%B9%FA%C1%AA%C6%DA%BB%F5,1655,-40.0,国联期货
2026-04-01,CU2604,long,11,%C4%CF%BB%AA%C6%DA%BB%F5,1380,-320.0,南华期货
2026-04-01,CU2604,long,12,%BB%AA%F6%CE%C6%DA%BB%F5,1330,476.0,华鑫期货
2026-04-01,CU2604,long,13,%B9%E3%B7%A2%C6%DA%BB%F5,1290,-35.0,广发期货
2026-04-01,CU2604,long,14,%B9%E2%B4%F3%C6%DA%BB%F5,1210,-340.0,光大期货
2026-04-01,CU2604,long,15,%B9%FA%C3%B3%C6%DA%BB%F5,1165,-90.0,国贸期货
2026-04-01,CU2604,long,16,%BB%AA%CC%A9%C6%DA%BB%F5,1020,-235.0,华泰期货
2026-04-01,CU2604,long,17,%D6%D0%D0%C5%BD%A8%CD%B6,920,-186.0,中信建投
2026-04-01,CU2604,long,18,%BD%A8%D0%C5%C6%DA%BB%F5,915,30.0,建信期货
2026-04-01,CU2604,long,19,%D6%D0%C1%B8%C6%DA%BB%F5,845,0.0,中粮期货
2026-04-01,CU2604,long,20,%B7%BD%D5%FD%D6%D0%C6%DA,790,-335.0,方正中期
2026-04-01,CU2604,long,999,TOTAL,41680,,TOTAL
2026-04-01,CU2604,short,1,%B9%FA%CC%A9%BE%FD%B0%B2,6795,-765.0,国泰君安
2026-04-01,CU2604,short,2,%D6%D0%D0%C5%C6%DA%BB%F5,5960,-1175.0,中信期货
2026-04-01,CU2604,short,3,%BD%F0%C8%F0%C6%DA%BB%F5,5235,-1225.0,金瑞期货
2026-04-01,CU2604,short,4,%D2%F8%BA%D3%C6%DA%BB%F5,4780,120.0,银河期货
2026-04-01,CU2604,short,5,%B9%FA%CD%B6%C6%DA%BB%F5,2735,-270.0,国投期货
2026-04-01,CU2604,short,6,%D6%D0%C1%B8%C6%DA%BB%F5,2400,-705.0,中粮期货
2026-04-01,CU2604,short,7,%B9%E3%B7%A2%C6%DA%BB%F5,2355,-210.0,广发期货
2026-04-01,CU2604,short,8,%B9%FA%C3%B3%C6%DA%BB%F5,1755,-575.0,国贸期货
2026-04-01,CU2604,short,9,%B6%AB%D6%A4%C6%DA%BB%F5,1650,-60.0,东证期货
2026-04-01,CU2604,short,10,%D7%CF%BD%F0%CC%EC%B7%E7,1625,-765.0,紫金天风
2026-04-01,CU2604,short,11,%D0%CB%D2%B5%C6%DA%BB%F5,1145,-50.0,兴业期货
2026-04-01,CU2604,short,12,%CE%E5%BF%F3%C6%DA%BB%F5,1125,0.0,五矿期货
2026-04-01,CU2604,short,13,%C9%BD%BD%F0%C6%DA%BB%F5,1070,150.0,山金期货
2026-04-01,CU2604,short,14,%C8%F0%B4%EF%C6%DA%BB%F5,1025,-435.0,瑞达期货
2026-04-01,CU2604,short,15,%B9%E2%B4%F3%C6%DA%BB%F5,950,215.0,光大期货
2026-04-01,CU2604,short,16,%BD%A8%D0%C5%C6%DA%BB%F5,840,-245.0,建信期货
2026-04-01,CU2604,short,17,%B7%BD%D5%FD%D6%D0%C6%DA,815,-510.0,方正中期
2026-04-01,CU2604,short,18,%B9%FA%C1%AA%C6%DA%BB%F5,755,0.0,国联期货
2026-04-01,CU2604,short,19,%C2%F5%BF%C6%C6%DA%BB%F5,615,0.0,迈科期货
2026-04-01,CU2604,short,20,%BB%AA%CC%A9%C6%DA%BB%F5,550,-35.0,华泰期货
2026-04-01,CU2604,short,999,TOTAL,44180,,TOTAL
2026-04-02,CU2604,volume,1,%D6%D0%D0%C5%C6%DA%BB%F5,4845,-900.0,中信期货
2026-04-02,CU2604,volume,2,%D2%F8%BA%D3%C6%DA%BB%F5,3360,1865.0,银河期货
2026-04-02,CU2604,volume,3,%B9%FA%CC%A9%BE%FD%B0%B2,3170,1210.0,国泰君安
2026-04-02,CU2604,volume,4,%BD%F0%C8%F0%C6%DA%BB%F5,3070,-2740.0,金瑞期货
2026-04-02,CU2604,volume,5,%B6%AB%D6%A4%C6%DA%BB%F5,2720,-817.0,东证期货
2026-04-02,CU2604,volume,6,%B9%FA%C3%B3%C6%DA%BB%F5,1575,-30.0,国贸期货
2026-04-02,CU2604,volume,7,%D7%CF%BD%F0%CC%EC%B7%E7,1485,-1235.0,紫金天风
2026-04-02,CU2604,volume,8,%D4%C6%B3%BF%C6%DA%BB%F5,1385,435.0,云晨期货
2026-04-02,CU2604,volume,9,%CE%EF%B2%FA%D6%D0%B4%F3,1335,185.0,物产中大
2026-04-02,CU2604,volume,10,%B9%FA%CD%B6%C6%DA%BB%F5,1075,585.0,国投期货
2026-04-02,CU2604,volume,11,%B9%FA%C1%AA%C6%DA%BB%F5,950,850.0,国联期货
2026-04-02,CU2604,volume,12,%BB%AA%F6%CE%C6%DA%BB%F5,930,185.0,华鑫期货
2026-04-02,CU2604,volume,13,%CD%AD%B9%DA%BD%F0%D4%B4,900,35.0,铜冠金源
2026-04-02,CU2604,volume,14,%B9%E2%B4%F3%C6%DA%BB%F5,745,-580.0,光大期货
2026-04-02,CU2604,volume,15,%C4%CF%BB%AA%C6%DA%BB%F5,665,95.0,南华期货
2026-04-02,CU2604,volume,16,%C9%EA%CD%F2%C6%DA%BB%F5,660,-575.0,申万期货
2026-04-02,CU2604,volume,17,%D6%D0%CC%A9%C6%DA%BB%F5,650,-79.0,中泰期货
2026-04-02,CU2604,volume,18,%B9%E3%B7%A2%C6%DA%BB%F5,630,65.0,广发期货
2026-04-02,CU2604,volume,19,%CE%E5%BF%F3%C6%DA%BB%F5,430,-10.0,五矿期货
2026-04-02,CU2604,volume,20,%C9%BD%BD%F0%C6%DA%BB%F5,400,170.0,山金期货
2026-04-02,CU2604,volume,999,TOTAL,30980,,TOTAL
2026-04-02,CU2604,long,1,%D6%D0%D0%C5%C6%DA%BB%F5,4870,-260.0,中信期货
2026-04-02,CU2604,long,2,%CD%AD%B9%DA%BD%F0%D4%B4,3960,320.0,铜冠金源
2026-04-02,CU2604,long,3,%BD%F0%C8%F0%C6%DA%BB%F5,3440,-675.0,金瑞期货
2026-04-02,CU2604,long,4,%D2%F8%BA%D3%C6%DA%BB%F5,2620,-1120.0,银河期货
2026-04-02,CU2604,long,5,%B6%AB%CE%E2%C6%DA%BB%F5,2580,-120.0,东吴期货
2026-04-02,CU2604,long,6,%CE%E5%BF%F3%C6%DA%BB%F5,2385,90.0,五矿期货
2026-04-02,CU2604,long,7,%B9%FA%CC%A9%BE%FD%B0%B2,2360,-1330.0,国泰君安
2026-04-02,CU2604,long,8,%D4%C6%B3%BF%C6%DA%BB%F5,2310,160.0,云晨期货
2026-04-02,CU2604,long,9,%B6%AB%D6%A4%C6%DA%BB%F5,1600,-100.0,东证期货
2026-04-02,CU2604,long,10,%C4%CF%BB%AA%C6%DA%BB%F5,1315,-65.0,南华期货
2026-04-02,CU2604,long,11,%B9%E2%B4%F3%C6%DA%BB%F5,1265,55.0,光大期货
2026-04-02,CU2604,long,12,%B9%E3%B7%A2%C6%DA%BB%F5,1235,-55.0,广发期货
2026-04-02,CU2604,long,13,%BB%AA%F6%CE%C6%DA%BB%F5,1110,-220.0,华鑫期货
2026-04-02,CU2604,long,14,%B9%FA%C1%AA%C6%DA%BB%F5,985,-670.0,国联期货
2026-04-02,CU2604,long,15,%BB%AA%CC%A9%C6%DA%BB%F5,940,-80.0,华泰期货
2026-04-02,CU2604,long,16,%B9%FA%C3%B3%C6%DA%BB%F5,925,-240.0,国贸期货
2026-04-02,CU2604,long,17,%BD%A8%D0%C5%C6%DA%BB%F5,855,-60.0,建信期货
2026-04-02,CU2604,long,18,%D6%D0%C1%B8%C6%DA%BB%F5,845,0.0,中粮期货
2026-04-02,CU2604,long,19,%D6%D0%D0%C5%BD%A8%CD%B6,785,-135.0,中信建投
2026-04-02,CU2604,long,20,%B7%BD%D5%FD%D6%D0%C6%DA,690,-100.0,方正中期
2026-04-02,CU2604,long,999,TOTAL,37075,,TOTAL
2026-04-02,CU2604,short,1,%B9%FA%CC%A9%BE%FD%B0%B2,6035,-760.0,国泰君安
2026-04-02,CU2604,short,2,%D6%D0%D0%C5%C6%DA%BB%F5,4445,-1515.0,中信期货
2026-04-02,CU2604,short,3,%BD%F0%C8%F0%C6%DA%BB%F5,4300,-935.0,金瑞期货
2026-04-02,CU2604,short,4,%D2%F8%BA%D3%C6%DA%BB%F5,4150,-630.0,银河期货
2026-04-02,CU2604,short,5,%B9%FA%CD%B6%C6%DA%BB%F5,3240,505.0,国投期货
2026-04-02,CU2604,short,6,%B9%E3%B7%A2%C6%DA%BB%F5,2230,-125.0,广发期货
2026-04-02,CU2604,short,7,%D6%D0%C1%B8%C6%DA%BB%F5,2220,-180.0,中粮期货
2026-04-02,CU2604,short,8,%B6%AB%D6%A4%C6%DA%BB%F5,1610,-40.0,东证期货
2026-04-02,CU2604,short,9,%B9%FA%C3%B3%C6%DA%BB%F5,1320,-435.0,国贸期货
2026-04-02,CU2604,short,10,%D7%CF%BD%F0%CC%EC%B7%E7,1305,-320.0,紫金天风
2026-04-02,CU2604,short,11,%D4%C6%B3%BF%C6%DA%BB%F5,1255,1095.0,云晨期货
2026-04-02,CU2604,short,12,%CE%E5%BF%F3%C6%DA%BB%F5,1135,10.0,五矿期货
2026-04-02,CU2604,short,13,%D0%CB%D2%B5%C6%DA%BB%F5,1075,-70.0,兴业期货
2026-04-02,CU2604,short,14,%C9%BD%BD%F0%C6%DA%BB%F5,1020,-50.0,山金期货
2026-04-02,CU2604,short,15,%C8%F0%B4%EF%C6%DA%BB%F5,995,-30.0,瑞达期货
2026-04-02,CU2604,short,16,%B9%E2%B4%F3%C6%DA%BB%F5,910,-40.0,光大期货
2026-04-02,CU2604,short,17,%BD%A8%D0%C5%C6%DA%BB%F5,865,25.0,建信期货
2026-04-02,CU2604,short,18,%B9%FA%C1%AA%C6%DA%BB%F5,685,-70.0,国联期货
2026-04-02,CU2604,short,19,%B7%BD%D5%FD%D6%D0%C6%DA,640,-175.0,方正中期
2026-04-02,CU2604,short,20,%C2%F5%BF%C6%C6%DA%BB%F5,615,0.0,迈科期货
2026-04-02,CU2604,short,999,TOTAL,40050,,TOTAL
2026-04-03,CU2604,volume,1,%BD%F0%C8%F0%C6%DA%BB%F5,3095,25.0,金瑞期货
2026-04-03,CU2604,volume,2,%B6%AB%D6%A4%C6%DA%BB%F5,3095,375.0,东证期货
2026-04-03,CU2604,volume,3,%D6%D0%D0%C5%C6%DA%BB%F5,2810,-2035.0,中信期货
2026-04-03,CU2604,volume,4,%B9%FA%CC%A9%BE%FD%B0%B2,1990,-1180.0,国泰君安
2026-04-03,CU2604,volume,5,%D2%F8%BA%D3%C6%DA%BB%F5,1855,-1505.0,银河期货
2026-04-03,CU2604,volume,6,%D4%C6%B3%BF%C6%DA%BB%F5,1625,240.0,云晨期货
2026-04-03,CU2604,volume,7,%B9%E2%B4%F3%C6%DA%BB%F5,1180,435.0,光大期货
2026-04-03,CU2604,volume,8,%B6%AB%CE%E2%C6%DA%BB%F5,1060,900.0,东吴期货
2026-04-03,CU2604,volume,9,%CD%AD%B9%DA%BD%F0%D4%B4,1045,145.0,铜冠金源
2026-04-03,CU2604,volume,10,%B9%FA%C3%B3%C6%DA%BB%F5,1035,-540.0,国贸期货
2026-04-03,CU2604,volume,11,%CE%E5%BF%F3%C6%DA%BB%F5,930,500.0,五矿期货
2026-04-03,CU2604,volume,12,%B9%E3%B7%A2%C6%DA%BB%F5,845,215.0,广发期货
2026-04-03,CU2604,volume,13,%BB%AA%F6%CE%C6%DA%BB%F5,795,-135.0,华鑫期货
2026-04-03,CU2604,volume,14,%C4%CF%BB%AA%C6%DA%BB%F5,760,95.0,南华期货
2026-04-03,CU2604,volume,15,%D7%CF%BD%F0%CC%EC%B7%E7,575,-910.0,紫金天风
2026-04-03,CU2604,volume,16,%C9%EA%CD%F2%C6%DA%BB%F5,565,-95.0,申万期货
2026-04-03,CU2604,volume,17,%BD%A8%D0%C5%C6%DA%BB%F5,515,290.0,建信期货
2026-04-03,CU2604,volume,18,%D6%D0%CC%A9%C6%DA%BB%F5,495,-155.0,中泰期货
2026-04-03,CU2604,volume,19,%BB%AA%CE%C5%C6%DA%BB%F5,460,90.0,华闻期货
2026-04-03,CU2604,volume,20,%CE%EF%B2%FA%D6%D0%B4%F3,435,-900.0,物产中大
2026-04-03,CU2604,volume,999,TOTAL,25165,,TOTAL
2026-04-03,CU2604,long,1,%D6%D0%D0%C5%C6%DA%BB%F5,4470,-400.0,中信期货
2026-04-03,CU2604,long,2,%CD%AD%B9%DA%BD%F0%D4%B4,3765,-195.0,铜冠金源
2026-04-03,CU2604,long,3,%BD%F0%C8%F0%C6%DA%BB%F5,2955,-485.0,金瑞期货
2026-04-03,CU2604,long,4,%D2%F8%BA%D3%C6%DA%BB%F5,2900,280.0,银河期货
2026-04-03,CU2604,long,5,%B9%FA%CC%A9%BE%FD%B0%B2,2665,305.0,国泰君安
2026-04-03,CU2604,long,6,%D4%C6%B3%BF%C6%DA%BB%F5,2275,-35.0,云晨期货
2026-04-03,CU2604,long,7,%CE%E5%BF%F3%C6%DA%BB%F5,1790,-595.0,五矿期货
2026-04-03,CU2604,long,8,%B6%AB%CE%E2%C6%DA%BB%F5,1520,-1060.0,东吴期货
2026-04-03,CU2604,long,9,%B9%E3%B7%A2%C6%DA%BB%F5,1235,0.0,广发期货
2026-04-03,CU2604,long,10,%B9%E2%B4%F3%C6%DA%BB%F5,995,-270.0,光大期货
2026-04-03,CU2604,long,11,%B6%AB%D6%A4%C6%DA%BB%F5,930,-670.0,东证期货
2026-04-03,CU2604,long,12,%BB%AA%F6%CE%C6%DA%BB%F5,925,-185.0,华鑫期货
2026-04-03,CU2604,long,13,%BB%AA%CC%A9%C6%DA%BB%F5,890,-50.0,华泰期货
2026-04-03,CU2604,long,14,%B9%FA%C3%B3%C6%DA%BB%F5,860,-65.0,国贸期货
2026-04-03,CU2604,long,15,%D6%D0%C1%B8%C6%DA%BB%F5,845,0.0,中粮期货
2026-04-03,CU2604,long,16,%C4%CF%BB%AA%C6%DA%BB%F5,785,-530.0,南华期货
2026-04-03,CU2604,long,17,%BD%A8%D0%C5%C6%DA%BB%F5,770,-85.0,建信期货
2026-04-03,CU2604,long,18,%B9%FA%C1%AA%C6%DA%BB%F5,730,-255.0,国联期货
2026-04-03,CU2604,long,19,%D6%D0%D0%C5%BD%A8%CD%B6,595,-190.0,中信建投
2026-04-03,CU2604,long,20,%B7%BD%D5%FD%D6%D0%C6%DA,530,-160.0,方正中期
2026-04-03,CU2604,long,999,TOTAL,32430,,TOTAL
2026-04-03,CU2604,short,1,%B9%FA%CC%A9%BE%FD%B0%B2,5560,-475.0,国泰君安
2026-04-03,CU2604,short,2,%D6%D0%D0%C5%C6%DA%BB%F5,3745,-700.0,中信期货
2026-04-03,CU2604,short,3,%BD%F0%C8%F0%C6%DA%BB%F5,3620,-680.0,金瑞期货
2026-04-03,CU2604,short,4,%D2%F8%BA%D3%C6%DA%BB%F5,3285,-865.0,银河期货
2026-04-03,CU2604,short,5,%B9%FA%CD%B6%C6%DA%BB%F5,3130,-110.0,国投期货
2026-04-03,CU2604,short,6,%D6%D0%C1%B8%C6%DA%BB%F5,2025,-195.0,中粮期货
2026-04-03,CU2604,short,7,%B9%E3%B7%A2%C6%DA%BB%F5,1835,-395.0,广发期货
2026-04-03,CU2604,short,8,%B6%AB%D6%A4%C6%DA%BB%F5,1285,-325.0,东证期货
2026-04-03,CU2604,short,9,%CE%E5%BF%F3%C6%DA%BB%F5,1100,-35.0,五矿期货
2026-04-03,CU2604,short,10,%D4%C6%B3%BF%C6%DA%BB%F5,995,-260.0,云晨期货
2026-04-03,CU2604,short,11,%B9%FA%C3%B3%C6%DA%BB%F5,850,-470.0,国贸期货
2026-04-03,CU2604,short,12,%D0%CB%D2%B5%C6%DA%BB%F5,850,-225.0,兴业期货
2026-04-03,CU2604,short,13,%BD%A8%D0%C5%C6%DA%BB%F5,845,-20.0,建信期货
2026-04-03,CU2604,short,14,%C8%F0%B4%EF%C6%DA%BB%F5,795,-200.0,瑞达期货
2026-04-03,CU2604,short,15,%C9%BD%BD%F0%C6%DA%BB%F5,785,-235.0,山金期货
2026-04-03,CU2604,short,16,%B9%FA%C1%AA%C6%DA%BB%F5,750,65.0,国联期货
2026-04-03,CU2604,short,17,%D7%CF%BD%F0%CC%EC%B7%E7,750,-555.0,紫金天风
2026-04-03,CU2604,short,18,%C2%F5%BF%C6%C6%DA%BB%F5,615,0.0,迈科期货
2026-04-03,CU2604,short,19,%B7%BD%D5%FD%D6%D0%C6%DA,525,-115.0,方正中期
2026-04-03,CU2604,short,20,%D6%D0%D2%F8%C6%DA%BB%F5,455,-10.0,中银期货
2026-04-03,CU2604,short,999,TOTAL,33800,,TOTAL
2026-04-24,CU2605,volume,1,%B9%FA%CC%A9%BE%FD%B0%B2,23855,6485.0,国泰君安
2026-04-24,CU2605,volume,2,%B6%AB%D6%A4%C6%DA%BB%F5,11322,1319.0,东证期货
2026-04-24,CU2605,volume,3,%D6%D0%D0%C5%C6%DA%BB%F5,10887,-6464.0,中信期货
2026-04-24,CU2605,volume,4,%BD%F0%C8%F0%C6%DA%BB%F5,5987,-822.0,金瑞期货
2026-04-24,CU2605,volume,5,%D2%F8%BA%D3%C6%DA%BB%F5,5442,1265.0,银河期货
2026-04-24,CU2605,volume,6,%D5%E3%C9%CC%C6%DA%BB%F5,5131,362.0,浙商期货
2026-04-24,CU2605,volume,7,%BB%AA%CC%A9%C6%DA%BB%F5,4359,1125.0,华泰期货
2026-04-24,CU2605,volume,8,%D5%D0%C9%CC%C6%DA%BB%F5,3360,2223.0,招商期货
2026-04-24,CU2605,volume,9,%D6%D0%CC%A9%C6%DA%BB%F5,3257,642.0,中泰期货
2026-04-24,CU2605,volume,10,%B9%FA%CD%B6%C6%DA%BB%F5,2460,-1093.0,国投期货
2026-04-24,CU2605,volume,11,%D3%C0%B0%B2%C6%DA%BB%F5,2191,1279.0,永安期货
2026-04-24,CU2605,volume,12,%D6%D0%C1%B8%C6%DA%BB%F5,2089,363.0,中粮期货
2026-04-24,CU2605,volume,13,%B7%BD%D5%FD%D6%D0%C6%DA,1806,240.0,方正中期
2026-04-24,CU2605,volume,14,%C4%CF%BB%AA%C6%DA%BB%F5,1765,367.0,南华期货
2026-04-24,CU2605,volume,15,%B9%E3%B7%A2%C6%DA%BB%F5,1530,-95.0,广发期货
2026-04-24,CU2605,volume,16,%D4%C6%B3%BF%C6%DA%BB%F5,1528,455.0,云晨期货
2026-04-24,CU2605,volume,17,%BB%AA%F6%CE%C6%DA%BB%F5,1385,278.0,华鑫期货
2026-04-24,CU2605,volume,18,%B9%FA%C3%B3%C6%DA%BB%F5,1265,-486.0,国贸期货
2026-04-24,CU2605,volume,19,%B9%FA%D0%C5%C6%DA%BB%F5,1238,-1055.0,国信期货
2026-04-24,CU2605,volume,20,%CD%AD%B9%DA%BD%F0%D4%B4,1215,-312.0,铜冠金源
2026-04-24,CU2605,volume,999,TOTAL,92072,,TOTAL
2026-04-24,CU2605,long,1,%B9%FA%CC%A9%BE%FD%B0%B2,10973,-595.0,国泰君安
2026-04-24,CU2605,long,2,%D6%D0%D0%C5%C6%DA%BB%F5,8720,-546.0,中信期货
2026-04-24,CU2605,long,3,%BD%F0%C8%F0%C6%DA%BB%F5,8566,157.0,金瑞期货
2026-04-24,CU2605,long,4,%CD%AD%B9%DA%BD%F0%D4%B4,7545,397.0,铜冠金源
2026-04-24,CU2605,long,5,%D4%C6%B3%BF%C6%DA%BB%F5,3270,358.0,云晨期货
2026-04-24,CU2605,long,6,%B6%AB%D6%A4%C6%DA%BB%F5,2830,1015.0,东证期货
2026-04-24,CU2605,long,7,%B9%FA%D4%AA%C6%DA%BB%F5,2621,-294.0,国元期货
2026-04-24,CU2605,long,8,%D2%F8%BA%D3%C6%DA%BB%F5,2308,-52.0,银河期货
2026-04-24,CU2605,long,9,%D7%CF%BD%F0%CC%EC%B7%E7,2052,382.0,紫金天风
2026-04-24,CU2605,long,10,%BD%A8%D0%C5%C6%DA%BB%F5,1793,-148.0,建信期货
2026-04-24,CU2605,long,11,%BB%AA%F6%CE%C6%DA%BB%F5,1789,-452.0,华鑫期货
2026-04-24,CU2605,long,12,%CE%E5%BF%F3%C6%DA%BB%F5,1730,183.0,五矿期货
2026-04-24,CU2605,long,13,%BA%EB%D2%B5%C6%DA%BB%F5,1340,-34.0,弘业期货
2026-04-24,CU2605,long,14,%D0%C2%BA%FE%C6%DA%BB%F5,1219,-11.0,新湖期货
2026-04-24,CU2605,long,15,%B7%BD%D5%FD%D6%D0%C6%DA,1143,-282.0,方正中期
2026-04-24,CU2605,long,16,%B6%AB%BA%A3%C6%DA%BB%F5,1007,-66.0,东海期货
2026-04-24,CU2605,long,17,%CA%A2%B4%EF%C6%DA%BB%F5,1005,131.0,盛达期货
2026-04-24,CU2605,long,18,%BB%AA%CC%A9%C6%DA%BB%F5,994,-722.0,华泰期货
2026-04-24,CU2605,long,19,%C4%CF%BB%AA%C6%DA%BB%F5,951,-127.0,南华期货
2026-04-24,CU2605,long,20,%B9%E3%B7%A2%C6%DA%BB%F5,928,109.0,广发期货
2026-04-24,CU2605,long,999,TOTAL,62784,,TOTAL
2026-04-24,CU2605,short,1,%BD%F0%C8%F0%C6%DA%BB%F5,8347,-667.0,金瑞期货
2026-04-24,CU2605,short,2,%D6%D0%D0%C5%C6%DA%BB%F5,5814,293.0,中信期货
2026-04-24,CU2605,short,3,%B9%FA%CC%A9%BE%FD%B0%B2,5592,-279.0,国泰君安
2026-04-24,CU2605,short,4,%D6%D0%C1%B8%C6%DA%BB%F5,4663,344.0,中粮期货
2026-04-24,CU2605,short,5,%D2%F8%BA%D3%C6%DA%BB%F5,4062,-1684.0,银河期货
2026-04-24,CU2605,short,6,%B6%AB%D6%A4%C6%DA%BB%F5,3127,-1111.0,东证期货
2026-04-24,CU2605,short,7,%CE%E5%BF%F3%C6%DA%BB%F5,2964,77.0,五矿期货
2026-04-24,CU2605,short,8,%B9%E2%B4%F3%C6%DA%BB%F5,2900,654.0,光大期货
2026-04-24,CU2605,short,9,%B9%FA%CD%B6%C6%DA%BB%F5,2622,-525.0,国投期货
2026-04-24,CU2605,short,10,%D7%CF%BD%F0%CC%EC%B7%E7,2553,-134.0,紫金天风
2026-04-24,CU2605,short,11,%BB%AA%CC%A9%C6%DA%BB%F5,2481,-721.0,华泰期货
2026-04-24,CU2605,short,12,%B3%A4%BD%AD%C6%DA%BB%F5,2069,-27.0,长江期货
2026-04-24,CU2605,short,13,%B7%BD%D5%FD%D6%D0%C6%DA,1989,116.0,方正中期
2026-04-24,CU2605,short,14,%D0%CB%D2%B5%C6%DA%BB%F5,1801,-827.0,兴业期货
2026-04-24,CU2605,short,15,%B9%FA%C3%B3%C6%DA%BB%F5,1782,583.0,国贸期货
2026-04-24,CU2605,short,16,%C4%CF%BB%AA%C6%DA%BB%F5,1652,-140.0,南华期货
2026-04-24,CU2605,short,17,%BA%A3%CD%A8%C6%DA%BB%F5,1294,-159.0,海通期货
2026-04-24,CU2605,short,18,%D3%C0%B0%B2%C6%DA%BB%F5,1242,728.0,永安期货
2026-04-24,CU2605,short,19,%D0%C5%B4%EF%C6%DA%BB%F5,1166,31.0,信达期货
2026-04-24,CU2605,short,20,%D0%C2%BA%FE%C6%DA%BB%F5,1142,-14.0,新湖期货
2026-04-24,CU2605,short,999,TOTAL,59262,,TOTAL
2026-04-27,CU2605,volume,1,%D6%D0%D0%C5%C6%DA%BB%F5,10287,-600.0,中信期货
2026-04-27,CU2605,volume,2,%B9%FA%CC%A9%BE%FD%B0%B2,8619,-15236.0,国泰君安
2026-04-27,CU2605,volume,3,%B6%AB%D6%A4%C6%DA%BB%F5,7429,-3893.0,东证期货
2026-04-27,CU2605,volume,4,%BD%F0%C8%F0%C6%DA%BB%F5,5790,-197.0,金瑞期货
2026-04-27,CU2605,volume,5,%D2%F8%BA%D3%C6%DA%BB%F5,2172,-3270.0,银河期货
2026-04-27,CU2605,volume,6,%D7%CF%BD%F0%CC%EC%B7%E7,1956,1004.0,紫金天风
2026-04-27,CU2605,volume,7,%CD%AD%B9%DA%BD%F0%D4%B4,1930,715.0,铜冠金源
2026-04-27,CU2605,volume,8,%CE%E5%BF%F3%C6%DA%BB%F5,1677,524.0,五矿期货
2026-04-27,CU2605,volume,9,%BB%AA%CC%A9%C6%DA%BB%F5,1543,-2816.0,华泰期货
2026-04-27,CU2605,volume,10,%D5%E3%C9%CC%C6%DA%BB%F5,1526,-3605.0,浙商期货
2026-04-27,CU2605,volume,11,%D4%C6%B3%BF%C6%DA%BB%F5,1490,-38.0,云晨期货
2026-04-27,CU2605,volume,12,%BA%A3%CD%A8%C6%DA%BB%F5,1393,781.0,海通期货
2026-04-27,CU2605,volume,13,%BB%AA%F6%CE%C6%DA%BB%F5,1375,-10.0,华鑫期货
2026-04-27,CU2605,volume,14,%B9%E2%B4%F3%C6%DA%BB%F5,1275,175.0,光大期货
2026-04-27,CU2605,volume,15,%B9%FA%C3%B3%C6%DA%BB%F5,1232,-33.0,国贸期货
2026-04-27,CU2605,volume,16,%D3%C0%B0%B2%C6%DA%BB%F5,1164,-1027.0,永安期货
2026-04-27,CU2605,volume,17,%B9%E3%B7%A2%C6%DA%BB%F5,1144,-386.0,广发期货
2026-04-27,CU2605,volume,18,%D6%D0%B2%C6%C6%DA%BB%F5,1039,811.0,中财期货
2026-04-27,CU2605,volume,19,%D6%D0%CC%A9%C6%DA%BB%F5,999,-2258.0,中泰期货
2026-04-27,CU2605,volume,20,%B1%A6%B3%C7%C6%DA%BB%F5,991,246.0,宝城期货
2026-04-27,CU2605,volume,999,TOTAL,55031,,TOTAL
2026-04-27,CU2605,long,1,%B9%FA%CC%A9%BE%FD%B0%B2,9178,-1795.0,国泰君安
2026-04-27,CU2605,long,2,%BD%F0%C8%F0%C6%DA%BB%F5,8115,-451.0,金瑞期货
2026-04-27,CU2605,long,3,%D6%D0%D0%C5%C6%DA%BB%F5,7654,-1066.0,中信期货
2026-04-27,CU2605,long,4,%CD%AD%B9%DA%BD%F0%D4%B4,6678,-867.0,铜冠金源
2026-04-27,CU2605,long,5,%D4%C6%B3%BF%C6%DA%BB%F5,2736,-534.0,云晨期货
2026-04-27,CU2605,long,6,%B9%FA%D4%AA%C6%DA%BB%F5,2423,-198.0,国元期货
2026-04-27,CU2605,long,7,%D7%CF%BD%F0%CC%EC%B7%E7,2234,182.0,紫金天风
2026-04-27,CU2605,long,8,%D2%F8%BA%D3%C6%DA%BB%F5,2158,-150.0,银河期货
2026-04-27,CU2605,long,9,%CE%E5%BF%F3%C6%DA%BB%F5,1728,-2.0,五矿期货
2026-04-27,CU2605,long,10,%BD%A8%D0%C5%C6%DA%BB%F5,1380,-413.0,建信期货
2026-04-27,CU2605,long,11,%B6%AB%D6%A4%C6%DA%BB%F5,1368,-1462.0,东证期货
2026-04-27,CU2605,long,12,%BA%EB%D2%B5%C6%DA%BB%F5,1267,-73.0,弘业期货
2026-04-27,CU2605,long,13,%BB%AA%F6%CE%C6%DA%BB%F5,1252,-537.0,华鑫期货
2026-04-27,CU2605,long,14,%C4%CF%BB%AA%C6%DA%BB%F5,1209,258.0,南华期货
2026-04-27,CU2605,long,15,%D0%C2%BA%FE%C6%DA%BB%F5,1160,-59.0,新湖期货
2026-04-27,CU2605,long,16,%CA%A2%B4%EF%C6%DA%BB%F5,1003,-2.0,盛达期货
2026-04-27,CU2605,long,17,%B6%AB%BA%A3%C6%DA%BB%F5,878,-129.0,东海期货
2026-04-27,CU2605,long,18,%D6%D0%C1%B8%C6%DA%BB%F5,833,-17.0,中粮期货
2026-04-27,CU2605,long,19,%B9%E3%B7%A2%C6%DA%BB%F5,813,-115.0,广发期货
2026-04-27,CU2605,long,20,%B7%BD%D5%FD%D6%D0%C6%DA,742,-401.0,方正中期
2026-04-27,CU2605,long,999,TOTAL,54809,,TOTAL
2026-04-27,CU2605,short,1,%BD%F0%C8%F0%C6%DA%BB%F5,6786,-1561.0,金瑞期货
2026-04-27,CU2605,short,2,%D6%D0%D0%C5%C6%DA%BB%F5,4557,-1257.0,中信期货
2026-04-27,CU2605,short,3,%D6%D0%C1%B8%C6%DA%BB%F5,4154,-509.0,中粮期货
2026-04-27,CU2605,short,4,%D2%F8%BA%D3%C6%DA%BB%F5,3794,-268.0,银河期货
2026-04-27,CU2605,short,5,%B9%FA%CC%A9%BE%FD%B0%B2,3708,-1884.0,国泰君安
2026-04-27,CU2605,short,6,%D7%CF%BD%F0%CC%EC%B7%E7,2901,348.0,紫金天风
2026-04-27,CU2605,short,7,%B9%E2%B4%F3%C6%DA%BB%F5,2593,-307.0,光大期货
2026-04-27,CU2605,short,8,%CE%E5%BF%F3%C6%DA%BB%F5,2449,-515.0,五矿期货
2026-04-27,CU2605,short,9,%B9%FA%CD%B6%C6%DA%BB%F5,2398,-224.0,国投期货
2026-04-27,CU2605,short,10,%B6%AB%D6%A4%C6%DA%BB%F5,2370,-757.0,东证期货
2026-04-27,CU2605,short,11,%B7%BD%D5%FD%D6%D0%C6%DA,2166,177.0,方正中期
2026-04-27,CU2605,short,12,%BB%AA%CC%A9%C6%DA%BB%F5,2050,-431.0,华泰期货
2026-04-27,CU2605,short,13,%D0%CB%D2%B5%C6%DA%BB%F5,1769,-32.0,兴业期货
2026-04-27,CU2605,short,14,%B3%A4%BD%AD%C6%DA%BB%F5,1624,-445.0,长江期货
2026-04-27,CU2605,short,15,%C4%CF%BB%AA%C6%DA%BB%F5,1535,-117.0,南华期货
2026-04-27,CU2605,short,16,%B9%FA%C3%B3%C6%DA%BB%F5,1358,-424.0,国贸期货
2026-04-27,CU2605,short,17,%BA%A3%CD%A8%C6%DA%BB%F5,1163,-131.0,海通期货
2026-04-27,CU2605,short,18,%D0%C2%BA%FE%C6%DA%BB%F5,1082,-60.0,新湖期货
2026-04-27,CU2605,short,19,%C9%BD%BD%F0%C6%DA%BB%F5,1073,-19.0,山金期货
2026-04-27,CU2605,short,20,%D0%C5%B4%EF%C6%DA%BB%F5,1048,-118.0,信达期货
2026-04-27,CU2605,short,999,TOTAL,50578,,TOTAL
2026-04-30,CU2605,volume,1,%BD%F0%C8%F0%C6%DA%BB%F5,7015,1231.0,金瑞期货
2026-04-30,CU2605,volume,2,%B9%FA%CC%A9%BE%FD%B0%B2,5876,-4241.0,国泰君安
2026-04-30,CU2605,volume,3,%B6%AB%D6%A4%C6%DA%BB%F5,5168,-1369.0,东证期货
2026-04-30,CU2605,volume,4,%D6%D0%D0%C5%C6%DA%BB%F5,4970,-5869.0,中信期货
2026-04-30,CU2605,volume,5,%D4%C6%B3%BF%C6%DA%BB%F5,2760,1297.0,云晨期货
2026-04-30,CU2605,volume,6,%D2%F8%BA%D3%C6%DA%BB%F5,2508,227.0,银河期货
2026-04-30,CU2605,volume,7,%B9%E2%B4%F3%C6%DA%BB%F5,1798,741.0,光大期货
2026-04-30,CU2605,volume,8,%CD%AD%B9%DA%BD%F0%D4%B4,1437,-305.0,铜冠金源
2026-04-30,CU2605,volume,9,%D6%D0%C1%B8%C6%DA%BB%F5,1386,1040.0,中粮期货
2026-04-30,CU2605,volume,10,%B7%BD%D5%FD%D6%D0%C6%DA,1321,218.0,方正中期
2026-04-30,CU2605,volume,11,%B9%FA%C1%AA%C6%DA%BB%F5,1267,447.0,国联期货
2026-04-30,CU2605,volume,12,%B6%AB%CE%E2%C6%DA%BB%F5,1067,294.0,东吴期货
2026-04-30,CU2605,volume,13,%CE%E5%BF%F3%C6%DA%BB%F5,949,-501.0,五矿期货
2026-04-30,CU2605,volume,14,%B9%E3%B7%A2%C6%DA%BB%F5,890,-805.0,广发期货
2026-04-30,CU2605,volume,15,%D7%CF%BD%F0%CC%EC%B7%E7,873,-151.0,紫金天风
2026-04-30,CU2605,volume,16,%BB%AA%CC%A9%C6%DA%BB%F5,856,366.0,华泰期货
2026-04-30,CU2605,volume,17,%B9%FA%C3%B3%C6%DA%BB%F5,794,-566.0,国贸期货
2026-04-30,CU2605,volume,18,%D6%D0%CC%A9%C6%DA%BB%F5,791,52.0,中泰期货
2026-04-30,CU2605,volume,19,%BD%A8%D0%C5%C6%DA%BB%F5,779,64.0,建信期货
2026-04-30,CU2605,volume,20,%BB%AA%CE%C5%C6%DA%BB%F5,726,420.0,华闻期货
2026-04-30,CU2605,volume,999,TOTAL,43231,,TOTAL
2026-04-30,CU2605,long,1,%BD%F0%C8%F0%C6%DA%BB%F5,6710,-369.0,金瑞期货
2026-04-30,CU2605,long,2,%CD%AD%B9%DA%BD%F0%D4%B4,5040,-379.0,铜冠金源
2026-04-30,CU2605,long,3,%D6%D0%D0%C5%C6%DA%BB%F5,4716,-261.0,中信期货
2026-04-30,CU2605,long,4,%B9%FA%CC%A9%BE%FD%B0%B2,4215,-2095.0,国泰君安
2026-04-30,CU2605,long,5,%D7%CF%BD%F0%CC%EC%B7%E7,3585,673.0,紫金天风
2026-04-30,CU2605,long,6,%D4%C6%B3%BF%C6%DA%BB%F5,3405,132.0,云晨期货
2026-04-30,CU2605,long,7,%CE%E5%BF%F3%C6%DA%BB%F5,1815,27.0,五矿期货
2026-04-30,CU2605,long,8,%BD%A8%D0%C5%C6%DA%BB%F5,1620,-129.0,建信期货
2026-04-30,CU2605,long,9,%C4%CF%BB%AA%C6%DA%BB%F5,1291,217.0,南华期货
2026-04-30,CU2605,long,10,%D2%F8%BA%D3%C6%DA%BB%F5,965,-109.0,银河期货
2026-04-30,CU2605,long,11,%B9%FA%D4%AA%C6%DA%BB%F5,950,-36.0,国元期货
2026-04-30,CU2605,long,12,%CA%A2%B4%EF%C6%DA%BB%F5,800,-9.0,盛达期货
2026-04-30,CU2605,long,13,%BB%AA%CC%A9%C6%DA%BB%F5,710,-16.0,华泰期货
2026-04-30,CU2605,long,14,%B6%AB%BA%A3%C6%DA%BB%F5,670,-197.0,东海期货
2026-04-30,CU2605,long,15,%B9%E2%B4%F3%C6%DA%BB%F5,645,-10.0,光大期货
2026-04-30,CU2605,long,16,%BA%EB%D2%B5%C6%DA%BB%F5,605,-76.0,弘业期货
2026-04-30,CU2605,long,17,%C9%EA%CD%F2%C6%DA%BB%F5,600,25.0,申万期货
2026-04-30,CU2605,long,18,%BB%AA%F6%CE%C6%DA%BB%F5,480,-117.0,华鑫期货
2026-04-30,CU2605,long,19,%B6%AB%D6%A4%C6%DA%BB%F5,425,-213.0,东证期货
2026-04-30,CU2605,long,20,%D6%D0%D0%C5%BD%A8%CD%B6,365,-43.0,中信建投
2026-04-30,CU2605,long,999,TOTAL,39612,,TOTAL
2026-04-30,CU2605,short,1,%BD%F0%C8%F0%C6%DA%BB%F5,4715,-500.0,金瑞期货
2026-04-30,CU2605,short,2,%D6%D0%C1%B8%C6%DA%BB%F5,3840,156.0,中粮期货
2026-04-30,CU2605,short,3,%CE%E5%BF%F3%C6%DA%BB%F5,2715,60.0,五矿期货
2026-04-30,CU2605,short,4,%D6%D0%D0%C5%C6%DA%BB%F5,2691,-117.0,中信期货
2026-04-30,CU2605,short,5,%B9%FA%CD%B6%C6%DA%BB%F5,2240,30.0,国投期货
2026-04-30,CU2605,short,6,%D2%F8%BA%D3%C6%DA%BB%F5,2165,-839.0,银河期货
2026-04-30,CU2605,short,7,%D7%CF%BD%F0%CC%EC%B7%E7,2030,-88.0,紫金天风
2026-04-30,CU2605,short,8,%B9%FA%CC%A9%BE%FD%B0%B2,1980,-657.0,国泰君安
2026-04-30,CU2605,short,9,%B7%BD%D5%FD%D6%D0%C6%DA,1565,15.0,方正中期
2026-04-30,CU2605,short,10,%B6%AB%D6%A4%C6%DA%BB%F5,1505,-39.0,东证期货
2026-04-30,CU2605,short,11,%B9%E3%B7%A2%C6%DA%BB%F5,1375,225.0,广发期货
2026-04-30,CU2605,short,12,%B9%FA%C3%B3%C6%DA%BB%F5,1185,167.0,国贸期货
2026-04-30,CU2605,short,13,%C4%CF%BB%AA%C6%DA%BB%F5,1035,-175.0,南华期货
2026-04-30,CU2605,short,14,%BA%A3%CD%A8%C6%DA%BB%F5,1010,-89.0,海通期货
2026-04-30,CU2605,short,15,%B3%A4%BD%AD%C6%DA%BB%F5,930,-163.0,长江期货
2026-04-30,CU2605,short,16,%D0%CB%D2%B5%C6%DA%BB%F5,895,-60.0,兴业期货
2026-04-30,CU2605,short,17,%CA%A2%B4%EF%C6%DA%BB%F5,800,0.0,盛达期货
2026-04-30,CU2605,short,18,%B9%E2%B4%F3%C6%DA%BB%F5,735,-1070.0,光大期货
2026-04-30,CU2605,short,19,%B4%F3%B5%D8%C6%DA%BB%F5,705,-116.0,大地期货
2026-04-30,CU2605,short,20,%BB%AA%CC%A9%C6%DA%BB%F5,665,-642.0,华泰期货
2026-04-30,CU2605,short,999,TOTAL,34781,,TOTAL
2026-05-06,CU2605,volume,1,%BD%F0%C8%F0%C6%DA%BB%F5,5240,-1775.0,金瑞期货
2026-05-06,CU2605,volume,2,%D6%D0%D0%C5%C6%DA%BB%F5,3527,-1443.0,中信期货
2026-05-06,CU2605,volume,3,%B6%AB%D6%A4%C6%DA%BB%F5,2915,-2253.0,东证期货
2026-05-06,CU2605,volume,4,%D2%F8%BA%D3%C6%DA%BB%F5,1550,-958.0,银河期货
2026-05-06,CU2605,volume,5,%B9%FA%C3%B3%C6%DA%BB%F5,1535,741.0,国贸期货
2026-05-06,CU2605,volume,6,%D7%CF%BD%F0%CC%EC%B7%E7,1460,587.0,紫金天风
2026-05-06,CU2605,volume,7,%CD%AD%B9%DA%BD%F0%D4%B4,1435,-2.0,铜冠金源
2026-05-06,CU2605,volume,8,%B9%FA%CC%A9%BE%FD%B0%B2,1425,-4451.0,国泰君安
2026-05-06,CU2605,volume,9,%D4%C6%B3%BF%C6%DA%BB%F5,1115,-1645.0,云晨期货
2026-05-06,CU2605,volume,10,%C9%BD%BD%F0%C6%DA%BB%F5,825,696.0,山金期货
2026-05-06,CU2605,volume,11,%CE%E5%BF%F3%C6%DA%BB%F5,710,-239.0,五矿期货
2026-05-06,CU2605,volume,12,%C4%CF%BB%AA%C6%DA%BB%F5,691,67.0,南华期货
2026-05-06,CU2605,volume,13,%BB%AA%F6%CE%C6%DA%BB%F5,655,388.0,华鑫期货
2026-05-06,CU2605,volume,14,%D6%D0%CC%A9%C6%DA%BB%F5,530,-261.0,中泰期货
2026-05-06,CU2605,volume,15,%C9%EA%CD%F2%C6%DA%BB%F5,520,49.0,申万期货
2026-05-06,CU2605,volume,16,%BD%A8%D0%C5%C6%DA%BB%F5,510,-269.0,建信期货
2026-05-06,CU2605,volume,17,%BA%A3%CD%A8%C6%DA%BB%F5,490,194.0,海通期货
2026-05-06,CU2605,volume,18,%B6%AB%CE%E2%C6%DA%BB%F5,460,-607.0,东吴期货
2026-05-06,CU2605,volume,19,%B9%FA%CD%B6%C6%DA%BB%F5,455,214.0,国投期货
2026-05-06,CU2605,volume,20,%B9%E2%B4%F3%C6%DA%BB%F5,415,-1383.0,光大期货
2026-05-06,CU2605,volume,999,TOTAL,26463,,TOTAL
2026-05-06,CU2605,long,1,%BD%F0%C8%F0%C6%DA%BB%F5,5785,-925.0,金瑞期货
2026-05-06,CU2605,long,2,%D6%D0%D0%C5%C6%DA%BB%F5,4270,-446.0,中信期货
2026-05-06,CU2605,long,3,%B9%FA%CC%A9%BE%FD%B0%B2,4235,20.0,国泰君安
2026-05-06,CU2605,long,4,%CD%AD%B9%DA%BD%F0%D4%B4,3970,-1070.0,铜冠金源
2026-05-06,CU2605,long,5,%D7%CF%BD%F0%CC%EC%B7%E7,3295,-290.0,紫金天风
2026-05-06,CU2605,long,6,%D4%C6%B3%BF%C6%DA%BB%F5,3005,-400.0,云晨期货
2026-05-06,CU2605,long,7,%CE%E5%BF%F3%C6%DA%BB%F5,1860,45.0,五矿期货
2026-05-06,CU2605,long,8,%BD%A8%D0%C5%C6%DA%BB%F5,1460,-160.0,建信期货
2026-05-06,CU2605,long,9,%D2%F8%BA%D3%C6%DA%BB%F5,1145,180.0,银河期货
2026-05-06,CU2605,long,10,%B9%FA%D4%AA%C6%DA%BB%F5,855,-95.0,国元期货
2026-05-06,CU2605,long,11,%C4%CF%BB%AA%C6%DA%BB%F5,845,-446.0,南华期货
2026-05-06,CU2605,long,12,%BB%AA%F6%CE%C6%DA%BB%F5,745,265.0,华鑫期货
2026-05-06,CU2605,long,13,%CA%A2%B4%EF%C6%DA%BB%F5,700,-100.0,盛达期货
2026-05-06,CU2605,long,14,%B6%AB%BA%A3%C6%DA%BB%F5,695,25.0,东海期货
2026-05-06,CU2605,long,15,%BB%AA%CC%A9%C6%DA%BB%F5,640,-70.0,华泰期货
2026-05-06,CU2605,long,16,%BA%EB%D2%B5%C6%DA%BB%F5,600,-5.0,弘业期货
2026-05-06,CU2605,long,17,%C9%EA%CD%F2%C6%DA%BB%F5,555,-45.0,申万期货
2026-05-06,CU2605,long,18,%B6%AB%D6%A4%C6%DA%BB%F5,505,80.0,东证期货
2026-05-06,CU2605,long,19,%B9%E2%B4%F3%C6%DA%BB%F5,455,-190.0,光大期货
2026-05-06,CU2605,long,20,%D5%FD%D0%C5%C6%DA%BB%F5,350,-10.0,正信期货
2026-05-06,CU2605,long,999,TOTAL,35970,,TOTAL
2026-05-06,CU2605,short,1,%BD%F0%C8%F0%C6%DA%BB%F5,5480,765.0,金瑞期货
2026-05-06,CU2605,short,2,%D6%D0%C1%B8%C6%DA%BB%F5,3610,-230.0,中粮期货
2026-05-06,CU2605,short,3,%CE%E5%BF%F3%C6%DA%BB%F5,2580,-135.0,五矿期货
2026-05-06,CU2605,short,4,%D6%D0%D0%C5%C6%DA%BB%F5,2460,-231.0,中信期货
2026-05-06,CU2605,short,5,%D2%F8%BA%D3%C6%DA%BB%F5,1935,-230.0,银河期货
2026-05-06,CU2605,short,6,%B9%FA%CD%B6%C6%DA%BB%F5,1880,-360.0,国投期货
2026-05-06,CU2605,short,7,%B9%FA%CC%A9%BE%FD%B0%B2,1825,-155.0,国泰君安
2026-05-06,CU2605,short,8,%D7%CF%BD%F0%CC%EC%B7%E7,1570,-460.0,紫金天风
2026-05-06,CU2605,short,9,%B9%E3%B7%A2%C6%DA%BB%F5,1460,85.0,广发期货
2026-05-06,CU2605,short,10,%B7%BD%D5%FD%D6%D0%C6%DA,1200,-365.0,方正中期
2026-05-06,CU2605,short,11,%B6%AB%D6%A4%C6%DA%BB%F5,1130,-375.0,东证期货
2026-05-06,CU2605,short,12,%C4%CF%BB%AA%C6%DA%BB%F5,1000,-35.0,南华期货
2026-05-06,CU2605,short,13,%B3%A4%BD%AD%C6%DA%BB%F5,985,55.0,长江期货
2026-05-06,CU2605,short,14,%BA%A3%CD%A8%C6%DA%BB%F5,945,-65.0,海通期货
2026-05-06,CU2605,short,15,%D0%CB%D2%B5%C6%DA%BB%F5,855,-40.0,兴业期货
2026-05-06,CU2605,short,16,%CA%A2%B4%EF%C6%DA%BB%F5,700,-100.0,盛达期货
2026-05-06,CU2605,short,17,%B9%E2%B4%F3%C6%DA%BB%F5,690,-45.0,光大期货
2026-05-06,CU2605,short,18,%B4%F3%B5%D8%C6%DA%BB%F5,685,-20.0,大地期货
2026-05-06,CU2605,short,19,%B9%FA%C3%B3%C6%DA%BB%F5,655,-530.0,国贸期货
2026-05-06,CU2605,short,20,%BB%AA%CC%A9%C6%DA%BB%F5,545,-120.0,华泰期货
2026-05-06,CU2605,short,999,TOTAL,32190,,TOTAL
2026-05-07,CU2605,volume,1,%BD%F0%C8%F0%C6%DA%BB%F5,4830,-410.0,金瑞期货
2026-05-07,CU2605,volume,2,%B6%AB%D6%A4%C6%DA%BB%F5,3525,610.0,东证期货
2026-05-07,CU2605,volume,3,%D6%D0%D0%C5%C6%DA%BB%F5,3400,-127.0,中信期货
2026-05-07,CU2605,volume,4,%D2%F8%BA%D3%C6%DA%BB%F5,2255,705.0,银河期货
2026-05-07,CU2605,volume,5,%D7%CF%BD%F0%CC%EC%B7%E7,1870,410.0,紫金天风
2026-05-07,CU2605,volume,6,%B9%FA%CC%A9%BE%FD%B0%B2,1830,405.0,国泰君安
2026-05-07,CU2605,volume,7,%D6%D0%C1%B8%C6%DA%BB%F5,1535,1305.0,中粮期货
2026-05-07,CU2605,volume,8,%CA%A2%B4%EF%C6%DA%BB%F5,1400,1200.0,盛达期货
2026-05-07,CU2605,volume,9,%B9%E2%B4%F3%C6%DA%BB%F5,1270,855.0,光大期货
2026-05-07,CU2605,volume,10,%CE%E5%BF%F3%C6%DA%BB%F5,1190,480.0,五矿期货
2026-05-07,CU2605,volume,11,%CD%AD%B9%DA%BD%F0%D4%B4,1105,-330.0,铜冠金源
2026-05-07,CU2605,volume,12,%B7%BD%D5%FD%D6%D0%C6%DA,1060,649.0,方正中期
2026-05-07,CU2605,volume,13,%B9%FA%C3%B3%C6%DA%BB%F5,970,-565.0,国贸期货
2026-05-07,CU2605,volume,14,%C9%BD%BD%F0%C6%DA%BB%F5,880,55.0,山金期货
2026-05-07,CU2605,volume,15,%B9%FA%C1%AA%C6%DA%BB%F5,870,605.0,国联期货
2026-05-07,CU2605,volume,16,%BB%AA%F6%CE%C6%DA%BB%F5,805,150.0,华鑫期货
2026-05-07,CU2605,volume,17,%B9%E3%B7%A2%C6%DA%BB%F5,680,405.0,广发期货
2026-05-07,CU2605,volume,18,%D4%C6%B3%BF%C6%DA%BB%F5,645,-470.0,云晨期货
2026-05-07,CU2605,volume,19,%C4%CF%BB%AA%C6%DA%BB%F5,620,-71.0,南华期货
2026-05-07,CU2605,volume,20,%C9%EA%CD%F2%C6%DA%BB%F5,580,60.0,申万期货
2026-05-07,CU2605,volume,999,TOTAL,31320,,TOTAL
2026-05-07,CU2605,long,1,%BD%F0%C8%F0%C6%DA%BB%F5,4020,-1765.0,金瑞期货
2026-05-07,CU2605,long,2,%B9%FA%CC%A9%BE%FD%B0%B2,3760,-475.0,国泰君安
2026-05-07,CU2605,long,3,%D6%D0%D0%C5%C6%DA%BB%F5,3600,-670.0,中信期货
2026-05-07,CU2605,long,4,%CD%AD%B9%DA%BD%F0%D4%B4,3220,-750.0,铜冠金源
2026-05-07,CU2605,long,5,%D4%C6%B3%BF%C6%DA%BB%F5,2690,-315.0,云晨期货
2026-05-07,CU2605,long,6,%D7%CF%BD%F0%CC%EC%B7%E7,2255,-1040.0,紫金天风
2026-05-07,CU2605,long,7,%CE%E5%BF%F3%C6%DA%BB%F5,1900,40.0,五矿期货
2026-05-07,CU2605,long,8,%D2%F8%BA%D3%C6%DA%BB%F5,1170,25.0,银河期货
2026-05-07,CU2605,long,9,%BD%A8%D0%C5%C6%DA%BB%F5,1065,-395.0,建信期货
2026-05-07,CU2605,long,10,%B9%FA%D4%AA%C6%DA%BB%F5,810,-45.0,国元期货
2026-05-07,CU2605,long,11,%C4%CF%BB%AA%C6%DA%BB%F5,735,-110.0,南华期货
2026-05-07,CU2605,long,12,%B9%E2%B4%F3%C6%DA%BB%F5,720,265.0,光大期货
2026-05-07,CU2605,long,13,%B6%AB%BA%A3%C6%DA%BB%F5,710,15.0,东海期货
2026-05-07,CU2605,long,14,%BA%EB%D2%B5%C6%DA%BB%F5,550,-50.0,弘业期货
2026-05-07,CU2605,long,15,%B6%AB%D6%A4%C6%DA%BB%F5,540,35.0,东证期货
2026-05-07,CU2605,long,16,%BB%AA%CC%A9%C6%DA%BB%F5,450,-190.0,华泰期货
2026-05-07,CU2605,long,17,%C9%EA%CD%F2%C6%DA%BB%F5,380,-175.0,申万期货
2026-05-07,CU2605,long,18,%BB%AA%B0%B2%C6%DA%BB%F5,365,185.0,华安期货
2026-05-07,CU2605,long,19,%B3%A4%BD%AD%C6%DA%BB%F5,360,130.0,长江期货
2026-05-07,CU2605,long,20,%D5%FD%D0%C5%C6%DA%BB%F5,340,-10.0,正信期货
2026-05-07,CU2605,long,999,TOTAL,29640,,TOTAL
2026-05-07,CU2605,short,1,%BD%F0%C8%F0%C6%DA%BB%F5,4645,-835.0,金瑞期货
2026-05-07,CU2605,short,2,%D6%D0%C1%B8%C6%DA%BB%F5,2605,-1005.0,中粮期货
2026-05-07,CU2605,short,3,%CE%E5%BF%F3%C6%DA%BB%F5,2330,-250.0,五矿期货
2026-05-07,CU2605,short,4,%D6%D0%D0%C5%C6%DA%BB%F5,1800,-660.0,中信期货
2026-05-07,CU2605,short,5,%B9%FA%CD%B6%C6%DA%BB%F5,1790,-90.0,国投期货
2026-05-07,CU2605,short,6,%B9%FA%CC%A9%BE%FD%B0%B2,1590,-235.0,国泰君安
2026-05-07,CU2605,short,7,%B7%BD%D5%FD%D6%D0%C6%DA,1365,165.0,方正中期
2026-05-07,CU2605,short,8,%B9%E3%B7%A2%C6%DA%BB%F5,1285,-175.0,广发期货
2026-05-07,CU2605,short,9,%D2%F8%BA%D3%C6%DA%BB%F5,1215,-720.0,银河期货
2026-05-07,CU2605,short,10,%D7%CF%BD%F0%CC%EC%B7%E7,1070,-500.0,紫金天风
2026-05-07,CU2605,short,11,%BA%A3%CD%A8%C6%DA%BB%F5,945,0.0,海通期货
2026-05-07,CU2605,short,12,%C4%CF%BB%AA%C6%DA%BB%F5,860,-140.0,南华期货
2026-05-07,CU2605,short,13,%B3%A4%BD%AD%C6%DA%BB%F5,805,-180.0,长江期货
2026-05-07,CU2605,short,14,%B9%FA%C3%B3%C6%DA%BB%F5,700,45.0,国贸期货
2026-05-07,CU2605,short,15,%C9%BD%BD%F0%C6%DA%BB%F5,685,160.0,山金期货
2026-05-07,CU2605,short,16,%B6%AB%D6%A4%C6%DA%BB%F5,680,-450.0,东证期货
2026-05-07,CU2605,short,17,%D0%CB%D2%B5%C6%DA%BB%F5,660,-195.0,兴业期货
2026-05-07,CU2605,short,18,%B9%E2%B4%F3%C6%DA%BB%F5,505,-185.0,光大期货
2026-05-07,CU2605,short,19,%BB%AA%CC%A9%C6%DA%BB%F5,500,-45.0,华泰期货
2026-05-07,CU2605,short,20,%BB%AA%BD%F0%C6%DA%BB%F5,455,-70.0,华金期货
2026-05-07,CU2605,short,999,TOTAL,26490,,TOTAL
2026-05-08,CU2605,volume,1,%BD%F0%C8%F0%C6%DA%BB%F5,6415,1585.0,金瑞期货
2026-05-08,CU2605,volume,2,%D6%D0%D0%C5%C6%DA%BB%F5,5395,1995.0,中信期货
2026-05-08,CU2605,volume,3,%B6%AB%D6%A4%C6%DA%BB%F5,3895,370.0,东证期货
2026-05-08,CU2605,volume,4,%B9%FA%CC%A9%BE%FD%B0%B2,3435,1605.0,国泰君安
2026-05-08,CU2605,volume,5,%D2%F8%BA%D3%C6%DA%BB%F5,2800,545.0,银河期货
2026-05-08,CU2605,volume,6,%D6%D0%C1%B8%C6%DA%BB%F5,2165,630.0,中粮期货
2026-05-08,CU2605,volume,7,%D7%CF%BD%F0%CC%EC%B7%E7,1715,-155.0,紫金天风
2026-05-08,CU2605,volume,8,%CD%AD%B9%DA%BD%F0%D4%B4,1525,420.0,铜冠金源
2026-05-08,CU2605,volume,9,%B9%E3%B7%A2%C6%DA%BB%F5,1135,455.0,广发期货
2026-05-08,CU2605,volume,10,%CE%E5%BF%F3%C6%DA%BB%F5,1120,-70.0,五矿期货
2026-05-08,CU2605,volume,11,%BB%AA%F6%CE%C6%DA%BB%F5,1100,295.0,华鑫期货
2026-05-08,CU2605,volume,12,%C9%BD%BD%F0%C6%DA%BB%F5,1085,205.0,山金期货
2026-05-08,CU2605,volume,13,%B9%FA%C3%B3%C6%DA%BB%F5,970,0.0,国贸期货
2026-05-08,CU2605,volume,14,%C4%CF%BB%AA%C6%DA%BB%F5,920,300.0,南华期货
2026-05-08,CU2605,volume,15,%D6%D0%CC%A9%C6%DA%BB%F5,845,435.0,中泰期货
2026-05-08,CU2605,volume,16,%B9%E2%B4%F3%C6%DA%BB%F5,810,-460.0,光大期货
2026-05-08,CU2605,volume,17,%B9%FA%D4%AA%C6%DA%BB%F5,810,765.0,国元期货
2026-05-08,CU2605,volume,18,%BD%A8%D0%C5%C6%DA%BB%F5,805,350.0,建信期货
2026-05-08,CU2605,volume,19,%C9%EA%CD%F2%C6%DA%BB%F5,710,130.0,申万期货
2026-05-08,CU2605,volume,20,%D5%E3%C9%CC%C6%DA%BB%F5,690,155.0,浙商期货
2026-05-08,CU2605,volume,999,TOTAL,38345,,TOTAL
2026-05-08,CU2605,long,1,%B9%FA%CC%A9%BE%FD%B0%B2,3600,-160.0,国泰君安
2026-05-08,CU2605,long,2,%BD%F0%C8%F0%C6%DA%BB%F5,3575,-445.0,金瑞期货
2026-05-08,CU2605,long,3,%D6%D0%D0%C5%C6%DA%BB%F5,2920,-680.0,中信期货
2026-05-08,CU2605,long,4,%CD%AD%B9%DA%BD%F0%D4%B4,2275,-945.0,铜冠金源
2026-05-08,CU2605,long,5,%D4%C6%B3%BF%C6%DA%BB%F5,2215,-475.0,云晨期货
2026-05-08,CU2605,long,6,%CE%E5%BF%F3%C6%DA%BB%F5,1725,-175.0,五矿期货
2026-05-08,CU2605,long,7,%D7%CF%BD%F0%CC%EC%B7%E7,1510,-745.0,紫金天风
2026-05-08,CU2605,long,8,%D2%F8%BA%D3%C6%DA%BB%F5,820,-350.0,银河期货
2026-05-08,CU2605,long,9,%B6%AB%BA%A3%C6%DA%BB%F5,780,70.0,东海期货
2026-05-08,CU2605,long,10,%C4%CF%BB%AA%C6%DA%BB%F5,705,-30.0,南华期货
2026-05-08,CU2605,long,11,%D6%D0%C1%B8%C6%DA%BB%F5,605,555.0,中粮期货
2026-05-08,CU2605,long,12,%BD%A8%D0%C5%C6%DA%BB%F5,560,-505.0,建信期货
2026-05-08,CU2605,long,13,%B3%A4%BD%AD%C6%DA%BB%F5,525,165.0,长江期货
2026-05-08,CU2605,long,14,%B9%E2%B4%F3%C6%DA%BB%F5,500,-220.0,光大期货
2026-05-08,CU2605,long,15,%BA%EB%D2%B5%C6%DA%BB%F5,500,-50.0,弘业期货
2026-05-08,CU2605,long,16,%BB%AA%B0%B2%C6%DA%BB%F5,415,50.0,华安期货
2026-05-08,CU2605,long,17,%B6%AB%D6%A4%C6%DA%BB%F5,300,-240.0,东证期货
2026-05-08,CU2605,long,18,%C9%EA%CD%F2%C6%DA%BB%F5,260,-120.0,申万期货
2026-05-08,CU2605,long,19,%D0%C5%B4%EF%C6%DA%BB%F5,205,-85.0,信达期货
2026-05-08,CU2605,long,20,%D6%D0%D0%C5%BD%A8%CD%B6,180,-40.0,中信建投
2026-05-08,CU2605,long,999,TOTAL,24175,,TOTAL
2026-05-08,CU2605,short,1,%BD%F0%C8%F0%C6%DA%BB%F5,4375,-270.0,金瑞期货
2026-05-08,CU2605,short,2,%D6%D0%C1%B8%C6%DA%BB%F5,2455,-150.0,中粮期货
2026-05-08,CU2605,short,3,%CE%E5%BF%F3%C6%DA%BB%F5,1785,-545.0,五矿期货
2026-05-08,CU2605,short,4,%B9%FA%CD%B6%C6%DA%BB%F5,1785,-5.0,国投期货
2026-05-08,CU2605,short,5,%D6%D0%D0%C5%C6%DA%BB%F5,1485,-315.0,中信期货
2026-05-08,CU2605,short,6,%B9%E3%B7%A2%C6%DA%BB%F5,1115,-170.0,广发期货
2026-05-08,CU2605,short,7,%B7%BD%D5%FD%D6%D0%C6%DA,1060,-305.0,方正中期
2026-05-08,CU2605,short,8,%D2%F8%BA%D3%C6%DA%BB%F5,1055,-160.0,银河期货
2026-05-08,CU2605,short,9,%BA%A3%CD%A8%C6%DA%BB%F5,870,-75.0,海通期货
2026-05-08,CU2605,short,10,%B9%FA%CC%A9%BE%FD%B0%B2,855,-735.0,国泰君安
2026-05-08,CU2605,short,11,%B3%A4%BD%AD%C6%DA%BB%F5,760,-45.0,长江期货
2026-05-08,CU2605,short,12,%B9%FA%C3%B3%C6%DA%BB%F5,705,5.0,国贸期货
2026-05-08,CU2605,short,13,%C4%CF%BB%AA%C6%DA%BB%F5,620,-240.0,南华期货
2026-05-08,CU2605,short,14,%D0%CB%D2%B5%C6%DA%BB%F5,565,-95.0,兴业期货
2026-05-08,CU2605,short,15,%BB%AA%CC%A9%C6%DA%BB%F5,495,-5.0,华泰期货
2026-05-08,CU2605,short,16,%B6%AB%D6%A4%C6%DA%BB%F5,455,-225.0,东证期货
2026-05-08,CU2605,short,17,%BB%AA%BD%F0%C6%DA%BB%F5,390,-65.0,华金期货
2026-05-08,CU2605,short,18,%D0%C2%BA%FE%C6%DA%BB%F5,335,-65.0,新湖期货
2026-05-08,CU2605,short,19,%B4%B4%D4%AA%C6%DA%BB%F5,330,-5.0,创元期货
2026-05-08,CU2605,short,20,%B9%E2%B4%F3%C6%DA%BB%F5,325,-180.0,光大期货
2026-05-08,CU2605,short,999,TOTAL,21820,,TOTAL
2026-05-25,CU2606,volume,1,%B9%FA%CC%A9%BE%FD%B0%B2,17672,568.0,国泰君安
2026-05-25,CU2606,volume,2,%D6%D0%D0%C5%C6%DA%BB%F5,11391,-5280.0,中信期货
2026-05-25,CU2606,volume,3,%D6%D0%CC%A9%C6%DA%BB%F5,8594,472.0,中泰期货
2026-05-25,CU2606,volume,4,%B6%AB%D6%A4%C6%DA%BB%F5,8060,-1589.0,东证期货
2026-05-25,CU2606,volume,5,%BD%F0%C8%F0%C6%DA%BB%F5,6592,231.0,金瑞期货
2026-05-25,CU2606,volume,6,%D5%E3%C9%CC%C6%DA%BB%F5,5377,3348.0,浙商期货
2026-05-25,CU2606,volume,7,%BB%AA%CC%A9%C6%DA%BB%F5,4666,-2001.0,华泰期货
2026-05-25,CU2606,volume,8,%D2%F8%BA%D3%C6%DA%BB%F5,3586,-933.0,银河期货
2026-05-25,CU2606,volume,9,%BA%A3%CD%A8%C6%DA%BB%F5,3367,935.0,海通期货
2026-05-25,CU2606,volume,10,%B9%FA%D0%C5%C6%DA%BB%F5,2607,-505.0,国信期货
2026-05-25,CU2606,volume,11,%B9%FA%CD%B6%C6%DA%BB%F5,1996,225.0,国投期货
2026-05-25,CU2606,volume,12,%D6%D0%D0%C5%BD%A8%CD%B6,1934,346.0,中信建投
2026-05-25,CU2606,volume,13,%D6%D0%C1%B8%C6%DA%BB%F5,1898,258.0,中粮期货
2026-05-25,CU2606,volume,14,%C4%CF%BB%AA%C6%DA%BB%F5,1698,323.0,南华期货
2026-05-25,CU2606,volume,15,%D5%D0%C9%CC%C6%DA%BB%F5,1559,835.0,招商期货
2026-05-25,CU2606,volume,16,%B9%E3%B7%A2%C6%DA%BB%F5,1490,-330.0,广发期货
2026-05-25,CU2606,volume,17,%CD%AD%B9%DA%BD%F0%D4%B4,1475,535.0,铜冠金源
2026-05-25,CU2606,volume,18,%B9%FA%C3%B3%C6%DA%BB%F5,1364,69.0,国贸期货
2026-05-25,CU2606,volume,19,%C6%BD%B0%B2%C6%DA%BB%F5,1186,364.0,平安期货
2026-05-25,CU2606,volume,20,%B1%A6%B3%C7%C6%DA%BB%F5,1126,341.0,宝城期货
2026-05-25,CU2606,volume,999,TOTAL,87638,,TOTAL
2026-05-25,CU2606,long,1,%B9%FA%CC%A9%BE%FD%B0%B2,17679,-1448.0,国泰君安
2026-05-25,CU2606,long,2,%D6%D0%D0%C5%C6%DA%BB%F5,9871,-1284.0,中信期货
2026-05-25,CU2606,long,3,%BD%F0%C8%F0%C6%DA%BB%F5,8586,1240.0,金瑞期货
2026-05-25,CU2606,long,4,%CD%AD%B9%DA%BD%F0%D4%B4,4947,-132.0,铜冠金源
2026-05-25,CU2606,long,5,%D3%C0%B0%B2%C6%DA%BB%F5,3562,234.0,永安期货
2026-05-25,CU2606,long,6,%B6%AB%D6%A4%C6%DA%BB%F5,3514,555.0,东证期货
2026-05-25,CU2606,long,7,%D2%F8%BA%D3%C6%DA%BB%F5,3119,-110.0,银河期货
2026-05-25,CU2606,long,8,%D4%C6%B3%BF%C6%DA%BB%F5,2354,53.0,云晨期货
2026-05-25,CU2606,long,9,%B6%AB%BA%A3%C6%DA%BB%F5,1808,0.0,东海期货
2026-05-25,CU2606,long,10,%BB%AA%CC%A9%C6%DA%BB%F5,1767,-967.0,华泰期货
2026-05-25,CU2606,long,11,%B7%BD%D5%FD%D6%D0%C6%DA,1728,-130.0,方正中期
2026-05-25,CU2606,long,12,%B9%E3%B7%A2%C6%DA%BB%F5,1708,-29.0,广发期货
2026-05-25,CU2606,long,13,%D7%CF%BD%F0%CC%EC%B7%E7,1573,-42.0,紫金天风
2026-05-25,CU2606,long,14,%D5%D0%C9%CC%C6%DA%BB%F5,1513,158.0,招商期货
2026-05-25,CU2606,long,15,%BA%EB%D2%B5%C6%DA%BB%F5,1277,-86.0,弘业期货
2026-05-25,CU2606,long,16,%C8%F0%B4%EF%C6%DA%BB%F5,1051,-34.0,瑞达期货
2026-05-25,CU2606,long,17,%B9%FA%D0%C5%C6%DA%BB%F5,1042,-711.0,国信期货
2026-05-25,CU2606,long,18,%D6%D0%D0%C5%BD%A8%CD%B6,1033,-96.0,中信建投
2026-05-25,CU2606,long,19,%C4%CF%BB%AA%C6%DA%BB%F5,1021,-581.0,南华期货
2026-05-25,CU2606,long,20,%BD%A8%D0%C5%C6%DA%BB%F5,1013,-310.0,建信期货
2026-05-25,CU2606,long,999,TOTAL,70166,,TOTAL
2026-05-25,CU2606,short,1,%BD%F0%C8%F0%C6%DA%BB%F5,8875,-578.0,金瑞期货
2026-05-25,CU2606,short,2,%D2%F8%BA%D3%C6%DA%BB%F5,7895,113.0,银河期货
2026-05-25,CU2606,short,3,%D6%D0%D0%C5%C6%DA%BB%F5,7817,-2491.0,中信期货
2026-05-25,CU2606,short,4,%B9%FA%CC%A9%BE%FD%B0%B2,4975,-597.0,国泰君安
2026-05-25,CU2606,short,5,%B6%AB%D6%A4%C6%DA%BB%F5,4110,552.0,东证期货
2026-05-25,CU2606,short,6,%CE%E5%BF%F3%C6%DA%BB%F5,3994,-344.0,五矿期货
2026-05-25,CU2606,short,7,%D6%D0%C1%B8%C6%DA%BB%F5,3342,-1248.0,中粮期货
2026-05-25,CU2606,short,8,%B9%FA%CD%B6%C6%DA%BB%F5,3250,-494.0,国投期货
2026-05-25,CU2606,short,9,%BB%AA%CC%A9%C6%DA%BB%F5,2682,148.0,华泰期货
2026-05-25,CU2606,short,10,%D6%D0%BD%F0%C1%EB%C4%CF,2637,-167.0,中金岭南
2026-05-25,CU2606,short,11,%B9%E2%B4%F3%C6%DA%BB%F5,2528,785.0,光大期货
2026-05-25,CU2606,short,12,%B9%FA%C1%AA%C6%DA%BB%F5,2433,-75.0,国联期货
2026-05-25,CU2606,short,13,%B9%FA%C3%B3%C6%DA%BB%F5,2409,25.0,国贸期货
2026-05-25,CU2606,short,14,%B7%BD%D5%FD%D6%D0%C6%DA,2194,-85.0,方正中期
2026-05-25,CU2606,short,15,%BD%A8%D0%C5%C6%DA%BB%F5,2049,-296.0,建信期货
2026-05-25,CU2606,short,16,%D7%CF%BD%F0%CC%EC%B7%E7,1882,-30.0,紫金天风
2026-05-25,CU2606,short,17,%BA%A3%CD%A8%C6%DA%BB%F5,1815,251.0,海通期货
2026-05-25,CU2606,short,18,%D0%CB%D2%B5%C6%DA%BB%F5,1694,-183.0,兴业期货
2026-05-25,CU2606,short,19,%B3%A4%BD%AD%C6%DA%BB%F5,1648,-59.0,长江期货
2026-05-25,CU2606,short,20,%B9%E3%B7%A2%C6%DA%BB%F5,1461,-435.0,广发期货
2026-05-25,CU2606,short,999,TOTAL,69690,,TOTAL
2026-05-27,CU2606,volume,1,%B9%FA%CC%A9%BE%FD%B0%B2,12876,-3832.0,国泰君安
2026-05-27,CU2606,volume,2,%D6%D0%D0%C5%C6%DA%BB%F5,7507,-1726.0,中信期货
2026-05-27,CU2606,volume,3,%B6%AB%D6%A4%C6%DA%BB%F5,4939,-2533.0,东证期货
2026-05-27,CU2606,volume,4,%BD%F0%C8%F0%C6%DA%BB%F5,4125,-1259.0,金瑞期货
2026-05-27,CU2606,volume,5,%D6%D0%CC%A9%C6%DA%BB%F5,3408,-665.0,中泰期货
2026-05-27,CU2606,volume,6,%BB%AA%CC%A9%C6%DA%BB%F5,2567,-272.0,华泰期货
2026-05-27,CU2606,volume,7,%D2%F8%BA%D3%C6%DA%BB%F5,2527,-1635.0,银河期货
2026-05-27,CU2606,volume,8,%CD%AD%B9%DA%BD%F0%D4%B4,1784,80.0,铜冠金源
2026-05-27,CU2606,volume,9,%B7%BD%D5%FD%D6%D0%C6%DA,1477,61.0,方正中期
2026-05-27,CU2606,volume,10,%D6%D0%BD%F0%C1%EB%C4%CF,1113,-57.0,中金岭南
2026-05-27,CU2606,volume,11,%D3%C0%B0%B2%C6%DA%BB%F5,1100,-1131.0,永安期货
2026-05-27,CU2606,volume,12,%C4%CF%BB%AA%C6%DA%BB%F5,1095,-146.0,南华期货
2026-05-27,CU2606,volume,13,%B9%E2%B4%F3%C6%DA%BB%F5,994,-1352.0,光大期货
2026-05-27,CU2606,volume,14,%D4%C6%B3%BF%C6%DA%BB%F5,946,5.0,云晨期货
2026-05-27,CU2606,volume,15,%CE%E5%BF%F3%C6%DA%BB%F5,850,-400.0,五矿期货
2026-05-27,CU2606,volume,16,%BB%AA%F6%CE%C6%DA%BB%F5,832,64.0,华鑫期货
2026-05-27,CU2606,volume,17,%B6%AB%BA%A3%C6%DA%BB%F5,796,225.0,东海期货
2026-05-27,CU2606,volume,18,%B9%FA%C3%B3%C6%DA%BB%F5,777,-334.0,国贸期货
2026-05-27,CU2606,volume,19,%BA%A3%CD%A8%C6%DA%BB%F5,747,-789.0,海通期货
2026-05-27,CU2606,volume,20,%B9%FA%D4%AA%C6%DA%BB%F5,734,-320.0,国元期货
2026-05-27,CU2606,volume,999,TOTAL,51194,,TOTAL
2026-05-27,CU2606,long,1,%B9%FA%CC%A9%BE%FD%B0%B2,11077,-3486.0,国泰君安
2026-05-27,CU2606,long,2,%BD%F0%C8%F0%C6%DA%BB%F5,9690,447.0,金瑞期货
2026-05-27,CU2606,long,3,%D6%D0%D0%C5%C6%DA%BB%F5,7882,-1302.0,中信期货
2026-05-27,CU2606,long,4,%CD%AD%B9%DA%BD%F0%D4%B4,5386,39.0,铜冠金源
2026-05-27,CU2606,long,5,%D4%C6%B3%BF%C6%DA%BB%F5,2408,-18.0,云晨期货
2026-05-27,CU2606,long,6,%D2%F8%BA%D3%C6%DA%BB%F5,2402,75.0,银河期货
2026-05-27,CU2606,long,7,%D7%CF%BD%F0%CC%EC%B7%E7,1977,141.0,紫金天风
2026-05-27,CU2606,long,8,%B9%E3%B7%A2%C6%DA%BB%F5,1616,-81.0,广发期货
2026-05-27,CU2606,long,9,%D5%D0%C9%CC%C6%DA%BB%F5,1307,-99.0,招商期货
2026-05-27,CU2606,long,10,%B6%AB%D6%A4%C6%DA%BB%F5,1216,-534.0,东证期货
2026-05-27,CU2606,long,11,%BA%EB%D2%B5%C6%DA%BB%F5,1183,-42.0,弘业期货
2026-05-27,CU2606,long,12,%D3%C0%B0%B2%C6%DA%BB%F5,934,-896.0,永安期货
2026-05-27,CU2606,long,13,%C8%F0%B4%EF%C6%DA%BB%F5,923,46.0,瑞达期货
2026-05-27,CU2606,long,14,%B9%E2%B4%F3%C6%DA%BB%F5,876,236.0,光大期货
2026-05-27,CU2606,long,15,%BD%A8%D0%C5%C6%DA%BB%F5,857,29.0,建信期货
2026-05-27,CU2606,long,16,%BB%AA%CC%A9%C6%DA%BB%F5,810,-673.0,华泰期货
2026-05-27,CU2606,long,17,%C9%EA%CD%F2%C6%DA%BB%F5,807,121.0,申万期货
2026-05-27,CU2606,long,18,%B7%BD%D5%FD%D6%D0%C6%DA,754,-600.0,方正中期
2026-05-27,CU2606,long,19,%CE%E5%BF%F3%C6%DA%BB%F5,746,-7.0,五矿期货
2026-05-27,CU2606,long,20,%B6%AB%BA%A3%C6%DA%BB%F5,734,-637.0,东海期货
2026-05-27,CU2606,long,999,TOTAL,53585,,TOTAL
2026-05-27,CU2606,short,1,%BD%F0%C8%F0%C6%DA%BB%F5,6944,-1064.0,金瑞期货
2026-05-27,CU2606,short,2,%D2%F8%BA%D3%C6%DA%BB%F5,5897,-862.0,银河期货
2026-05-27,CU2606,short,3,%D6%D0%D0%C5%C6%DA%BB%F5,5684,-1473.0,中信期货
2026-05-27,CU2606,short,4,%B9%FA%CC%A9%BE%FD%B0%B2,3965,-442.0,国泰君安
2026-05-27,CU2606,short,5,%D6%D0%C1%B8%C6%DA%BB%F5,2989,-92.0,中粮期货
2026-05-27,CU2606,short,6,%B9%FA%CD%B6%C6%DA%BB%F5,2984,-267.0,国投期货
2026-05-27,CU2606,short,7,%CE%E5%BF%F3%C6%DA%BB%F5,2956,-415.0,五矿期货
2026-05-27,CU2606,short,8,%B6%AB%D6%A4%C6%DA%BB%F5,2257,-785.0,东证期货
2026-05-27,CU2606,short,9,%BD%A8%D0%C5%C6%DA%BB%F5,1904,38.0,建信期货
2026-05-27,CU2606,short,10,%B9%FA%C1%AA%C6%DA%BB%F5,1692,-341.0,国联期货
2026-05-27,CU2606,short,11,%B9%FA%C3%B3%C6%DA%BB%F5,1689,-410.0,国贸期货
2026-05-27,CU2606,short,12,%D4%C6%B3%BF%C6%DA%BB%F5,1646,376.0,云晨期货
2026-05-27,CU2606,short,13,%B7%BD%D5%FD%D6%D0%C6%DA,1579,-547.0,方正中期
2026-05-27,CU2606,short,14,%B3%A4%BD%AD%C6%DA%BB%F5,1577,-124.0,长江期货
2026-05-27,CU2606,short,15,%D7%CF%BD%F0%CC%EC%B7%E7,1468,-184.0,紫金天风
2026-05-27,CU2606,short,16,%D0%CB%D2%B5%C6%DA%BB%F5,1294,-94.0,兴业期货
2026-05-27,CU2606,short,17,%B9%E2%B4%F3%C6%DA%BB%F5,1108,-26.0,光大期货
2026-05-27,CU2606,short,18,%B9%E3%B7%A2%C6%DA%BB%F5,1085,-8.0,广发期货
2026-05-27,CU2606,short,19,%BB%AA%CC%A9%C6%DA%BB%F5,1037,-846.0,华泰期货
2026-05-27,CU2606,short,20,%D0%C2%BA%FE%C6%DA%BB%F5,1001,-50.0,新湖期货
2026-05-27,CU2606,short,999,TOTAL,50756,,TOTAL
2026-05-29,CU2606,volume,1,%B9%FA%CC%A9%BE%FD%B0%B2,6238,-7637.0,国泰君安
2026-05-29,CU2606,volume,2,%BD%F0%C8%F0%C6%DA%BB%F5,5826,1003.0,金瑞期货
2026-05-29,CU2606,volume,3,%B6%AB%D6%A4%C6%DA%BB%F5,4781,-2089.0,东证期货
2026-05-29,CU2606,volume,4,%D2%F8%BA%D3%C6%DA%BB%F5,3182,-1005.0,银河期货
2026-05-29,CU2606,volume,5,%D6%D0%D0%C5%C6%DA%BB%F5,2763,-5363.0,中信期货
2026-05-29,CU2606,volume,6,%B9%FA%C3%B3%C6%DA%BB%F5,1568,-535.0,国贸期货
2026-05-29,CU2606,volume,7,%CD%AD%B9%DA%BD%F0%D4%B4,1525,350.0,铜冠金源
2026-05-29,CU2606,volume,8,%D4%C6%B3%BF%C6%DA%BB%F5,1518,-338.0,云晨期货
2026-05-29,CU2606,volume,9,%D6%D0%CC%A9%C6%DA%BB%F5,1365,576.0,中泰期货
2026-05-29,CU2606,volume,10,%B9%E3%B7%A2%C6%DA%BB%F5,1135,-94.0,广发期货
2026-05-29,CU2606,volume,11,%D0%C2%BA%FE%C6%DA%BB%F5,1093,560.0,新湖期货
2026-05-29,CU2606,volume,12,%BB%AA%CE%C5%C6%DA%BB%F5,850,455.0,华闻期货
2026-05-29,CU2606,volume,13,%C4%CF%BB%AA%C6%DA%BB%F5,784,-367.0,南华期货
2026-05-29,CU2606,volume,14,%CE%E5%BF%F3%C6%DA%BB%F5,692,-1303.0,五矿期货
2026-05-29,CU2606,volume,15,%BA%EB%D2%B5%C6%DA%BB%F5,674,396.0,弘业期货
2026-05-29,CU2606,volume,16,%BB%AA%F6%CE%C6%DA%BB%F5,641,-365.0,华鑫期货
2026-05-29,CU2606,volume,17,%C9%EA%CD%F2%C6%DA%BB%F5,591,88.0,申万期货
2026-05-29,CU2606,volume,18,%B6%AB%CE%E2%C6%DA%BB%F5,591,-635.0,东吴期货
2026-05-29,CU2606,volume,19,%B7%BD%D5%FD%D6%D0%C6%DA,590,-55.0,方正中期
2026-05-29,CU2606,volume,20,%D5%D0%C9%CC%C6%DA%BB%F5,590,-502.0,招商期货
2026-05-29,CU2606,volume,999,TOTAL,36997,,TOTAL
2026-05-29,CU2606,long,1,%BD%F0%C8%F0%C6%DA%BB%F5,8505,-1144.0,金瑞期货
2026-05-29,CU2606,long,2,%B9%FA%CC%A9%BE%FD%B0%B2,7070,-1317.0,国泰君安
2026-05-29,CU2606,long,3,%D6%D0%D0%C5%C6%DA%BB%F5,6030,-725.0,中信期货
2026-05-29,CU2606,long,4,%CD%AD%B9%DA%BD%F0%D4%B4,5355,-393.0,铜冠金源
2026-05-29,CU2606,long,5,%D4%C6%B3%BF%C6%DA%BB%F5,2530,68.0,云晨期货
2026-05-29,CU2606,long,6,%D7%CF%BD%F0%CC%EC%B7%E7,2225,-28.0,紫金天风
2026-05-29,CU2606,long,7,%D2%F8%BA%D3%C6%DA%BB%F5,1445,-167.0,银河期货
2026-05-29,CU2606,long,8,%B9%E2%B4%F3%C6%DA%BB%F5,1210,-37.0,光大期货
2026-05-29,CU2606,long,9,%B9%E3%B7%A2%C6%DA%BB%F5,1185,-87.0,广发期货
2026-05-29,CU2606,long,10,%BD%A8%D0%C5%C6%DA%BB%F5,1080,12.0,建信期货
2026-05-29,CU2606,long,11,%B6%AB%D6%A4%C6%DA%BB%F5,975,-390.0,东证期货
2026-05-29,CU2606,long,12,%B6%AB%BA%A3%C6%DA%BB%F5,740,-26.0,东海期货
2026-05-29,CU2606,long,13,%BB%AA%CC%A9%C6%DA%BB%F5,730,70.0,华泰期货
2026-05-29,CU2606,long,14,%BA%EB%D2%B5%C6%DA%BB%F5,715,-410.0,弘业期货
2026-05-29,CU2606,long,15,%C4%CF%BB%AA%C6%DA%BB%F5,706,-121.0,南华期货
2026-05-29,CU2606,long,16,%C9%EA%CD%F2%C6%DA%BB%F5,675,-343.0,申万期货
2026-05-29,CU2606,long,17,%B9%FA%C3%B3%C6%DA%BB%F5,590,-345.0,国贸期货
2026-05-29,CU2606,long,18,%D6%D0%C1%B8%C6%DA%BB%F5,565,-75.0,中粮期货
2026-05-29,CU2606,long,19,%D6%D0%D2%F8%C6%DA%BB%F5,555,21.0,中银期货
2026-05-29,CU2606,long,20,%D6%D0%BA%BD%C6%DA%BB%F5,520,-155.0,中航期货
2026-05-29,CU2606,long,999,TOTAL,43406,,TOTAL
2026-05-29,CU2606,short,1,%BD%F0%C8%F0%C6%DA%BB%F5,5270,-870.0,金瑞期货
2026-05-29,CU2606,short,2,%D6%D0%D0%C5%C6%DA%BB%F5,3755,-616.0,中信期货
2026-05-29,CU2606,short,3,%B9%FA%CD%B6%C6%DA%BB%F5,3455,140.0,国投期货
2026-05-29,CU2606,short,4,%CE%E5%BF%F3%C6%DA%BB%F5,3110,-355.0,五矿期货
2026-05-29,CU2606,short,5,%D6%D0%C1%B8%C6%DA%BB%F5,3055,-25.0,中粮期货
2026-05-29,CU2606,short,6,%D2%F8%BA%D3%C6%DA%BB%F5,3035,-1283.0,银河期货
2026-05-29,CU2606,short,7,%B9%FA%CC%A9%BE%FD%B0%B2,2275,-1521.0,国泰君安
2026-05-29,CU2606,short,8,%D4%C6%B3%BF%C6%DA%BB%F5,1610,262.0,云晨期货
2026-05-29,CU2606,short,9,%BD%A8%D0%C5%C6%DA%BB%F5,1540,-284.0,建信期货
2026-05-29,CU2606,short,10,%B7%BD%D5%FD%D6%D0%C6%DA,1490,55.0,方正中期
2026-05-29,CU2606,short,11,%B3%A4%BD%AD%C6%DA%BB%F5,1439,-94.0,长江期货
2026-05-29,CU2606,short,12,%D7%CF%BD%F0%CC%EC%B7%E7,1415,-8.0,紫金天风
2026-05-29,CU2606,short,13,%B9%FA%C3%B3%C6%DA%BB%F5,1315,-119.0,国贸期货
2026-05-29,CU2606,short,14,%B6%AB%D6%A4%C6%DA%BB%F5,1195,-661.0,东证期货
2026-05-29,CU2606,short,15,%B9%FA%C1%AA%C6%DA%BB%F5,1160,-258.0,国联期货
2026-05-29,CU2606,short,16,%D0%CB%D2%B5%C6%DA%BB%F5,1075,-133.0,兴业期货
2026-05-29,CU2606,short,17,%BB%AA%F6%CE%C6%DA%BB%F5,925,-86.0,华鑫期货
2026-05-29,CU2606,short,18,%BB%AA%BD%F0%C6%DA%BB%F5,880,4.0,华金期货
2026-05-29,CU2606,short,19,%BA%A3%CD%A8%C6%DA%BB%F5,855,-44.0,海通期货
2026-05-29,CU2606,short,20,%BB%AA%CC%A9%C6%DA%BB%F5,830,-6.0,华泰期货
2026-05-29,CU2606,short,999,TOTAL,39684,,TOTAL
2026-06-01,CU2606,volume,1,%BD%F0%C8%F0%C6%DA%BB%F5,3550,-2276.0,金瑞期货
2026-06-01,CU2606,volume,2,%D6%D0%D0%C5%C6%DA%BB%F5,3130,367.0,中信期货
2026-06-01,CU2606,volume,3,%B6%AB%D6%A4%C6%DA%BB%F5,2380,-2401.0,东证期货
2026-06-01,CU2606,volume,4,%D2%F8%BA%D3%C6%DA%BB%F5,2120,-1062.0,银河期货
2026-06-01,CU2606,volume,5,%B9%FA%CC%A9%BE%FD%B0%B2,1295,-4943.0,国泰君安
2026-06-01,CU2606,volume,6,%CD%AD%B9%DA%BD%F0%D4%B4,1240,-285.0,铜冠金源
2026-06-01,CU2606,volume,7,%B9%FA%C3%B3%C6%DA%BB%F5,950,-618.0,国贸期货
2026-06-01,CU2606,volume,8,%D4%C6%B3%BF%C6%DA%BB%F5,865,-653.0,云晨期货
2026-06-01,CU2606,volume,9,%D6%D0%CC%A9%C6%DA%BB%F5,859,-506.0,中泰期货
2026-06-01,CU2606,volume,10,%B9%E2%B4%F3%C6%DA%BB%F5,740,261.0,光大期货
2026-06-01,CU2606,volume,11,%BB%AA%CE%C5%C6%DA%BB%F5,740,-110.0,华闻期货
2026-06-01,CU2606,volume,12,%C4%CF%BB%AA%C6%DA%BB%F5,641,-143.0,南华期货
2026-06-01,CU2606,volume,13,%CE%E5%BF%F3%C6%DA%BB%F5,545,-147.0,五矿期货
2026-06-01,CU2606,volume,14,%BD%A8%D0%C5%C6%DA%BB%F5,415,-167.0,建信期货
2026-06-01,CU2606,volume,15,%B3%A4%BD%AD%C6%DA%BB%F5,414,141.0,长江期货
2026-06-01,CU2606,volume,16,%B9%E3%B7%A2%C6%DA%BB%F5,390,-745.0,广发期货
2026-06-01,CU2606,volume,17,%B4%B4%D4%AA%C6%DA%BB%F5,385,89.0,创元期货
2026-06-01,CU2606,volume,18,%D6%D0%B2%C6%C6%DA%BB%F5,335,30.0,中财期货
2026-06-01,CU2606,volume,19,%BB%AA%F6%CE%C6%DA%BB%F5,325,-316.0,华鑫期货
2026-06-01,CU2606,volume,20,%D0%CB%D2%B5%C6%DA%BB%F5,310,12.0,兴业期货
2026-06-01,CU2606,volume,999,TOTAL,21629,,TOTAL
2026-06-01,CU2606,long,1,%BD%F0%C8%F0%C6%DA%BB%F5,7435,-1070.0,金瑞期货
2026-06-01,CU2606,long,2,%B9%FA%CC%A9%BE%FD%B0%B2,7015,-55.0,国泰君安
2026-06-01,CU2606,long,3,%D6%D0%D0%C5%C6%DA%BB%F5,5245,-785.0,中信期货
2026-06-01,CU2606,long,4,%CD%AD%B9%DA%BD%F0%D4%B4,4795,-560.0,铜冠金源
2026-06-01,CU2606,long,5,%D4%C6%B3%BF%C6%DA%BB%F5,2665,135.0,云晨期货
2026-06-01,CU2606,long,6,%D7%CF%BD%F0%CC%EC%B7%E7,2375,150.0,紫金天风
2026-06-01,CU2606,long,7,%D2%F8%BA%D3%C6%DA%BB%F5,1450,5.0,银河期货
2026-06-01,CU2606,long,8,%B9%E2%B4%F3%C6%DA%BB%F5,1385,175.0,光大期货
2026-06-01,CU2606,long,9,%B9%E3%B7%A2%C6%DA%BB%F5,1140,-45.0,广发期货
2026-06-01,CU2606,long,10,%BD%A8%D0%C5%C6%DA%BB%F5,1000,-80.0,建信期货
2026-06-01,CU2606,long,11,%B6%AB%D6%A4%C6%DA%BB%F5,960,-15.0,东证期货
2026-06-01,CU2606,long,12,%B6%AB%BA%A3%C6%DA%BB%F5,755,15.0,东海期货
2026-06-01,CU2606,long,13,%C4%CF%BB%AA%C6%DA%BB%F5,645,-61.0,南华期货
2026-06-01,CU2606,long,14,%BB%AA%CC%A9%C6%DA%BB%F5,595,-135.0,华泰期货
2026-06-01,CU2606,long,15,%C9%EA%CD%F2%C6%DA%BB%F5,585,-90.0,申万期货
2026-06-01,CU2606,long,16,%BA%EB%D2%B5%C6%DA%BB%F5,575,-140.0,弘业期货
2026-06-01,CU2606,long,17,%D6%D0%D2%F8%C6%DA%BB%F5,535,-20.0,中银期货
2026-06-01,CU2606,long,18,%C9%CF%BA%A3%D6%D0%C6%DA,530,50.0,上海中期
2026-06-01,CU2606,long,19,%D6%D0%C1%B8%C6%DA%BB%F5,485,-80.0,中粮期货
2026-06-01,CU2606,long,20,%B9%FA%C3%B3%C6%DA%BB%F5,465,-125.0,国贸期货
2026-06-01,CU2606,long,999,TOTAL,40635,,TOTAL
2026-06-01,CU2606,short,1,%BD%F0%C8%F0%C6%DA%BB%F5,4870,-400.0,金瑞期货
2026-06-01,CU2606,short,2,%D6%D0%D0%C5%C6%DA%BB%F5,3590,-165.0,中信期货
2026-06-01,CU2606,short,3,%B9%FA%CD%B6%C6%DA%BB%F5,3420,-35.0,国投期货
2026-06-01,CU2606,short,4,%D6%D0%C1%B8%C6%DA%BB%F5,3075,20.0,中粮期货
2026-06-01,CU2606,short,5,%CE%E5%BF%F3%C6%DA%BB%F5,2745,-365.0,五矿期货
2026-06-01,CU2606,short,6,%D2%F8%BA%D3%C6%DA%BB%F5,2290,-745.0,银河期货
2026-06-01,CU2606,short,7,%B9%FA%CC%A9%BE%FD%B0%B2,2025,-250.0,国泰君安
2026-06-01,CU2606,short,8,%BD%A8%D0%C5%C6%DA%BB%F5,1575,35.0,建信期货
2026-06-01,CU2606,short,9,%D7%CF%BD%F0%CC%EC%B7%E7,1405,-10.0,紫金天风
2026-06-01,CU2606,short,10,%B7%BD%D5%FD%D6%D0%C6%DA,1295,-195.0,方正中期
2026-06-01,CU2606,short,11,%D4%C6%B3%BF%C6%DA%BB%F5,1220,-390.0,云晨期货
2026-06-01,CU2606,short,12,%B9%FA%C3%B3%C6%DA%BB%F5,1130,-185.0,国贸期货
2026-06-01,CU2606,short,13,%B9%FA%C1%AA%C6%DA%BB%F5,1090,-70.0,国联期货
2026-06-01,CU2606,short,14,%B3%A4%BD%AD%C6%DA%BB%F5,1075,-364.0,长江期货
2026-06-01,CU2606,short,15,%B6%AB%D6%A4%C6%DA%BB%F5,1060,-135.0,东证期货
2026-06-01,CU2606,short,16,%BB%AA%BD%F0%C6%DA%BB%F5,880,0.0,华金期货
2026-06-01,CU2606,short,17,%B9%E3%B7%A2%C6%DA%BB%F5,865,55.0,广发期货
2026-06-01,CU2606,short,18,%D0%CB%D2%B5%C6%DA%BB%F5,860,-215.0,兴业期货
2026-06-01,CU2606,short,19,%BA%A3%CD%A8%C6%DA%BB%F5,845,-10.0,海通期货
2026-06-01,CU2606,short,20,%BB%AA%F6%CE%C6%DA%BB%F5,835,-90.0,华鑫期货
2026-06-01,CU2606,short,999,TOTAL,36150,,TOTAL
2026-06-02,CU2606,volume,1,%BD%F0%C8%F0%C6%DA%BB%F5,4440,890.0,金瑞期货
2026-06-02,CU2606,volume,2,%B6%AB%D6%A4%C6%DA%BB%F5,4115,1735.0,东证期货
2026-06-02,CU2606,volume,3,%D6%D0%D0%C5%C6%DA%BB%F5,4110,980.0,中信期货
2026-06-02,CU2606,volume,4,%D2%F8%BA%D3%C6%DA%BB%F5,3090,970.0,银河期货
2026-06-02,CU2606,volume,5,%D7%CF%BD%F0%CC%EC%B7%E7,2635,2435.0,紫金天风
2026-06-02,CU2606,volume,6,%CD%AD%B9%DA%BD%F0%D4%B4,2495,1255.0,铜冠金源
2026-06-02,CU2606,volume,7,%B9%FA%C3%B3%C6%DA%BB%F5,2335,1385.0,国贸期货
2026-06-02,CU2606,volume,8,%D6%D0%CC%A9%C6%DA%BB%F5,2285,1426.0,中泰期货
2026-06-02,CU2606,volume,9,%D4%C6%B3%BF%C6%DA%BB%F5,1820,955.0,云晨期货
2026-06-02,CU2606,volume,10,%B9%FA%CC%A9%BE%FD%B0%B2,1770,475.0,国泰君安
2026-06-02,CU2606,volume,11,%C4%CF%BB%AA%C6%DA%BB%F5,840,199.0,南华期货
2026-06-02,CU2606,volume,12,%BA%A3%CD%A8%C6%DA%BB%F5,825,775.0,海通期货
2026-06-02,CU2606,volume,13,%BB%AA%CE%C5%C6%DA%BB%F5,810,70.0,华闻期货
2026-06-02,CU2606,volume,14,%C9%BD%BD%F0%C6%DA%BB%F5,805,660.0,山金期货
2026-06-02,CU2606,volume,15,%B4%F3%B5%D8%C6%DA%BB%F5,675,560.0,大地期货
2026-06-02,CU2606,volume,16,%B9%E2%B4%F3%C6%DA%BB%F5,620,-120.0,光大期货
2026-06-02,CU2606,volume,17,%B9%E3%B7%A2%C6%DA%BB%F5,600,210.0,广发期货
2026-06-02,CU2606,volume,18,%C9%EA%CD%F2%C6%DA%BB%F5,560,305.0,申万期货
2026-06-02,CU2606,volume,19,%BB%AA%F6%CE%C6%DA%BB%F5,555,230.0,华鑫期货
2026-06-02,CU2606,volume,20,%CE%E5%BF%F3%C6%DA%BB%F5,555,10.0,五矿期货
2026-06-02,CU2606,volume,999,TOTAL,35940,,TOTAL
2026-06-02,CU2606,long,1,%BD%F0%C8%F0%C6%DA%BB%F5,6760,-675.0,金瑞期货
2026-06-02,CU2606,long,2,%B9%FA%CC%A9%BE%FD%B0%B2,6295,-720.0,国泰君安
2026-06-02,CU2606,long,3,%D6%D0%D0%C5%C6%DA%BB%F5,4510,-735.0,中信期货
2026-06-02,CU2606,long,4,%CD%AD%B9%DA%BD%F0%D4%B4,3805,-990.0,铜冠金源
2026-06-02,CU2606,long,5,%D4%C6%B3%BF%C6%DA%BB%F5,2600,-65.0,云晨期货
2026-06-02,CU2606,long,6,%D2%F8%BA%D3%C6%DA%BB%F5,1785,335.0,银河期货
2026-06-02,CU2606,long,7,%D7%CF%BD%F0%CC%EC%B7%E7,1220,-1155.0,紫金天风
2026-06-02,CU2606,long,8,%B9%E3%B7%A2%C6%DA%BB%F5,1010,-130.0,广发期货
2026-06-02,CU2606,long,9,%B9%E2%B4%F3%C6%DA%BB%F5,965,-420.0,光大期货
2026-06-02,CU2606,long,10,%BD%A8%D0%C5%C6%DA%BB%F5,845,-155.0,建信期货
2026-06-02,CU2606,long,11,%B6%AB%D6%A4%C6%DA%BB%F5,650,-310.0,东证期货
2026-06-02,CU2606,long,12,%B9%FA%C3%B3%C6%DA%BB%F5,640,175.0,国贸期货
2026-06-02,CU2606,long,13,%D0%CB%D2%B5%C6%DA%BB%F5,520,140.0,兴业期货
2026-06-02,CU2606,long,14,%D6%D0%D2%F8%C6%DA%BB%F5,515,-20.0,中银期货
2026-06-02,CU2606,long,15,%C9%CF%BA%A3%D6%D0%C6%DA,500,-30.0,上海中期
2026-06-02,CU2606,long,16,%BB%AA%CC%A9%C6%DA%BB%F5,485,-110.0,华泰期货
2026-06-02,CU2606,long,17,%B7%BD%D5%FD%D6%D0%C6%DA,455,100.0,方正中期
2026-06-02,CU2606,long,18,%B6%AB%BA%A3%C6%DA%BB%F5,440,-315.0,东海期货
2026-06-02,CU2606,long,19,%CE%E5%BF%F3%C6%DA%BB%F5,435,70.0,五矿期货
2026-06-02,CU2606,long,20,%D6%D0%C1%B8%C6%DA%BB%F5,435,-50.0,中粮期货
2026-06-02,CU2606,long,999,TOTAL,34870,,TOTAL
2026-06-02,CU2606,short,1,%BD%F0%C8%F0%C6%DA%BB%F5,4875,5.0,金瑞期货
2026-06-02,CU2606,short,2,%B9%FA%CD%B6%C6%DA%BB%F5,3135,-285.0,国投期货
2026-06-02,CU2606,short,3,%D6%D0%D0%C5%C6%DA%BB%F5,2935,-655.0,中信期货
2026-06-02,CU2606,short,4,%D6%D0%C1%B8%C6%DA%BB%F5,2900,-175.0,中粮期货
2026-06-02,CU2606,short,5,%CE%E5%BF%F3%C6%DA%BB%F5,2400,-345.0,五矿期货
2026-06-02,CU2606,short,6,%D2%F8%BA%D3%C6%DA%BB%F5,1755,-535.0,银河期货
2026-06-02,CU2606,short,7,%B9%FA%CC%A9%BE%FD%B0%B2,1525,-500.0,国泰君安
2026-06-02,CU2606,short,8,%BD%A8%D0%C5%C6%DA%BB%F5,1520,-55.0,建信期货
2026-06-02,CU2606,short,9,%B7%BD%D5%FD%D6%D0%C6%DA,1255,-40.0,方正中期
2026-06-02,CU2606,short,10,%B6%AB%D6%A4%C6%DA%BB%F5,1125,65.0,东证期货
2026-06-02,CU2606,short,11,%B3%A4%BD%AD%C6%DA%BB%F5,975,-100.0,长江期货
2026-06-02,CU2606,short,12,%CD%AD%B9%DA%BD%F0%D4%B4,965,195.0,铜冠金源
2026-06-02,CU2606,short,13,%D0%CB%D2%B5%C6%DA%BB%F5,890,30.0,兴业期货
2026-06-02,CU2606,short,14,%B9%FA%C3%B3%C6%DA%BB%F5,870,-260.0,国贸期货
2026-06-02,CU2606,short,15,%B9%FA%C1%AA%C6%DA%BB%F5,865,-225.0,国联期货
2026-06-02,CU2606,short,16,%BB%AA%CC%A9%C6%DA%BB%F5,760,70.0,华泰期货
2026-06-02,CU2606,short,17,%B9%E3%B7%A2%C6%DA%BB%F5,715,-150.0,广发期货
2026-06-02,CU2606,short,18,%BB%AA%BD%F0%C6%DA%BB%F5,670,-210.0,华金期货
2026-06-02,CU2606,short,19,%C4%CF%BB%AA%C6%DA%BB%F5,650,155.0,南华期货
2026-06-02,CU2606,short,20,%C3%F1%C9%FA%C6%DA%BB%F5,615,-10.0,民生期货
2026-06-02,CU2606,short,999,TOTAL,31400,,TOTAL
2026-06-03,CU2606,volume,1,%D6%D0%D0%C5%C6%DA%BB%F5,3675,-435.0,中信期货
2026-06-03,CU2606,volume,2,%BD%F0%C8%F0%C6%DA%BB%F5,3300,-1140.0,金瑞期货
2026-06-03,CU2606,volume,3,%B6%AB%D6%A4%C6%DA%BB%F5,2620,-1495.0,东证期货
2026-06-03,CU2606,volume,4,%D2%F8%BA%D3%C6%DA%BB%F5,2050,-1040.0,银河期货
2026-06-03,CU2606,volume,5,%D6%D0%CC%A9%C6%DA%BB%F5,1980,-305.0,中泰期货
2026-06-03,CU2606,volume,6,%B9%FA%CC%A9%BE%FD%B0%B2,1485,-285.0,国泰君安
2026-06-03,CU2606,volume,7,%CD%AD%B9%DA%BD%F0%D4%B4,1380,-1115.0,铜冠金源
2026-06-03,CU2606,volume,8,%CE%E5%BF%F3%C6%DA%BB%F5,1010,455.0,五矿期货
2026-06-03,CU2606,volume,9,%D0%C2%BA%FE%C6%DA%BB%F5,825,400.0,新湖期货
2026-06-03,CU2606,volume,10,%D7%CF%BD%F0%CC%EC%B7%E7,795,-1840.0,紫金天风
2026-06-03,CU2606,volume,11,%B9%FA%C3%B3%C6%DA%BB%F5,765,-1570.0,国贸期货
2026-06-03,CU2606,volume,12,%D4%C6%B3%BF%C6%DA%BB%F5,735,-1085.0,云晨期货
2026-06-03,CU2606,volume,13,%B9%E2%B4%F3%C6%DA%BB%F5,635,15.0,光大期货
2026-06-03,CU2606,volume,14,%B9%E3%B7%A2%C6%DA%BB%F5,615,15.0,广发期货
2026-06-03,CU2606,volume,15,%B4%B4%D4%AA%C6%DA%BB%F5,515,110.0,创元期货
2026-06-03,CU2606,volume,16,%BB%AA%CE%C5%C6%DA%BB%F5,515,-295.0,华闻期货
2026-06-03,CU2606,volume,17,%B9%FA%CD%B6%C6%DA%BB%F5,495,70.0,国投期货
2026-06-03,CU2606,volume,18,%C4%CF%BB%AA%C6%DA%BB%F5,475,-365.0,南华期货
2026-06-03,CU2606,volume,19,%D5%E3%C9%CC%C6%DA%BB%F5,455,45.0,浙商期货
2026-06-03,CU2606,volume,20,%B6%AB%BA%A3%C6%DA%BB%F5,425,110.0,东海期货
2026-06-03,CU2606,volume,999,TOTAL,24750,,TOTAL
2026-06-03,CU2606,long,1,%BD%F0%C8%F0%C6%DA%BB%F5,6735,-25.0,金瑞期货
2026-06-03,CU2606,long,2,%B9%FA%CC%A9%BE%FD%B0%B2,5535,-760.0,国泰君安
2026-06-03,CU2606,long,3,%D6%D0%D0%C5%C6%DA%BB%F5,4090,-420.0,中信期货
2026-06-03,CU2606,long,4,%CD%AD%B9%DA%BD%F0%D4%B4,3375,-430.0,铜冠金源
2026-06-03,CU2606,long,5,%D4%C6%B3%BF%C6%DA%BB%F5,2895,295.0,云晨期货
2026-06-03,CU2606,long,6,%D2%F8%BA%D3%C6%DA%BB%F5,1980,195.0,银河期货
2026-06-03,CU2606,long,7,%B9%E3%B7%A2%C6%DA%BB%F5,855,-155.0,广发期货
2026-06-03,CU2606,long,8,%BD%A8%D0%C5%C6%DA%BB%F5,705,-140.0,建信期货
2026-06-03,CU2606,long,9,%D7%CF%BD%F0%CC%EC%B7%E7,695,-525.0,紫金天风
2026-06-03,CU2606,long,10,%B6%AB%D6%A4%C6%DA%BB%F5,635,-15.0,东证期货
2026-06-03,CU2606,long,11,%B9%E2%B4%F3%C6%DA%BB%F5,610,-355.0,光大期货
2026-06-03,CU2606,long,12,%B9%FA%C3%B3%C6%DA%BB%F5,550,-90.0,国贸期货
2026-06-03,CU2606,long,13,%C9%CF%BA%A3%D6%D0%C6%DA,500,0.0,上海中期
2026-06-03,CU2606,long,14,%D6%D0%D2%F8%C6%DA%BB%F5,500,-15.0,中银期货
2026-06-03,CU2606,long,15,%C4%CF%BB%AA%C6%DA%BB%F5,440,110.0,南华期货
2026-06-03,CU2606,long,16,%BB%AA%F6%CE%C6%DA%BB%F5,420,50.0,华鑫期货
2026-06-03,CU2606,long,17,%BB%AA%CC%A9%C6%DA%BB%F5,415,-70.0,华泰期货
2026-06-03,CU2606,long,18,%D0%CB%D2%B5%C6%DA%BB%F5,410,-110.0,兴业期货
2026-06-03,CU2606,long,19,%D6%D0%C1%B8%C6%DA%BB%F5,390,-45.0,中粮期货
2026-06-03,CU2606,long,20,%CE%E5%BF%F3%C6%DA%BB%F5,385,-50.0,五矿期货
2026-06-03,CU2606,long,999,TOTAL,32120,,TOTAL
2026-06-03,CU2606,short,1,%BD%F0%C8%F0%C6%DA%BB%F5,4600,-275.0,金瑞期货
2026-06-03,CU2606,short,2,%B9%FA%CD%B6%C6%DA%BB%F5,2850,-285.0,国投期货
2026-06-03,CU2606,short,3,%D6%D0%C1%B8%C6%DA%BB%F5,2800,-100.0,中粮期货
2026-06-03,CU2606,short,4,%D6%D0%D0%C5%C6%DA%BB%F5,2210,-725.0,中信期货
2026-06-03,CU2606,short,5,%CE%E5%BF%F3%C6%DA%BB%F5,1780,-620.0,五矿期货
2026-06-03,CU2606,short,6,%D2%F8%BA%D3%C6%DA%BB%F5,1780,25.0,银河期货
2026-06-03,CU2606,short,7,%BD%A8%D0%C5%C6%DA%BB%F5,1520,0.0,建信期货
2026-06-03,CU2606,short,8,%B9%FA%CC%A9%BE%FD%B0%B2,1270,-255.0,国泰君安
2026-06-03,CU2606,short,9,%B7%BD%D5%FD%D6%D0%C6%DA,1205,-50.0,方正中期
2026-06-03,CU2606,short,10,%B3%A4%BD%AD%C6%DA%BB%F5,1075,100.0,长江期货
2026-06-03,CU2606,short,11,%B6%AB%D6%A4%C6%DA%BB%F5,1060,-65.0,东证期货
2026-06-03,CU2606,short,12,%CD%AD%B9%DA%BD%F0%D4%B4,1015,50.0,铜冠金源
2026-06-03,CU2606,short,13,%B9%FA%C3%B3%C6%DA%BB%F5,825,-45.0,国贸期货
2026-06-03,CU2606,short,14,%D0%CB%D2%B5%C6%DA%BB%F5,805,-85.0,兴业期货
2026-06-03,CU2606,short,15,%BB%AA%CC%A9%C6%DA%BB%F5,780,20.0,华泰期货
2026-06-03,CU2606,short,16,%C4%CF%BB%AA%C6%DA%BB%F5,675,25.0,南华期货
2026-06-03,CU2606,short,17,%B9%FA%C1%AA%C6%DA%BB%F5,650,-215.0,国联期货
2026-06-03,CU2606,short,18,%C2%F5%BF%C6%C6%DA%BB%F5,570,0.0,迈科期货
2026-06-03,CU2606,short,19,%B4%F3%B5%D8%C6%DA%BB%F5,565,0.0,大地期货
2026-06-03,CU2606,short,20,%C3%F1%C9%FA%C6%DA%BB%F5,560,-55.0,民生期货
2026-06-03,CU2606,short,999,TOTAL,28595,,TOTAL
2026-06-24,CU2607,volume,1,%B9%FA%CC%A9%BE%FD%B0%B2,22092,4946.0,国泰君安
2026-06-24,CU2607,volume,2,%B6%AB%D6%A4%C6%DA%BB%F5,14033,-5259.0,东证期货
2026-06-24,CU2607,volume,3,%D6%D0%D0%C5%C6%DA%BB%F5,13075,118.0,中信期货
2026-06-24,CU2607,volume,4,%BB%AA%CC%A9%C6%DA%BB%F5,8194,-2289.0,华泰期货
2026-06-24,CU2607,volume,5,%BD%F0%C8%F0%C6%DA%BB%F5,8154,-1941.0,金瑞期货
2026-06-24,CU2607,volume,6,%D2%F8%BA%D3%C6%DA%BB%F5,6631,431.0,银河期货
2026-06-24,CU2607,volume,7,%BA%A3%CD%A8%C6%DA%BB%F5,4854,2445.0,海通期货
2026-06-24,CU2607,volume,8,%CE%E5%BF%F3%C6%DA%BB%F5,4346,498.0,五矿期货
2026-06-24,CU2607,volume,9,%D6%D0%CC%A9%C6%DA%BB%F5,4038,1425.0,中泰期货
2026-06-24,CU2607,volume,10,%B9%E2%B4%F3%C6%DA%BB%F5,3068,1229.0,光大期货
2026-06-24,CU2607,volume,11,%B9%FA%CD%B6%C6%DA%BB%F5,2950,1497.0,国投期货
2026-06-24,CU2607,volume,12,%D6%D0%D0%C5%BD%A8%CD%B6,2943,757.0,中信建投
2026-06-24,CU2607,volume,13,%D5%D0%C9%CC%C6%DA%BB%F5,2239,1132.0,招商期货
2026-06-24,CU2607,volume,14,%B6%AB%CE%E2%C6%DA%BB%F5,1979,997.0,东吴期货
2026-06-24,CU2607,volume,15,%B9%E3%B7%A2%C6%DA%BB%F5,1857,-312.0,广发期货
2026-06-24,CU2607,volume,16,%B9%FA%D0%C5%C6%DA%BB%F5,1638,-1355.0,国信期货
2026-06-24,CU2607,volume,17,%B7%BD%D5%FD%D6%D0%C6%DA,1586,918.0,方正中期
2026-06-24,CU2607,volume,18,%D5%E3%C9%CC%C6%DA%BB%F5,1563,852.0,浙商期货
2026-06-24,CU2607,volume,19,%D3%C0%B0%B2%C6%DA%BB%F5,1447,-87.0,永安期货
2026-06-24,CU2607,volume,20,%C4%CF%BB%AA%C6%DA%BB%F5,1208,-1459.0,南华期货
2026-06-24,CU2607,volume,999,TOTAL,107895,,TOTAL
2026-06-24,CU2607,long,1,%B9%FA%CC%A9%BE%FD%B0%B2,11460,-1801.0,国泰君安
2026-06-24,CU2607,long,2,%D6%D0%D0%C5%C6%DA%BB%F5,7934,-1286.0,中信期货
2026-06-24,CU2607,long,3,%BD%F0%C8%F0%C6%DA%BB%F5,7843,-233.0,金瑞期货
2026-06-24,CU2607,long,4,%B6%AB%D6%A4%C6%DA%BB%F5,3692,-351.0,东证期货
2026-06-24,CU2607,long,5,%D3%C0%B0%B2%C6%DA%BB%F5,3444,32.0,永安期货
2026-06-24,CU2607,long,6,%CD%AD%B9%DA%BD%F0%D4%B4,3374,-60.0,铜冠金源
2026-06-24,CU2607,long,7,%D2%F8%BA%D3%C6%DA%BB%F5,2474,-235.0,银河期货
2026-06-24,CU2607,long,8,%D4%C6%B3%BF%C6%DA%BB%F5,2313,11.0,云晨期货
2026-06-24,CU2607,long,9,%D7%CF%BD%F0%CC%EC%B7%E7,2081,237.0,紫金天风
2026-06-24,CU2607,long,10,%BB%AA%CC%A9%C6%DA%BB%F5,2067,-563.0,华泰期货
2026-06-24,CU2607,long,11,%CE%E5%BF%F3%C6%DA%BB%F5,2011,1080.0,五矿期货
2026-06-24,CU2607,long,12,%B9%E3%B7%A2%C6%DA%BB%F5,1726,-216.0,广发期货
2026-06-24,CU2607,long,13,%B7%BD%D5%FD%D6%D0%C6%DA,1654,-267.0,方正中期
2026-06-24,CU2607,long,14,%D6%D0%D0%C5%BD%A8%CD%B6,1440,141.0,中信建投
2026-06-24,CU2607,long,15,%B9%E2%B4%F3%C6%DA%BB%F5,1417,-12.0,光大期货
2026-06-24,CU2607,long,16,%BD%A8%D0%C5%C6%DA%BB%F5,1345,-221.0,建信期货
2026-06-24,CU2607,long,17,%BB%AA%F6%CE%C6%DA%BB%F5,1330,-222.0,华鑫期货
2026-06-24,CU2607,long,18,%B9%FA%C3%B3%C6%DA%BB%F5,1219,63.0,国贸期货
2026-06-24,CU2607,long,19,%D6%D0%CC%A9%C6%DA%BB%F5,1182,-98.0,中泰期货
2026-06-24,CU2607,long,20,%BA%EA%D4%B4%C6%DA%BB%F5,1178,-19.0,宏源期货
2026-06-24,CU2607,long,999,TOTAL,61184,,TOTAL
2026-06-24,CU2607,short,1,%BD%F0%C8%F0%C6%DA%BB%F5,9612,-384.0,金瑞期货
2026-06-24,CU2607,short,2,%D6%D0%D0%C5%C6%DA%BB%F5,7640,-1244.0,中信期货
2026-06-24,CU2607,short,3,%D2%F8%BA%D3%C6%DA%BB%F5,5211,-321.0,银河期货
2026-06-24,CU2607,short,4,%D6%D0%C1%B8%C6%DA%BB%F5,5129,344.0,中粮期货
2026-06-24,CU2607,short,5,%B9%FA%CC%A9%BE%FD%B0%B2,4299,-555.0,国泰君安
2026-06-24,CU2607,short,6,%B9%FA%CD%B6%C6%DA%BB%F5,3554,-281.0,国投期货
2026-06-24,CU2607,short,7,%CE%E5%BF%F3%C6%DA%BB%F5,3444,-5.0,五矿期货
2026-06-24,CU2607,short,8,%B6%AB%D6%A4%C6%DA%BB%F5,3291,-593.0,东证期货
2026-06-24,CU2607,short,9,%BB%AA%CC%A9%C6%DA%BB%F5,2158,-1357.0,华泰期货
2026-06-24,CU2607,short,10,%B9%FA%C3%B3%C6%DA%BB%F5,2125,-48.0,国贸期货
2026-06-24,CU2607,short,11,%D0%CB%D2%B5%C6%DA%BB%F5,1873,-190.0,兴业期货
2026-06-24,CU2607,short,12,%D7%CF%BD%F0%CC%EC%B7%E7,1782,-127.0,紫金天风
2026-06-24,CU2607,short,13,%D4%C6%B3%BF%C6%DA%BB%F5,1653,350.0,云晨期货
2026-06-24,CU2607,short,14,%BA%A3%CD%A8%C6%DA%BB%F5,1563,-82.0,海通期货
2026-06-24,CU2607,short,15,%B9%E3%B7%A2%C6%DA%BB%F5,1416,248.0,广发期货
2026-06-24,CU2607,short,16,%B9%E2%B4%F3%C6%DA%BB%F5,1403,-1615.0,光大期货
2026-06-24,CU2607,short,17,%D5%E3%C9%CC%C6%DA%BB%F5,1292,-97.0,浙商期货
2026-06-24,CU2607,short,18,%B9%FA%C1%AA%C6%DA%BB%F5,1276,129.0,国联期货
2026-06-24,CU2607,short,19,%BB%AA%B0%B2%C6%DA%BB%F5,1214,-27.0,华安期货
2026-06-24,CU2607,short,20,%D5%D0%C9%CC%C6%DA%BB%F5,1201,-142.0,招商期货
2026-06-24,CU2607,short,999,TOTAL,61136,,TOTAL
2026-06-26,CU2607,volume,1,%B9%FA%CC%A9%BE%FD%B0%B2,10501,-13101.0,国泰君安
2026-06-26,CU2607,volume,2,%B6%AB%D6%A4%C6%DA%BB%F5,9907,-2469.0,东证期货
2026-06-26,CU2607,volume,3,%D6%D0%D0%C5%C6%DA%BB%F5,8751,-8915.0,中信期货
2026-06-26,CU2607,volume,4,%BD%F0%C8%F0%C6%DA%BB%F5,5015,-5201.0,金瑞期货
2026-06-26,CU2607,volume,5,%D2%F8%BA%D3%C6%DA%BB%F5,4417,-1803.0,银河期货
2026-06-26,CU2607,volume,6,%BA%A3%CD%A8%C6%DA%BB%F5,2960,-596.0,海通期货
2026-06-26,CU2607,volume,7,%BB%AA%CC%A9%C6%DA%BB%F5,2932,-3835.0,华泰期货
2026-06-26,CU2607,volume,8,%D6%D0%CC%A9%C6%DA%BB%F5,2549,-2184.0,中泰期货
2026-06-26,CU2607,volume,9,%D4%C6%B3%BF%C6%DA%BB%F5,2399,-464.0,云晨期货
2026-06-26,CU2607,volume,10,%D3%C0%B0%B2%C6%DA%BB%F5,2231,1074.0,永安期货
2026-06-26,CU2607,volume,11,%B9%FA%D4%AA%C6%DA%BB%F5,1815,860.0,国元期货
2026-06-26,CU2607,volume,12,%CE%E5%BF%F3%C6%DA%BB%F5,1450,-938.0,五矿期货
2026-06-26,CU2607,volume,13,%B9%FA%C3%B3%C6%DA%BB%F5,1434,-386.0,国贸期货
2026-06-26,CU2607,volume,14,%B9%E3%B7%A2%C6%DA%BB%F5,1412,-2051.0,广发期货
2026-06-26,CU2607,volume,15,%B9%FA%D0%C5%C6%DA%BB%F5,1254,-1526.0,国信期货
2026-06-26,CU2607,volume,16,%D6%D0%C1%B8%C6%DA%BB%F5,1187,539.0,中粮期货
2026-06-26,CU2607,volume,17,%B9%E2%B4%F3%C6%DA%BB%F5,1050,-368.0,光大期货
2026-06-26,CU2607,volume,18,%D5%D0%C9%CC%C6%DA%BB%F5,1043,-784.0,招商期货
2026-06-26,CU2607,volume,19,%BA%EA%D4%B4%C6%DA%BB%F5,1011,575.0,宏源期货
2026-06-26,CU2607,volume,20,%C9%EA%CD%F2%C6%DA%BB%F5,999,-92.0,申万期货
2026-06-26,CU2607,volume,999,TOTAL,64317,,TOTAL
2026-06-26,CU2607,long,1,%D6%D0%D0%C5%C6%DA%BB%F5,7796,-913.0,中信期货
2026-06-26,CU2607,long,2,%B9%FA%CC%A9%BE%FD%B0%B2,6889,-1415.0,国泰君安
2026-06-26,CU2607,long,3,%BD%F0%C8%F0%C6%DA%BB%F5,5601,-941.0,金瑞期货
2026-06-26,CU2607,long,4,%CD%AD%B9%DA%BD%F0%D4%B4,3743,-49.0,铜冠金源
2026-06-26,CU2607,long,5,%D4%C6%B3%BF%C6%DA%BB%F5,2752,48.0,云晨期货
2026-06-26,CU2607,long,6,%CE%E5%BF%F3%C6%DA%BB%F5,2185,135.0,五矿期货
2026-06-26,CU2607,long,7,%D2%F8%BA%D3%C6%DA%BB%F5,1930,-479.0,银河期货
2026-06-26,CU2607,long,8,%BB%AA%CC%A9%C6%DA%BB%F5,1883,-472.0,华泰期货
2026-06-26,CU2607,long,9,%B6%AB%D6%A4%C6%DA%BB%F5,1656,-533.0,东证期货
2026-06-26,CU2607,long,10,%D7%CF%BD%F0%CC%EC%B7%E7,1575,-57.0,紫金天风
2026-06-26,CU2607,long,11,%B9%E3%B7%A2%C6%DA%BB%F5,1457,-228.0,广发期货
2026-06-26,CU2607,long,12,%B9%E2%B4%F3%C6%DA%BB%F5,1451,-55.0,光大期货
2026-06-26,CU2607,long,13,%BD%A8%D0%C5%C6%DA%BB%F5,1437,-273.0,建信期货
2026-06-26,CU2607,long,14,%B7%BD%D5%FD%D6%D0%C6%DA,1314,-134.0,方正中期
2026-06-26,CU2607,long,15,%D6%D0%CC%A9%C6%DA%BB%F5,1297,72.0,中泰期货
2026-06-26,CU2607,long,16,%BB%AA%F6%CE%C6%DA%BB%F5,1154,6.0,华鑫期货
2026-06-26,CU2607,long,17,%D6%D0%D0%C5%BD%A8%CD%B6,1123,-106.0,中信建投
2026-06-26,CU2607,long,18,%B9%FA%C3%B3%C6%DA%BB%F5,1118,-218.0,国贸期货
2026-06-26,CU2607,long,19,%BA%EB%D2%B5%C6%DA%BB%F5,1035,-65.0,弘业期货
2026-06-26,CU2607,long,20,%C4%CF%BB%AA%C6%DA%BB%F5,984,-54.0,南华期货
2026-06-26,CU2607,long,999,TOTAL,48380,,TOTAL
2026-06-26,CU2607,short,1,%BD%F0%C8%F0%C6%DA%BB%F5,7669,-764.0,金瑞期货
2026-06-26,CU2607,short,2,%D6%D0%D0%C5%C6%DA%BB%F5,6663,-974.0,中信期货
2026-06-26,CU2607,short,3,%D6%D0%C1%B8%C6%DA%BB%F5,4903,-88.0,中粮期货
2026-06-26,CU2607,short,4,%B9%FA%CD%B6%C6%DA%BB%F5,4027,375.0,国投期货
2026-06-26,CU2607,short,5,%B9%FA%CC%A9%BE%FD%B0%B2,3471,-572.0,国泰君安
2026-06-26,CU2607,short,6,%D2%F8%BA%D3%C6%DA%BB%F5,2402,-1902.0,银河期货
2026-06-26,CU2607,short,7,%CE%E5%BF%F3%C6%DA%BB%F5,2378,-259.0,五矿期货
2026-06-26,CU2607,short,8,%D4%C6%B3%BF%C6%DA%BB%F5,2296,-677.0,云晨期货
2026-06-26,CU2607,short,9,%B6%AB%D6%A4%C6%DA%BB%F5,2138,-292.0,东证期货
2026-06-26,CU2607,short,10,%D7%CF%BD%F0%CC%EC%B7%E7,1754,-4.0,紫金天风
2026-06-26,CU2607,short,11,%BA%A3%CD%A8%C6%DA%BB%F5,1401,-77.0,海通期货
2026-06-26,CU2607,short,12,%BD%A8%D0%C5%C6%DA%BB%F5,1249,-145.0,建信期货
2026-06-26,CU2607,short,13,%C9%BD%BD%F0%C6%DA%BB%F5,1248,554.0,山金期货
2026-06-26,CU2607,short,14,%BB%AA%B0%B2%C6%DA%BB%F5,1213,4.0,华安期货
2026-06-26,CU2607,short,15,%D5%D0%C9%CC%C6%DA%BB%F5,1166,-151.0,招商期货
2026-06-26,CU2607,short,16,%B9%FA%C3%B3%C6%DA%BB%F5,1034,-926.0,国贸期货
2026-06-26,CU2607,short,17,%B9%E3%B7%A2%C6%DA%BB%F5,996,-288.0,广发期货
2026-06-26,CU2607,short,18,%D0%CB%D2%B5%C6%DA%BB%F5,989,-141.0,兴业期货
2026-06-26,CU2607,short,19,%D5%E3%C9%CC%C6%DA%BB%F5,936,-241.0,浙商期货
2026-06-26,CU2607,short,20,%B7%BD%D5%FD%D6%D0%C6%DA,855,-62.0,方正中期
2026-06-26,CU2607,short,999,TOTAL,48788,,TOTAL
2026-06-30,CU2607,volume,1,%BD%F0%C8%F0%C6%DA%BB%F5,5040,-1046.0,金瑞期货
2026-06-30,CU2607,volume,2,%B6%AB%D6%A4%C6%DA%BB%F5,4434,-4863.0,东证期货
2026-06-30,CU2607,volume,3,%B9%FA%CC%A9%BE%FD%B0%B2,3494,-6644.0,国泰君安
2026-06-30,CU2607,volume,4,%D6%D0%CC%A9%C6%DA%BB%F5,3140,582.0,中泰期货
2026-06-30,CU2607,volume,5,%D2%F8%BA%D3%C6%DA%BB%F5,2603,642.0,银河期货
2026-06-30,CU2607,volume,6,%D6%D0%D0%C5%C6%DA%BB%F5,2260,-5819.0,中信期货
2026-06-30,CU2607,volume,7,%B9%E3%B7%A2%C6%DA%BB%F5,1883,652.0,广发期货
2026-06-30,CU2607,volume,8,%B9%FA%C3%B3%C6%DA%BB%F5,1751,443.0,国贸期货
2026-06-30,CU2607,volume,9,%D4%C6%B3%BF%C6%DA%BB%F5,1488,-179.0,云晨期货
2026-06-30,CU2607,volume,10,%D7%CF%BD%F0%CC%EC%B7%E7,1094,907.0,紫金天风
2026-06-30,CU2607,volume,11,%C9%EA%CD%F2%C6%DA%BB%F5,1059,632.0,申万期货
2026-06-30,CU2607,volume,12,%CE%E5%BF%F3%C6%DA%BB%F5,992,256.0,五矿期货
2026-06-30,CU2607,volume,13,%B9%E2%B4%F3%C6%DA%BB%F5,968,234.0,光大期货
2026-06-30,CU2607,volume,14,%B9%FA%D4%AA%C6%DA%BB%F5,768,-244.0,国元期货
2026-06-30,CU2607,volume,15,%CD%AD%B9%DA%BD%F0%D4%B4,742,-24.0,铜冠金源
2026-06-30,CU2607,volume,16,%B9%FA%CD%B6%C6%DA%BB%F5,716,268.0,国投期货
2026-06-30,CU2607,volume,17,%BA%A3%CD%A8%C6%DA%BB%F5,669,-1658.0,海通期货
2026-06-30,CU2607,volume,18,%B7%BD%D5%FD%D6%D0%C6%DA,667,-19.0,方正中期
2026-06-30,CU2607,volume,19,%BB%AA%CC%A9%C6%DA%BB%F5,615,-1408.0,华泰期货
2026-06-30,CU2607,volume,20,%D0%C5%B4%EF%C6%DA%BB%F5,550,131.0,信达期货
2026-06-30,CU2607,volume,999,TOTAL,34933,,TOTAL
2026-06-30,CU2607,long,1,%B9%FA%CC%A9%BE%FD%B0%B2,5710,-691.0,国泰君安
2026-06-30,CU2607,long,2,%D6%D0%D0%C5%C6%DA%BB%F5,5710,-646.0,中信期货
2026-06-30,CU2607,long,3,%BD%F0%C8%F0%C6%DA%BB%F5,3815,-841.0,金瑞期货
2026-06-30,CU2607,long,4,%CD%AD%B9%DA%BD%F0%D4%B4,3340,-150.0,铜冠金源
2026-06-30,CU2607,long,5,%D4%C6%B3%BF%C6%DA%BB%F5,2900,247.0,云晨期货
2026-06-30,CU2607,long,6,%CE%E5%BF%F3%C6%DA%BB%F5,2385,164.0,五矿期货
2026-06-30,CU2607,long,7,%D2%F8%BA%D3%C6%DA%BB%F5,1590,-249.0,银河期货
2026-06-30,CU2607,long,8,%D7%CF%BD%F0%CC%EC%B7%E7,1510,1.0,紫金天风
2026-06-30,CU2607,long,9,%BD%A8%D0%C5%C6%DA%BB%F5,1385,44.0,建信期货
2026-06-30,CU2607,long,10,%BB%AA%CC%A9%C6%DA%BB%F5,1235,-88.0,华泰期货
2026-06-30,CU2607,long,11,%BB%AA%F6%CE%C6%DA%BB%F5,1195,12.0,华鑫期货
2026-06-30,CU2607,long,12,%B9%E2%B4%F3%C6%DA%BB%F5,1135,-32.0,光大期货
2026-06-30,CU2607,long,13,%B9%E3%B7%A2%C6%DA%BB%F5,880,-259.0,广发期货
2026-06-30,CU2607,long,14,%B6%AB%CE%E2%C6%DA%BB%F5,875,68.0,东吴期货
2026-06-30,CU2607,long,15,%B9%FA%C3%B3%C6%DA%BB%F5,845,-491.0,国贸期货
2026-06-30,CU2607,long,16,%C4%CF%BB%AA%C6%DA%BB%F5,840,-43.0,南华期货
2026-06-30,CU2607,long,17,%D6%D0%D0%C5%BD%A8%CD%B6,771,-223.0,中信建投
2026-06-30,CU2607,long,18,%B7%BD%D5%FD%D6%D0%C6%DA,690,-397.0,方正中期
2026-06-30,CU2607,long,19,%BA%EB%D2%B5%C6%DA%BB%F5,680,-68.0,弘业期货
2026-06-30,CU2607,long,20,%D6%D0%BA%BD%C6%DA%BB%F5,560,-70.0,中航期货
2026-06-30,CU2607,long,999,TOTAL,38051,,TOTAL
2026-06-30,CU2607,short,1,%D6%D0%D0%C5%C6%DA%BB%F5,5520,-576.0,中信期货
2026-06-30,CU2607,short,2,%BD%F0%C8%F0%C6%DA%BB%F5,5125,-593.0,金瑞期货
2026-06-30,CU2607,short,3,%D6%D0%C1%B8%C6%DA%BB%F5,4215,-142.0,中粮期货
2026-06-30,CU2607,short,4,%B9%FA%CD%B6%C6%DA%BB%F5,3705,-83.0,国投期货
2026-06-30,CU2607,short,5,%D4%C6%B3%BF%C6%DA%BB%F5,2995,-177.0,云晨期货
2026-06-30,CU2607,short,6,%B9%FA%CC%A9%BE%FD%B0%B2,2010,-1011.0,国泰君安
2026-06-30,CU2607,short,7,%D7%CF%BD%F0%CC%EC%B7%E7,1660,-133.0,紫金天风
2026-06-30,CU2607,short,8,%CE%E5%BF%F3%C6%DA%BB%F5,1610,-660.0,五矿期货
2026-06-30,CU2607,short,9,%D2%F8%BA%D3%C6%DA%BB%F5,1520,-118.0,银河期货
2026-06-30,CU2607,short,10,%BD%A8%D0%C5%C6%DA%BB%F5,1235,-75.0,建信期货
2026-06-30,CU2607,short,11,%BB%AA%B0%B2%C6%DA%BB%F5,1200,-12.0,华安期货
2026-06-30,CU2607,short,12,%C9%BD%BD%F0%C6%DA%BB%F5,1140,-5.0,山金期货
2026-06-30,CU2607,short,13,%B6%AB%D6%A4%C6%DA%BB%F5,1075,-295.0,东证期货
2026-06-30,CU2607,short,14,%D5%D0%C9%CC%C6%DA%BB%F5,845,-132.0,招商期货
2026-06-30,CU2607,short,15,%B9%E3%B7%A2%C6%DA%BB%F5,795,-104.0,广发期货
2026-06-30,CU2607,short,16,%D0%CB%D2%B5%C6%DA%BB%F5,765,-183.0,兴业期货
2026-06-30,CU2607,short,17,%C4%CF%BB%AA%C6%DA%BB%F5,725,17.0,南华期货
2026-06-30,CU2607,short,18,%B7%BD%D5%FD%D6%D0%C6%DA,720,-66.0,方正中期
2026-06-30,CU2607,short,19,%D5%E3%C9%CC%C6%DA%BB%F5,680,-201.0,浙商期货
2026-06-30,CU2607,short,20,%B0%B2%C1%B8%C6%DA%BB%F5,615,-75.0,安粮期货
2026-06-30,CU2607,short,999,TOTAL,38155,,TOTAL
2026-07-01,CU2607,volume,1,%BD%F0%C8%F0%C6%DA%BB%F5,3235,-1805.0,金瑞期货
2026-07-01,CU2607,volume,2,%B6%AB%D6%A4%C6%DA%BB%F5,2680,-1754.0,东证期货
2026-07-01,CU2607,volume,3,%D6%D0%D0%C5%C6%DA%BB%F5,2620,360.0,中信期货
2026-07-01,CU2607,volume,4,%D2%F8%BA%D3%C6%DA%BB%F5,2280,-323.0,银河期货
2026-07-01,CU2607,volume,5,%D6%D0%CC%A9%C6%DA%BB%F5,1666,-1474.0,中泰期货
2026-07-01,CU2607,volume,6,%B9%FA%CC%A9%BE%FD%B0%B2,1430,-2064.0,国泰君安
2026-07-01,CU2607,volume,7,%CE%E5%BF%F3%C6%DA%BB%F5,965,-27.0,五矿期货
2026-07-01,CU2607,volume,8,%B9%E3%B7%A2%C6%DA%BB%F5,885,-998.0,广发期货
2026-07-01,CU2607,volume,9,%B7%BD%D5%FD%D6%D0%C6%DA,855,188.0,方正中期
2026-07-01,CU2607,volume,10,%B9%FA%C3%B3%C6%DA%BB%F5,845,-906.0,国贸期货
2026-07-01,CU2607,volume,11,%CD%AD%B9%DA%BD%F0%D4%B4,825,83.0,铜冠金源
2026-07-01,CU2607,volume,12,%D4%C6%B3%BF%C6%DA%BB%F5,795,-693.0,云晨期货
2026-07-01,CU2607,volume,13,%BB%AA%CE%C5%C6%DA%BB%F5,675,166.0,华闻期货
2026-07-01,CU2607,volume,14,%B9%E2%B4%F3%C6%DA%BB%F5,595,-373.0,光大期货
2026-07-01,CU2607,volume,15,%BA%A3%CD%A8%C6%DA%BB%F5,500,-169.0,海通期货
2026-07-01,CU2607,volume,16,%BD%A8%D0%C5%C6%DA%BB%F5,495,248.0,建信期货
2026-07-01,CU2607,volume,17,%BA%EB%D2%B5%C6%DA%BB%F5,470,206.0,弘业期货
2026-07-01,CU2607,volume,18,%C4%CF%BB%AA%C6%DA%BB%F5,425,-9.0,南华期货
2026-07-01,CU2607,volume,19,%B9%FA%CD%B6%C6%DA%BB%F5,375,-341.0,国投期货
2026-07-01,CU2607,volume,20,%D5%D0%C9%CC%C6%DA%BB%F5,340,52.0,招商期货
2026-07-01,CU2607,volume,999,TOTAL,22956,,TOTAL
2026-07-01,CU2607,long,1,%B9%FA%CC%A9%BE%FD%B0%B2,5300,-410.0,国泰君安
2026-07-01,CU2607,long,2,%D6%D0%D0%C5%C6%DA%BB%F5,4630,-1080.0,中信期货
2026-07-01,CU2607,long,3,%BD%F0%C8%F0%C6%DA%BB%F5,4560,745.0,金瑞期货
2026-07-01,CU2607,long,4,%CD%AD%B9%DA%BD%F0%D4%B4,3460,120.0,铜冠金源
2026-07-01,CU2607,long,5,%D4%C6%B3%BF%C6%DA%BB%F5,2965,65.0,云晨期货
2026-07-01,CU2607,long,6,%CE%E5%BF%F3%C6%DA%BB%F5,2275,-110.0,五矿期货
2026-07-01,CU2607,long,7,%D7%CF%BD%F0%CC%EC%B7%E7,1570,60.0,紫金天风
2026-07-01,CU2607,long,8,%D2%F8%BA%D3%C6%DA%BB%F5,1345,-245.0,银河期货
2026-07-01,CU2607,long,9,%BB%AA%CC%A9%C6%DA%BB%F5,1170,-65.0,华泰期货
2026-07-01,CU2607,long,10,%BB%AA%F6%CE%C6%DA%BB%F5,1145,-50.0,华鑫期货
2026-07-01,CU2607,long,11,%B9%E2%B4%F3%C6%DA%BB%F5,1140,5.0,光大期货
2026-07-01,CU2607,long,12,%BD%A8%D0%C5%C6%DA%BB%F5,1035,-350.0,建信期货
2026-07-01,CU2607,long,13,%B6%AB%CE%E2%C6%DA%BB%F5,810,-65.0,东吴期货
2026-07-01,CU2607,long,14,%C4%CF%BB%AA%C6%DA%BB%F5,680,-160.0,南华期货
2026-07-01,CU2607,long,15,%D6%D0%D0%C5%BD%A8%CD%B6,675,-96.0,中信建投
2026-07-01,CU2607,long,16,%B9%FA%C3%B3%C6%DA%BB%F5,645,-200.0,国贸期货
2026-07-01,CU2607,long,17,%B9%E3%B7%A2%C6%DA%BB%F5,505,-375.0,广发期货
2026-07-01,CU2607,long,18,%B6%AB%D6%A4%C6%DA%BB%F5,500,-50.0,东证期货
2026-07-01,CU2607,long,19,%D3%C0%B0%B2%C6%DA%BB%F5,460,-70.0,永安期货
2026-07-01,CU2607,long,20,%D0%C5%B4%EF%C6%DA%BB%F5,395,-30.0,信达期货
2026-07-01,CU2607,long,999,TOTAL,35265,,TOTAL
2026-07-01,CU2607,short,1,%D6%D0%D0%C5%C6%DA%BB%F5,5340,-180.0,中信期货
2026-07-01,CU2607,short,2,%D6%D0%C1%B8%C6%DA%BB%F5,4220,5.0,中粮期货
2026-07-01,CU2607,short,3,%BD%F0%C8%F0%C6%DA%BB%F5,4105,-1020.0,金瑞期货
2026-07-01,CU2607,short,4,%B9%FA%CD%B6%C6%DA%BB%F5,3395,-310.0,国投期货
2026-07-01,CU2607,short,5,%D4%C6%B3%BF%C6%DA%BB%F5,2585,-410.0,云晨期货
2026-07-01,CU2607,short,6,%D2%F8%BA%D3%C6%DA%BB%F5,2235,715.0,银河期货
2026-07-01,CU2607,short,7,%B9%FA%CC%A9%BE%FD%B0%B2,2020,10.0,国泰君安
2026-07-01,CU2607,short,8,%D7%CF%BD%F0%CC%EC%B7%E7,1530,-130.0,紫金天风
2026-07-01,CU2607,short,9,%BD%A8%D0%C5%C6%DA%BB%F5,1220,-15.0,建信期货
2026-07-01,CU2607,short,10,%CE%E5%BF%F3%C6%DA%BB%F5,1095,-515.0,五矿期货
2026-07-01,CU2607,short,11,%C9%BD%BD%F0%C6%DA%BB%F5,1070,-70.0,山金期货
2026-07-01,CU2607,short,12,%BB%AA%B0%B2%C6%DA%BB%F5,1005,-195.0,华安期货
2026-07-01,CU2607,short,13,%B6%AB%D6%A4%C6%DA%BB%F5,875,-200.0,东证期货
2026-07-01,CU2607,short,14,%B9%E3%B7%A2%C6%DA%BB%F5,765,-30.0,广发期货
2026-07-01,CU2607,short,15,%C4%CF%BB%AA%C6%DA%BB%F5,750,25.0,南华期货
2026-07-01,CU2607,short,16,%D5%E3%C9%CC%C6%DA%BB%F5,725,45.0,浙商期货
2026-07-01,CU2607,short,17,%D0%CB%D2%B5%C6%DA%BB%F5,695,-70.0,兴业期货
2026-07-01,CU2607,short,18,%B9%FA%C3%B3%C6%DA%BB%F5,665,195.0,国贸期货
2026-07-01,CU2607,short,19,%B0%B2%C1%B8%C6%DA%BB%F5,560,-55.0,安粮期货
2026-07-01,CU2607,short,20,%B7%BD%D5%FD%D6%D0%C6%DA,520,-200.0,方正中期
2026-07-01,CU2607,short,999,TOTAL,35375,,TOTAL
2026-07-02,CU2607,volume,1,%B6%AB%D6%A4%C6%DA%BB%F5,2970,290.0,东证期货
2026-07-02,CU2607,volume,2,%D6%D0%D0%C5%C6%DA%BB%F5,2445,-175.0,中信期货
2026-07-02,CU2607,volume,3,%D6%D0%CC%A9%C6%DA%BB%F5,2350,684.0,中泰期货
2026-07-02,CU2607,volume,4,%BD%F0%C8%F0%C6%DA%BB%F5,2055,-1180.0,金瑞期货
2026-07-02,CU2607,volume,5,%D2%F8%BA%D3%C6%DA%BB%F5,1860,-420.0,银河期货
2026-07-02,CU2607,volume,6,%B9%FA%CC%A9%BE%FD%B0%B2,975,-455.0,国泰君安
2026-07-02,CU2607,volume,7,%CD%AD%B9%DA%BD%F0%D4%B4,930,105.0,铜冠金源
2026-07-02,CU2607,volume,8,%BB%AA%CE%C5%C6%DA%BB%F5,905,230.0,华闻期货
2026-07-02,CU2607,volume,9,%B9%FA%C3%B3%C6%DA%BB%F5,780,-65.0,国贸期货
2026-07-02,CU2607,volume,10,%B9%FA%CD%B6%C6%DA%BB%F5,670,295.0,国投期货
2026-07-02,CU2607,volume,11,%D0%C2%BA%FE%C6%DA%BB%F5,595,275.0,新湖期货
2026-07-02,CU2607,volume,12,%BD%A8%D0%C5%C6%DA%BB%F5,510,15.0,建信期货
2026-07-02,CU2607,volume,13,%D4%C6%B3%BF%C6%DA%BB%F5,500,-295.0,云晨期货
2026-07-02,CU2607,volume,14,%B6%AB%CE%E2%C6%DA%BB%F5,410,260.0,东吴期货
2026-07-02,CU2607,volume,15,%CE%E5%BF%F3%C6%DA%BB%F5,390,-575.0,五矿期货
2026-07-02,CU2607,volume,16,%D5%E3%C9%CC%C6%DA%BB%F5,385,235.0,浙商期货
2026-07-02,CU2607,volume,17,%B4%B4%D4%AA%C6%DA%BB%F5,315,-10.0,创元期货
2026-07-02,CU2607,volume,18,%B7%BD%D5%FD%D6%D0%C6%DA,300,-555.0,方正中期
2026-07-02,CU2607,volume,19,%C4%CF%BB%AA%C6%DA%BB%F5,295,-130.0,南华期货
2026-07-02,CU2607,volume,20,%BA%A3%CD%A8%C6%DA%BB%F5,285,-215.0,海通期货
2026-07-02,CU2607,volume,999,TOTAL,19925,,TOTAL
2026-07-02,CU2607,long,1,%B9%FA%CC%A9%BE%FD%B0%B2,5155,-145.0,国泰君安
2026-07-02,CU2607,long,2,%BD%F0%C8%F0%C6%DA%BB%F5,4390,-170.0,金瑞期货
2026-07-02,CU2607,long,3,%D6%D0%D0%C5%C6%DA%BB%F5,4250,-380.0,中信期货
2026-07-02,CU2607,long,4,%D4%C6%B3%BF%C6%DA%BB%F5,3105,140.0,云晨期货
2026-07-02,CU2607,long,5,%CD%AD%B9%DA%BD%F0%D4%B4,2960,-500.0,铜冠金源
2026-07-02,CU2607,long,6,%CE%E5%BF%F3%C6%DA%BB%F5,2225,-50.0,五矿期货
2026-07-02,CU2607,long,7,%D7%CF%BD%F0%CC%EC%B7%E7,1605,35.0,紫金天风
2026-07-02,CU2607,long,8,%D2%F8%BA%D3%C6%DA%BB%F5,1270,-75.0,银河期货
2026-07-02,CU2607,long,9,%B9%E2%B4%F3%C6%DA%BB%F5,1100,-40.0,光大期货
2026-07-02,CU2607,long,10,%BB%AA%CC%A9%C6%DA%BB%F5,1085,-85.0,华泰期货
2026-07-02,CU2607,long,11,%BB%AA%F6%CE%C6%DA%BB%F5,1020,-125.0,华鑫期货
2026-07-02,CU2607,long,12,%BD%A8%D0%C5%C6%DA%BB%F5,780,-255.0,建信期货
2026-07-02,CU2607,long,13,%D6%D0%D0%C5%BD%A8%CD%B6,690,15.0,中信建投
2026-07-02,CU2607,long,14,%C4%CF%BB%AA%C6%DA%BB%F5,550,-130.0,南华期货
2026-07-02,CU2607,long,15,%B9%FA%C3%B3%C6%DA%BB%F5,530,-115.0,国贸期货
2026-07-02,CU2607,long,16,%B7%BD%D5%FD%D6%D0%C6%DA,525,140.0,方正中期
2026-07-02,CU2607,long,17,%B6%AB%CE%E2%C6%DA%BB%F5,500,-310.0,东吴期货
2026-07-02,CU2607,long,18,%B9%E3%B7%A2%C6%DA%BB%F5,495,-10.0,广发期货
2026-07-02,CU2607,long,19,%D0%C5%B4%EF%C6%DA%BB%F5,395,0.0,信达期货
2026-07-02,CU2607,long,20,%D3%C0%B0%B2%C6%DA%BB%F5,380,-80.0,永安期货
2026-07-02,CU2607,long,999,TOTAL,33010,,TOTAL
2026-07-02,CU2607,short,1,%D6%D0%D0%C5%C6%DA%BB%F5,5055,-285.0,中信期货
2026-07-02,CU2607,short,2,%D6%D0%C1%B8%C6%DA%BB%F5,4225,5.0,中粮期货
2026-07-02,CU2607,short,3,%BD%F0%C8%F0%C6%DA%BB%F5,3810,-295.0,金瑞期货
2026-07-02,CU2607,short,4,%B9%FA%CD%B6%C6%DA%BB%F5,2975,-420.0,国投期货
2026-07-02,CU2607,short,5,%D4%C6%B3%BF%C6%DA%BB%F5,2375,-210.0,云晨期货
2026-07-02,CU2607,short,6,%B9%FA%CC%A9%BE%FD%B0%B2,1810,-210.0,国泰君安
2026-07-02,CU2607,short,7,%D2%F8%BA%D3%C6%DA%BB%F5,1700,-535.0,银河期货
2026-07-02,CU2607,short,8,%D7%CF%BD%F0%CC%EC%B7%E7,1490,-40.0,紫金天风
2026-07-02,CU2607,short,9,%BD%A8%D0%C5%C6%DA%BB%F5,1245,25.0,建信期货
2026-07-02,CU2607,short,10,%BB%AA%B0%B2%C6%DA%BB%F5,975,-30.0,华安期货
2026-07-02,CU2607,short,11,%CE%E5%BF%F3%C6%DA%BB%F5,895,-200.0,五矿期货
2026-07-02,CU2607,short,12,%C9%BD%BD%F0%C6%DA%BB%F5,805,-265.0,山金期货
2026-07-02,CU2607,short,13,%B9%E3%B7%A2%C6%DA%BB%F5,755,-10.0,广发期货
2026-07-02,CU2607,short,14,%B9%FA%C3%B3%C6%DA%BB%F5,730,65.0,国贸期货
2026-07-02,CU2607,short,15,%C4%CF%BB%AA%C6%DA%BB%F5,715,-35.0,南华期货
2026-07-02,CU2607,short,16,%D0%CB%D2%B5%C6%DA%BB%F5,620,-75.0,兴业期货
2026-07-02,CU2607,short,17,%D5%E3%C9%CC%C6%DA%BB%F5,575,-150.0,浙商期货
2026-07-02,CU2607,short,18,%B6%AB%D6%A4%C6%DA%BB%F5,570,-305.0,东证期货
2026-07-02,CU2607,short,19,%B0%B2%C1%B8%C6%DA%BB%F5,520,-40.0,安粮期货
2026-07-02,CU2607,short,20,%B7%BD%D5%FD%D6%D0%C6%DA,500,-20.0,方正中期
2026-07-02,CU2607,short,999,TOTAL,32345,,TOTAL
2026-07-03,CU2607,volume,1,%BD%F0%C8%F0%C6%DA%BB%F5,3430,1375.0,金瑞期货
2026-07-03,CU2607,volume,2,%D6%D0%D0%C5%C6%DA%BB%F5,2495,50.0,中信期货
2026-07-03,CU2607,volume,3,%D6%D0%CC%A9%C6%DA%BB%F5,2165,-185.0,中泰期货
2026-07-03,CU2607,volume,4,%D2%F8%BA%D3%C6%DA%BB%F5,1860,0.0,银河期货
2026-07-03,CU2607,volume,5,%B6%AB%D6%A4%C6%DA%BB%F5,1840,-1130.0,东证期货
2026-07-03,CU2607,volume,6,%B9%FA%CC%A9%BE%FD%B0%B2,1165,190.0,国泰君安
2026-07-03,CU2607,volume,7,%D7%CF%BD%F0%CC%EC%B7%E7,1080,1005.0,紫金天风
2026-07-03,CU2607,volume,8,%D4%C6%B3%BF%C6%DA%BB%F5,1075,575.0,云晨期货
2026-07-03,CU2607,volume,9,%B9%FA%C3%B3%C6%DA%BB%F5,885,105.0,国贸期货
2026-07-03,CU2607,volume,10,%D6%D0%C1%B8%C6%DA%BB%F5,825,760.0,中粮期货
2026-07-03,CU2607,volume,11,%CD%AD%B9%DA%BD%F0%D4%B4,785,-145.0,铜冠金源
2026-07-03,CU2607,volume,12,%CE%E5%BF%F3%C6%DA%BB%F5,720,330.0,五矿期货
2026-07-03,CU2607,volume,13,%CE%EF%B2%FA%D6%D0%B4%F3,715,680.0,物产中大
2026-07-03,CU2607,volume,14,%B9%E2%B4%F3%C6%DA%BB%F5,700,490.0,光大期货
2026-07-03,CU2607,volume,15,%B9%FA%D4%AA%C6%DA%BB%F5,680,435.0,国元期货
2026-07-03,CU2607,volume,16,%BB%AA%CE%C5%C6%DA%BB%F5,575,-330.0,华闻期货
2026-07-03,CU2607,volume,17,%B9%E3%B7%A2%C6%DA%BB%F5,560,350.0,广发期货
2026-07-03,CU2607,volume,18,%C4%CF%BB%AA%C6%DA%BB%F5,550,255.0,南华期货
2026-07-03,CU2607,volume,19,%B7%BD%D5%FD%D6%D0%C6%DA,530,230.0,方正中期
2026-07-03,CU2607,volume,20,%B3%A4%BD%AD%C6%DA%BB%F5,470,380.0,长江期货
2026-07-03,CU2607,volume,999,TOTAL,23105,,TOTAL
2026-07-03,CU2607,long,1,%B9%FA%CC%A9%BE%FD%B0%B2,5095,-60.0,国泰君安
2026-07-03,CU2607,long,2,%BD%F0%C8%F0%C6%DA%BB%F5,4180,-210.0,金瑞期货
2026-07-03,CU2607,long,3,%D6%D0%D0%C5%C6%DA%BB%F5,3685,-565.0,中信期货
2026-07-03,CU2607,long,4,%D4%C6%B3%BF%C6%DA%BB%F5,3095,-10.0,云晨期货
2026-07-03,CU2607,long,5,%CD%AD%B9%DA%BD%F0%D4%B4,2560,-400.0,铜冠金源
2026-07-03,CU2607,long,6,%CE%E5%BF%F3%C6%DA%BB%F5,1975,-250.0,五矿期货
2026-07-03,CU2607,long,7,%D2%F8%BA%D3%C6%DA%BB%F5,1310,40.0,银河期货
2026-07-03,CU2607,long,8,%D7%CF%BD%F0%CC%EC%B7%E7,1130,-475.0,紫金天风
2026-07-03,CU2607,long,9,%BB%AA%CC%A9%C6%DA%BB%F5,850,-235.0,华泰期货
2026-07-03,CU2607,long,10,%BD%A8%D0%C5%C6%DA%BB%F5,695,-85.0,建信期货
2026-07-03,CU2607,long,11,%BB%AA%F6%CE%C6%DA%BB%F5,690,-330.0,华鑫期货
2026-07-03,CU2607,long,12,%B9%E2%B4%F3%C6%DA%BB%F5,685,-415.0,光大期货
2026-07-03,CU2607,long,13,%D6%D0%D0%C5%BD%A8%CD%B6,585,-105.0,中信建投
2026-07-03,CU2607,long,14,%B9%FA%C3%B3%C6%DA%BB%F5,500,-30.0,国贸期货
2026-07-03,CU2607,long,15,%C4%CF%BB%AA%C6%DA%BB%F5,435,-115.0,南华期货
2026-07-03,CU2607,long,16,%B6%AB%D6%A4%C6%DA%BB%F5,410,65.0,东证期货
2026-07-03,CU2607,long,17,%B9%E3%B7%A2%C6%DA%BB%F5,405,-90.0,广发期货
2026-07-03,CU2607,long,18,%D0%C5%B4%EF%C6%DA%BB%F5,375,-20.0,信达期货
2026-07-03,CU2607,long,19,%B6%AB%CE%E2%C6%DA%BB%F5,350,-150.0,东吴期货
2026-07-03,CU2607,long,20,%D6%D0%BA%BD%C6%DA%BB%F5,305,-70.0,中航期货
2026-07-03,CU2607,long,999,TOTAL,29315,,TOTAL
2026-07-03,CU2607,short,1,%D6%D0%D0%C5%C6%DA%BB%F5,4195,-860.0,中信期货
2026-07-03,CU2607,short,2,%D6%D0%C1%B8%C6%DA%BB%F5,3430,-795.0,中粮期货
2026-07-03,CU2607,short,3,%BD%F0%C8%F0%C6%DA%BB%F5,3420,-390.0,金瑞期货
2026-07-03,CU2607,short,4,%B9%FA%CD%B6%C6%DA%BB%F5,2975,0.0,国投期货
2026-07-03,CU2607,short,5,%D2%F8%BA%D3%C6%DA%BB%F5,1580,-120.0,银河期货
2026-07-03,CU2607,short,6,%B9%FA%CC%A9%BE%FD%B0%B2,1455,-355.0,国泰君安
2026-07-03,CU2607,short,7,%D4%C6%B3%BF%C6%DA%BB%F5,1450,-925.0,云晨期货
2026-07-03,CU2607,short,8,%BD%A8%D0%C5%C6%DA%BB%F5,1315,70.0,建信期货
2026-07-03,CU2607,short,9,%D7%CF%BD%F0%CC%EC%B7%E7,1025,-465.0,紫金天风
2026-07-03,CU2607,short,10,%C9%BD%BD%F0%C6%DA%BB%F5,975,170.0,山金期货
2026-07-03,CU2607,short,11,%BB%AA%B0%B2%C6%DA%BB%F5,880,-95.0,华安期货
2026-07-03,CU2607,short,12,%C4%CF%BB%AA%C6%DA%BB%F5,710,-5.0,南华期货
2026-07-03,CU2607,short,13,%B6%AB%D6%A4%C6%DA%BB%F5,595,25.0,东证期货
2026-07-03,CU2607,short,14,%B9%E3%B7%A2%C6%DA%BB%F5,575,-180.0,广发期货
2026-07-03,CU2607,short,15,%B9%FA%C3%B3%C6%DA%BB%F5,525,-205.0,国贸期货
2026-07-03,CU2607,short,16,%CE%E5%BF%F3%C6%DA%BB%F5,515,-380.0,五矿期货
2026-07-03,CU2607,short,17,%B0%B2%C1%B8%C6%DA%BB%F5,515,-5.0,安粮期货
2026-07-03,CU2607,short,18,%D5%D0%C9%CC%C6%DA%BB%F5,490,5.0,招商期货
2026-07-03,CU2607,short,19,%D0%CB%D2%B5%C6%DA%BB%F5,470,-150.0,兴业期货
2026-07-03,CU2607,short,20,%CD%AD%B9%DA%BD%F0%D4%B4,415,195.0,铜冠金源
2026-07-03,CU2607,short,999,TOTAL,27510,,TOTAL
2026-08-10,CU2609,volume,1,%B6%AB%D6%A4%C6%DA%BB%F5,25510,-10780.0,东证期货
2026-08-10,CU2609,volume,2,%D6%D0%D0%C5%C6%DA%BB%F5,23074,-1820.0,中信期货
2026-08-10,CU2609,volume,3,%B9%FA%CC%A9%BE%FD%B0%B2,14513,-2268.0,国泰君安
2026-08-10,CU2609,volume,4,%BD%F0%C8%F0%C6%DA%BB%F5,7192,2707.0,金瑞期货
2026-08-10,CU2609,volume,5,%D2%F8%BA%D3%C6%DA%BB%F5,6792,-183.0,银河期货
2026-08-10,CU2609,volume,6,%B7%BD%D5%FD%D6%D0%C6%DA,6486,-2352.0,方正中期
2026-08-10,CU2609,volume,7,%B9%FA%D0%C5%C6%DA%BB%F5,5782,-636.0,国信期货
2026-08-10,CU2609,volume,8,%D5%E3%C9%CC%C6%DA%BB%F5,5494,-147.0,浙商期货
2026-08-10,CU2609,volume,9,%D6%D0%CC%A9%C6%DA%BB%F5,4805,939.0,中泰期货
2026-08-10,CU2609,volume,10,%BB%AA%CC%A9%C6%DA%BB%F5,4411,-478.0,华泰期货
2026-08-10,CU2609,volume,11,%C4%CF%BB%AA%C6%DA%BB%F5,3742,-1926.0,南华期货
2026-08-10,CU2609,volume,12,%B9%E3%B7%A2%C6%DA%BB%F5,3337,-494.0,广发期货
2026-08-10,CU2609,volume,13,%BA%A3%CD%A8%C6%DA%BB%F5,3249,-138.0,海通期货
2026-08-10,CU2609,volume,14,%B9%E2%B4%F3%C6%DA%BB%F5,2664,275.0,光大期货
2026-08-10,CU2609,volume,15,%D6%D0%D0%C5%BD%A8%CD%B6,2601,-651.0,中信建投
2026-08-10,CU2609,volume,16,%D3%C0%B0%B2%C6%DA%BB%F5,2314,15.0,永安期货
2026-08-10,CU2609,volume,17,%CE%E5%BF%F3%C6%DA%BB%F5,2193,333.0,五矿期货
2026-08-10,CU2609,volume,18,%B9%FA%D4%AA%C6%DA%BB%F5,2117,-868.0,国元期货
2026-08-10,CU2609,volume,19,%C9%EA%CD%F2%C6%DA%BB%F5,2042,-605.0,申万期货
2026-08-10,CU2609,volume,20,%B4%B4%D4%AA%C6%DA%BB%F5,1972,294.0,创元期货
2026-08-10,CU2609,volume,999,TOTAL,130290,,TOTAL
2026-08-10,CU2609,long,1,%D6%D0%D0%C5%C6%DA%BB%F5,26849,277.0,中信期货
2026-08-10,CU2609,long,2,%B9%FA%CC%A9%BE%FD%B0%B2,26107,-820.0,国泰君安
2026-08-10,CU2609,long,3,%B6%AB%D6%A4%C6%DA%BB%F5,10717,-2383.0,东证期货
2026-08-10,CU2609,long,4,%D3%C0%B0%B2%C6%DA%BB%F5,7583,-154.0,永安期货
2026-08-10,CU2609,long,5,%D2%F8%BA%D3%C6%DA%BB%F5,7117,8.0,银河期货
2026-08-10,CU2609,long,6,%BB%AA%CC%A9%C6%DA%BB%F5,5910,-196.0,华泰期货
2026-08-10,CU2609,long,7,%CD%AD%B9%DA%BD%F0%D4%B4,5856,126.0,铜冠金源
2026-08-10,CU2609,long,8,%BD%F0%C8%F0%C6%DA%BB%F5,5154,-273.0,金瑞期货
2026-08-10,CU2609,long,9,%D6%D0%BD%F0%B2%C6%B8%BB,4827,-468.0,中金财富
2026-08-10,CU2609,long,10,%D6%D0%CC%A9%C6%DA%BB%F5,4674,44.0,中泰期货
2026-08-10,CU2609,long,11,%B7%BD%D5%FD%D6%D0%C6%DA,4322,189.0,方正中期
2026-08-10,CU2609,long,12,%B9%E3%B7%A2%C6%DA%BB%F5,4249,-139.0,广发期货
2026-08-10,CU2609,long,13,%B9%E2%B4%F3%C6%DA%BB%F5,3494,-117.0,光大期货
2026-08-10,CU2609,long,14,%D6%D0%D0%C5%BD%A8%CD%B6,3472,-102.0,中信建投
2026-08-10,CU2609,long,15,%C8%F0%B4%EF%C6%DA%BB%F5,3407,-73.0,瑞达期货
2026-08-10,CU2609,long,16,%D0%C2%BA%FE%C6%DA%BB%F5,3127,265.0,新湖期货
2026-08-10,CU2609,long,17,%D6%D0%C1%B8%C6%DA%BB%F5,3122,294.0,中粮期货
2026-08-10,CU2609,long,18,%B9%FA%CD%B6%C6%DA%BB%F5,3047,-94.0,国投期货
2026-08-10,CU2609,long,19,%B9%FA%D0%C5%C6%DA%BB%F5,2547,-226.0,国信期货
2026-08-10,CU2609,long,20,%C6%BD%B0%B2%C6%DA%BB%F5,2543,-9.0,平安期货
2026-08-10,CU2609,long,999,TOTAL,138124,,TOTAL
2026-08-10,CU2609,short,1,%D6%D0%D0%C5%C6%DA%BB%F5,19694,-497.0,中信期货
2026-08-10,CU2609,short,2,%BD%F0%C8%F0%C6%DA%BB%F5,18612,113.0,金瑞期货
2026-08-10,CU2609,short,3,%B6%AB%D6%A4%C6%DA%BB%F5,9918,-57.0,东证期货
2026-08-10,CU2609,short,4,%B9%FA%CC%A9%BE%FD%B0%B2,8703,-567.0,国泰君安
2026-08-10,CU2609,short,5,%D6%D0%C1%B8%C6%DA%BB%F5,7833,-218.0,中粮期货
2026-08-10,CU2609,short,6,%B9%E2%B4%F3%C6%DA%BB%F5,7718,-1065.0,光大期货
2026-08-10,CU2609,short,7,%CE%E5%BF%F3%C6%DA%BB%F5,6772,-281.0,五矿期货
2026-08-10,CU2609,short,8,%D2%F8%BA%D3%C6%DA%BB%F5,6586,826.0,银河期货
2026-08-10,CU2609,short,9,%B9%FA%C3%B3%C6%DA%BB%F5,6164,-138.0,国贸期货
2026-08-10,CU2609,short,10,%BD%A8%D0%C5%C6%DA%BB%F5,5233,-361.0,建信期货
2026-08-10,CU2609,short,11,%D7%CF%BD%F0%CC%EC%B7%E7,4844,-19.0,紫金天风
2026-08-10,CU2609,short,12,%BB%AA%CC%A9%C6%DA%BB%F5,4837,21.0,华泰期货
2026-08-10,CU2609,short,13,%B7%BD%D5%FD%D6%D0%C6%DA,4759,111.0,方正中期
2026-08-10,CU2609,short,14,%B9%E3%B7%A2%C6%DA%BB%F5,4262,-216.0,广发期货
2026-08-10,CU2609,short,15,%C4%CF%BB%AA%C6%DA%BB%F5,4194,95.0,南华期货
2026-08-10,CU2609,short,16,%CD%AD%B9%DA%BD%F0%D4%B4,4094,-7.0,铜冠金源
2026-08-10,CU2609,short,17,%B9%FA%CD%B6%C6%DA%BB%F5,4006,-262.0,国投期货
2026-08-10,CU2609,short,18,%D0%CB%D2%B5%C6%DA%BB%F5,3748,-140.0,兴业期货
2026-08-10,CU2609,short,19,%B9%FA%C1%AA%C6%DA%BB%F5,3381,-13.0,国联期货
2026-08-10,CU2609,short,20,%C9%EA%CD%F2%C6%DA%BB%F5,2960,-56.0,申万期货
2026-08-10,CU2609,short,999,TOTAL,138318,,TOTAL
