member,date,contract,long_oi,short_oi
金瑞期货,2026-09-03,CU2701,2676,5499
金瑞期货,2026-09-03,CU2609,4715,5795
金瑞期货,2026-09-03,CU2612,3195,8903
金瑞期货,2026-09-03,CU2703,1656,2431
金瑞期货,2026-09-03,CU2610,7850,15095
金瑞期货,2026-09-03,CU2702,922,274
金瑞期货,2026-09-03,CU2611,3270,7306
金瑞期货,2026-09-02,CU2609,5180,6125
金瑞期货,2026-09-02,CU2701,2683,5498
金瑞期货,2026-09-02,CU2703,1648,2428
金瑞期货,2026-09-02,CU2612,3197,8893
金瑞期货,2026-09-02,CU2702,930,278
金瑞期货,2026-09-02,CU2610,6613,14890
金瑞期货,2026-09-02,CU2611,3292,6961
金瑞期货,2026-09-01,CU2609,5595,7935
金瑞期货,2026-09-01,CU2701,2473,5329
金瑞期货,2026-09-01,CU2703,1572,2088
金瑞期货,2026-09-01,CU2612,3136,8868
金瑞期货,2026-09-01,CU2611,3260,6725
金瑞期货,2026-09-01,CU2702,692,90
金瑞期货,2026-09-01,CU2610,4371,15506
金瑞期货,2026-08-31,CU2609,6440,8985
金瑞期货,2026-08-31,CU2701,2470,5331
金瑞期货,2026-08-31,CU2703,1582,2089
金瑞期货,2026-08-31,CU2612,3209,8860
金瑞期货,2026-08-31,CU2702,712,101
金瑞期货,2026-08-31,CU2611,3272,5996
金瑞期货,2026-08-31,CU2610,3928,14224
金瑞期货,2026-08-28,CU2609,8976,11404
金瑞期货,2026-08-28,CU2701,2502,5332
金瑞期货,2026-08-28,CU2703,1571,2091
金瑞期货,2026-08-28,CU2612,3209,8833
金瑞期货,2026-08-28,CU2611,3038,4985
金瑞期货,2026-08-28,CU2702,650,92
金瑞期货,2026-08-28,CU2610,3849,14934
金瑞期货,2026-08-27,CU2609,9907,12117
金瑞期货,2026-08-27,CU2701,2485,5270
金瑞期货,2026-08-27,CU2703,1584,1735
金瑞期货,2026-08-27,CU2612,3106,8808
金瑞期货,2026-08-27,CU2611,2910,4292
金瑞期货,2026-08-27,CU2702,657,102
金瑞期货,2026-08-27,CU2610,3233,14417
金瑞期货,2026-08-26,CU2609,10862,12794
金瑞期货,2026-08-26,CU2701,2432,5276
金瑞期货,2026-08-26,CU2703,1569,1719
金瑞期货,2026-08-26,CU2612,3088,8825
金瑞期货,2026-08-26,CU2611,2860,4041
金瑞期货,2026-08-26,CU2610,3130,15714
金瑞期货,2026-08-25,CU2609,11435,13350
金瑞期货,2026-08-25,CU2701,2433,5330
金瑞期货,2026-08-25,CU2703,1558,1709
金瑞期货,2026-08-25,CU2612,3110,8646
金瑞期货,2026-08-25,CU2611,2998,3517
金瑞期货,2026-08-25,CU2610,3251,13955
金瑞期货,2026-08-24,CU2701,2433,5375
金瑞期货,2026-08-24,CU2609,11277,12862
金瑞期货,2026-08-24,CU2703,1163,1710
金瑞期货,2026-08-24,CU2612,3128,8633
金瑞期货,2026-08-24,CU2611,2917,3080
金瑞期货,2026-08-24,CU2610,3795,13065
金瑞期货,2026-08-21,CU2701,2443,5390
金瑞期货,2026-08-21,CU2609,12139,13657
金瑞期货,2026-08-21,CU2703,1172,1717
金瑞期货,2026-08-21,CU2612,3151,8607
金瑞期货,2026-08-21,CU2611,2947,2646
金瑞期货,2026-08-21,CU2610,3747,11299
金瑞期货,2026-08-20,CU2701,2424,5338
金瑞期货,2026-08-20,CU2609,11210,14120
金瑞期货,2026-08-20,CU2703,1178,1629
金瑞期货,2026-08-20,CU2612,3181,8494
金瑞期货,2026-08-20,CU2611,2975,2546
金瑞期货,2026-08-20,CU2610,3774,10457
金瑞期货,2026-08-19,CU2701,2444,5345
金瑞期货,2026-08-19,CU2609,11584,15124
金瑞期货,2026-08-19,CU2703,1174,1637
金瑞期货,2026-08-19,CU2612,3044,8361
金瑞期货,2026-08-19,CU2611,2981,2599
金瑞期货,2026-08-19,CU2610,3422,11039
金瑞期货,2026-08-18,CU2701,2393,5162
金瑞期货,2026-08-18,CU2609,11178,16238
金瑞期货,2026-08-18,CU2703,1151,1364
金瑞期货,2026-08-18,CU2612,2989,8318
金瑞期货,2026-08-18,CU2611,2688,2339
金瑞期货,2026-08-18,CU2610,4353,12193
金瑞期货,2026-08-17,CU2701,2374,5147
金瑞期货,2026-08-17,CU2612,2930,8103
金瑞期货,2026-08-17,CU2703,1132,1353
金瑞期货,2026-08-17,CU2609,9274,17617
金瑞期货,2026-08-17,CU2611,2690,2548
金瑞期货,2026-08-17,CU2610,3827,11889
金瑞期货,2026-08-14,CU2701,2360,5149
金瑞期货,2026-08-14,CU2611,2768,2524
金瑞期货,2026-08-14,CU2612,2868,7991
金瑞期货,2026-08-14,CU2703,1133,1355
金瑞期货,2026-08-14,CU2609,8131,16998
金瑞期货,2026-08-14,CU2610,3193,11581
金瑞期货,2026-08-13,CU2701,2367,5183
金瑞期货,2026-08-13,CU2611,2776,2519
金瑞期货,2026-08-13,CU2612,2870,7876
金瑞期货,2026-08-13,CU2703,1140,1356
金瑞期货,2026-08-13,CU2609,6729,16368
金瑞期货,2026-08-13,CU2610,3607,10512
金瑞期货,2026-08-12,CU2701,2341,5190
金瑞期货,2026-08-12,CU2611,2831,2514
金瑞期货,2026-08-12,CU2612,2868,7501
金瑞期货,2026-08-12,CU2703,1132,1354
金瑞期货,2026-08-12,CU2609,5775,17247
金瑞期货,2026-08-12,CU2610,3146,10977
金瑞期货,2026-08-11,CU2701,2350,5163
金瑞期货,2026-08-11,CU2611,2851,2368
金瑞期货,2026-08-11,CU2612,2892,7416
金瑞期货,2026-08-11,CU2703,1134,1357
金瑞期货,2026-08-11,CU2609,5495,17759
金瑞期货,2026-08-11,CU2610,3197,9857
金瑞期货,2026-08-10,CU2701,2344,5158
金瑞期货,2026-08-10,CU2611,2925,2296
金瑞期货,2026-08-10,CU2612,2893,7593
金瑞期货,2026-08-10,CU2703,1129,1354
金瑞期货,2026-08-10,CU2609,5154,18612
金瑞期货,2026-08-10,CU2610,3635,8241
金瑞期货,2026-08-07,CU2701,2357,4840
金瑞期货,2026-08-07,CU2611,2861,2303
金瑞期货,2026-08-07,CU2612,2885,7577
金瑞期货,2026-08-07,CU2703,1129,1223
金瑞期货,2026-08-07,CU2609,5427,18499
金瑞期货,2026-08-07,CU2610,3446,7811
金瑞期货,2026-08-06,CU2701,2370,4817
金瑞期货,2026-08-06,CU2611,2833,2070
金瑞期货,2026-08-06,CU2612,2862,7075
金瑞期货,2026-08-06,CU2703,1124,1227
金瑞期货,2026-08-06,CU2610,3677,6324
金瑞期货,2026-08-06,CU2609,4018,17952
金瑞期货,2026-08-05,CU2701,2371,4827
金瑞期货,2026-08-05,CU2703,1122,1228
金瑞期货,2026-08-05,CU2612,2872,6483
金瑞期货,2026-08-05,CU2611,2782,2051
金瑞期货,2026-08-05,CU2610,3571,5576
金瑞期货,2026-08-05,CU2609,2545,18291
金瑞期货,2026-08-04,CU2701,2371,4817
金瑞期货,2026-08-04,CU2611,2817,1754
金瑞期货,2026-08-04,CU2612,2860,6392
金瑞期货,2026-08-04,CU2703,1116,1221
金瑞期货,2026-08-04,CU2610,3227,4607
金瑞期货,2026-08-04,CU2609,2651,17553
金瑞期货,2026-08-03,CU2701,2386,4823
金瑞期货,2026-08-03,CU2612,2855,6402
金瑞期货,2026-08-03,CU2703,1124,1221
金瑞期货,2026-08-03,CU2611,2596,1466
金瑞期货,2026-08-03,CU2610,3609,4557
金瑞期货,2026-08-03,CU2609,2998,17172
金瑞期货,2026-07-31,CU2701,2394,4822
金瑞期货,2026-07-31,CU2611,2621,1447
金瑞期货,2026-07-31,CU2612,2856,6287
金瑞期货,2026-07-31,CU2703,1125,1226
金瑞期货,2026-07-31,CU2610,3587,4412
金瑞期货,2026-07-31,CU2609,2834,16937
金瑞期货,2026-07-30,CU2701,2355,4800
金瑞期货,2026-07-30,CU2611,2548,1431
金瑞期货,2026-07-30,CU2703,1101,1215
金瑞期货,2026-07-30,CU2612,2865,6289
金瑞期货,2026-07-30,CU2610,3722,4274
金瑞期货,2026-07-30,CU2609,3176,16564
金瑞期货,2026-07-29,CU2701,2394,4643
金瑞期货,2026-07-29,CU2611,2540,1398
金瑞期货,2026-07-29,CU2612,2834,6216
金瑞期货,2026-07-29,CU2703,1101,972
金瑞期货,2026-07-29,CU2610,3550,4222
金瑞期货,2026-07-29,CU2609,3255,18430
金瑞期货,2026-07-28,CU2701,2370,4591
金瑞期货,2026-07-28,CU2611,2537,1400
金瑞期货,2026-07-28,CU2612,2838,6192
金瑞期货,2026-07-28,CU2703,1104,814
金瑞期货,2026-07-28,CU2610,3298,3667
金瑞期货,2026-07-28,CU2609,3255,18256
金瑞期货,2026-07-27,CU2701,2371,4608
金瑞期货,2026-07-27,CU2611,2543,1360
金瑞期货,2026-07-27,CU2612,2852,6202
金瑞期货,2026-07-27,CU2703,1085,567
金瑞期货,2026-07-27,CU2610,3284,3543
金瑞期货,2026-07-27,CU2609,2912,18960
金瑞期货,2026-07-24,CU2701,2363,4598
金瑞期货,2026-07-24,CU2611,2581,1229
金瑞期货,2026-07-24,CU2612,2863,6243
金瑞期货,2026-07-24,CU2703,1083,435
金瑞期货,2026-07-24,CU2610,3601,3517
金瑞期货,2026-07-24,CU2609,2951,19017
金瑞期货,2026-07-23,CU2701,2358,4194
金瑞期货,2026-07-23,CU2611,2538,1226
金瑞期货,2026-07-23,CU2612,2808,5906
金瑞期货,2026-07-23,CU2703,826,84
金瑞期货,2026-07-23,CU2610,3498,3461
金瑞期货,2026-07-23,CU2609,2972,20402
金瑞期货,2026-07-22,CU2701,2340,4193
金瑞期货,2026-07-22,CU2611,2645,1230
金瑞期货,2026-07-22,CU2612,2810,5852
金瑞期货,2026-07-22,CU2610,3543,3464
金瑞期货,2026-07-22,CU2703,823,84
金瑞期货,2026-07-22,CU2609,,20088
金瑞期货,2026-07-21,CU2701,2323,4180
金瑞期货,2026-07-21,CU2611,2642,1677
金瑞期货,2026-07-21,CU2612,2820,5348
金瑞期货,2026-07-21,CU2610,2904,3115
金瑞期货,2026-07-21,CU2703,820,105
金瑞期货,2026-07-21,CU2609,2846,18005
金瑞期货,2026-07-20,CU2701,2021,4189
金瑞期货,2026-07-20,CU2612,2799,5069
金瑞期货,2026-07-20,CU2611,2529,2034
金瑞期货,2026-07-20,CU2610,2933,3153
金瑞期货,2026-07-20,CU2703,807,81
金瑞期货,2026-07-20,CU2609,2566,15554
金瑞期货,2026-07-17,CU2701,2023,4108
金瑞期货,2026-07-17,CU2612,2802,4941
金瑞期货,2026-07-17,CU2611,2501,2135
金瑞期货,2026-07-17,CU2610,2875,3010
金瑞期货,2026-07-17,CU2703,808,
金瑞期货,2026-07-17,CU2609,2532,15896
金瑞期货,2026-07-16,CU2701,1864,4070
金瑞期货,2026-07-16,CU2612,2910,4746
金瑞期货,2026-07-16,CU2611,2385,2137
金瑞期货,2026-07-16,CU2610,2832,2954
金瑞期货,2026-07-16,CU2703,811,
金瑞期货,2026-07-16,CU2609,2645,16026
金瑞期货,2026-07-15,CU2701,1864,4037
金瑞期货,2026-07-15,CU2612,2865,4704
金瑞期货,2026-07-15,CU2611,2307,2163
金瑞期货,2026-07-15,CU2610,2824,2941
金瑞期货,2026-07-15,CU2703,808,
金瑞期货,2026-07-15,CU2609,2802,15664
金瑞期货,2026-07-14,CU2701,1864,4044
金瑞期货,2026-07-14,CU2612,2873,4694
金瑞期货,2026-07-14,CU2611,2310,2164
金瑞期货,2026-07-14,CU2610,2875,2693
金瑞期货,2026-07-14,CU2609,2694,13881
金瑞期货,2026-07-13,CU2701,1870,4038
金瑞期货,2026-07-13,CU2611,2620,2153
金瑞期货,2026-07-13,CU2612,2863,4713
金瑞期货,2026-07-13,CU2610,2852,2898
金瑞期货,2026-07-13,CU2609,3690,12268
金瑞期货,2026-07-10,CU2701,1874,4039
金瑞期货,2026-07-10,CU2612,2862,4689
金瑞期货,2026-07-10,CU2611,2369,2152
金瑞期货,2026-07-10,CU2610,3064,2894
金瑞期货,2026-07-10,CU2609,3405,11798
金瑞期货,2026-07-09,CU2701,1877,4030
金瑞期货,2026-07-09,CU2612,2876,4876
金瑞期货,2026-07-09,CU2610,3360,2853
金瑞期货,2026-07-09,CU2611,1797,2083
金瑞期货,2026-07-09,CU2609,4084,11574
金瑞期货,2026-07-08,CU2701,1853,3645
金瑞期货,2026-07-08,CU2612,2825,4767
金瑞期货,2026-07-08,CU2610,3239,2872
金瑞期货,2026-07-08,CU2611,1308,2081
金瑞期货,2026-07-08,CU2609,4278,9173
金瑞期货,2026-07-07,CU2701,1852,3621
金瑞期货,2026-07-07,CU2612,2849,4602
金瑞期货,2026-07-07,CU2610,3413,2825
金瑞期货,2026-07-07,CU2611,1314,2076
金瑞期货,2026-07-07,CU2609,3820,8603
金瑞期货,2026-07-06,CU2701,1868,3434
金瑞期货,2026-07-06,CU2612,2862,4229
金瑞期货,2026-07-06,CU2610,3653,2860
金瑞期货,2026-07-06,CU2611,1464,2076
金瑞期货,2026-07-06,CU2609,3887,7835
金瑞期货,2026-07-03,CU2701,1870,3402
金瑞期货,2026-07-03,CU2612,2876,3770
金瑞期货,2026-07-03,CU2610,3160,2805
金瑞期货,2026-07-03,CU2611,1505,1986
金瑞期货,2026-07-03,CU2609,3852,7306
金瑞期货,2026-07-02,CU2701,1845,3363
金瑞期货,2026-07-02,CU2612,2882,3721
金瑞期货,2026-07-02,CU2610,3061,2846
金瑞期货,2026-07-02,CU2611,1493,1966
金瑞期货,2026-07-02,CU2609,4170,7221
金瑞期货,2026-07-01,CU2701,1843,3328
金瑞期货,2026-07-01,CU2612,2854,3516
金瑞期货,2026-07-01,CU2610,2882,2732
金瑞期货,2026-07-01,CU2611,1499,1947
金瑞期货,2026-07-01,CU2609,3934,7304
金瑞期货,2026-06-30,CU2701,1838,3339
金瑞期货,2026-06-30,CU2612,2856,3473
金瑞期货,2026-06-30,CU2610,2716,2728
金瑞期货,2026-06-30,CU2611,1482,1998
金瑞期货,2026-06-30,CU2609,3815,7241
金瑞期货,2026-06-29,CU2612,2807,3370
金瑞期货,2026-06-29,CU2610,2925,2714
金瑞期货,2026-06-29,CU2611,1455,1912
金瑞期货,2026-06-29,CU2609,3905,6645
金瑞期货,2026-06-26,CU2612,2805,3375
金瑞期货,2026-06-26,CU2610,3133,2637
金瑞期货,2026-06-26,CU2611,1534,1897
金瑞期货,2026-06-26,CU2609,4052,5995
金瑞期货,2026-06-25,CU2612,2683,3364
金瑞期货,2026-06-25,CU2611,1476,1937
金瑞期货,2026-06-25,CU2610,2597,2625
金瑞期货,2026-06-25,CU2609,4059,5910
金瑞期货,2026-06-24,CU2612,2604,2929
金瑞期货,2026-06-24,CU2611,1415,1276
金瑞期货,2026-06-24,CU2609,3629,5657
金瑞期货,2026-06-24,CU2610,1913,2180
金瑞期货,2026-06-23,CU2612,2500,2677
金瑞期货,2026-06-23,CU2611,1296,1223
金瑞期货,2026-06-23,CU2609,3431,5182
金瑞期货,2026-06-23,CU2610,1255,2170
金瑞期货,2026-06-22,CU2611,1297,1223
金瑞期货,2026-06-22,CU2612,2497,2534
金瑞期货,2026-06-22,CU2609,3276,4615
金瑞期货,2026-06-22,CU2610,1193,2256
金瑞期货,2026-06-18,CU2611,1291,1212
金瑞期货,2026-06-18,CU2612,2477,2517
金瑞期货,2026-06-18,CU2609,3173,4347
金瑞期货,2026-06-18,CU2610,1154,2151
金瑞期货,2026-06-17,CU2611,1296,1414
金瑞期货,2026-06-17,CU2612,2482,2426
金瑞期货,2026-06-17,CU2609,3402,4107
金瑞期货,2026-06-17,CU2610,1315,2146
金瑞期货,2026-06-16,CU2612,2483,2405
金瑞期货,2026-06-16,CU2611,1315,1423
金瑞期货,2026-06-16,CU2610,1306,2232
金瑞期货,2026-06-16,CU2609,3449,4022
金瑞期货,2026-06-15,CU2612,2494,2392
金瑞期货,2026-06-15,CU2611,1303,1427
金瑞期货,2026-06-15,CU2610,1327,2063
金瑞期货,2026-06-15,CU2609,3440,3976
金瑞期货,2026-06-12,CU2611,1301,1440
金瑞期货,2026-06-12,CU2612,2554,2331
金瑞期货,2026-06-12,CU2609,3477,3691
金瑞期货,2026-06-12,CU2610,1341,1926
金瑞期货,2026-06-11,CU2612,2570,2303
金瑞期货,2026-06-11,CU2611,1307,1299
金瑞期货,2026-06-11,CU2609,3369,3670
金瑞期货,2026-06-11,CU2610,1292,1901
金瑞期货,2026-06-10,CU2611,1296,1296
金瑞期货,2026-06-10,CU2612,2545,2199
金瑞期货,2026-06-10,CU2609,3266,3679
金瑞期货,2026-06-10,CU2610,1313,1788
金瑞期货,2026-06-09,CU2611,1304,1120
金瑞期货,2026-06-09,CU2612,2573,2039
金瑞期货,2026-06-09,CU2610,1320,1785
金瑞期货,2026-06-09,CU2609,2587,3620
金瑞期货,2026-06-08,CU2612,2574,2065
金瑞期货,2026-06-08,CU2611,1312,1119
金瑞期货,2026-06-08,CU2610,1351,1796
金瑞期货,2026-06-08,CU2609,2382,3591
金瑞期货,2026-06-05,CU2612,1634,2104
金瑞期货,2026-06-05,CU2610,1282,1760
金瑞期货,2026-06-05,CU2609,1836,3651
金瑞期货,2026-06-04,CU2612,1682,2124
金瑞期货,2026-06-04,CU2610,1237,1766
金瑞期货,2026-06-04,CU2609,1411,3633
金瑞期货,2026-06-03,CU2610,1269,1771
金瑞期货,2026-06-03,CU2612,1731,2140
金瑞期货,2026-06-03,CU2609,,3605
金瑞期货,2026-06-02,CU2612,1717,2079
金瑞期货,2026-06-02,CU2610,1264,1730
金瑞期货,2026-06-02,CU2609,,3541
金瑞期货,2026-06-01,CU2612,1714,2052
金瑞期货,2026-06-01,CU2610,1221,1640
金瑞期货,2026-06-01,CU2609,,3476
金瑞期货,2026-05-29,CU2612,1706,1639
金瑞期货,2026-05-29,CU2610,1217,1643
金瑞期货,2026-05-29,CU2609,,3461
金瑞期货,2026-05-28,CU2612,1707,1592
金瑞期货,2026-05-28,CU2610,1249,1623
金瑞期货,2026-05-28,CU2609,,3493
金瑞期货,2026-05-27,CU2612,1666,1359
金瑞期货,2026-05-27,CU2610,957,1641
金瑞期货,2026-05-27,CU2609,,3684
金瑞期货,2026-05-26,CU2612,1676,1260
金瑞期货,2026-05-26,CU2610,968,1637
金瑞期货,2026-05-26,CU2609,,3545
金瑞期货,2026-05-25,CU2612,1690,1178
金瑞期货,2026-05-25,CU2610,984,1647
金瑞期货,2026-05-25,CU2609,1203,3446
金瑞期货,2026-05-22,CU2612,1696,1171
金瑞期货,2026-05-22,CU2610,962,1618
金瑞期货,2026-05-22,CU2609,1187,3421
金瑞期货,2026-05-21,CU2612,1699,1170
金瑞期货,2026-05-21,CU2610,981,1625
金瑞期货,2026-05-21,CU2609,1202,3402
金瑞期货,2026-05-20,CU2610,977,1619
金瑞期货,2026-05-20,CU2612,1733,1142
金瑞期货,2026-05-20,CU2609,1179,3382
金瑞期货,2026-05-19,CU2612,1707,887
金瑞期货,2026-05-19,CU2610,962,1616
金瑞期货,2026-05-19,CU2609,1173,2872
金瑞期货,2026-05-18,CU2612,1699,875
金瑞期货,2026-05-18,CU2610,980,1656
金瑞期货,2026-05-18,CU2609,1206,2919
金瑞期货,2026-05-15,CU2612,1705,837
金瑞期货,2026-05-15,CU2610,907,1641
金瑞期货,2026-05-15,CU2609,1175,2891
金瑞期货,2026-05-14,CU2612,1725,837
金瑞期货,2026-05-14,CU2610,841,558
金瑞期货,2026-05-14,CU2609,1126,2791
金瑞期货,2026-05-13,CU2612,1659,956
金瑞期货,2026-05-13,CU2610,817,823
金瑞期货,2026-05-13,CU2609,1176,2809
金瑞期货,2026-05-12,CU2612,1722,988
金瑞期货,2026-05-12,CU2610,821,843
金瑞期货,2026-05-12,CU2609,1094,2780
金瑞期货,2026-05-11,CU2612,1708,978
金瑞期货,2026-05-11,CU2610,826,354
金瑞期货,2026-05-11,CU2609,1091,2770
金瑞期货,2026-05-08,CU2612,1700,947
金瑞期货,2026-05-08,CU2610,847,344
金瑞期货,2026-05-08,CU2609,1067,2791
金瑞期货,2026-05-07,CU2612,1749,986
金瑞期货,2026-05-07,CU2610,853,265
金瑞期货,2026-05-07,CU2609,1064,2763
金瑞期货,2026-05-06,CU2612,1699,943
金瑞期货,2026-05-06,CU2610,838,237
金瑞期货,2026-05-06,CU2609,1090,2738
金瑞期货,2026-04-30,CU2612,1725,960
金瑞期货,2026-04-30,CU2610,839,256
金瑞期货,2026-04-30,CU2609,1106,2780
金瑞期货,2026-04-29,CU2612,1735,991
金瑞期货,2026-04-29,CU2610,867,192
金瑞期货,2026-04-29,CU2609,1275,2752
金瑞期货,2026-04-28,CU2612,1705,967
金瑞期货,2026-04-28,CU2609,1188,2692
金瑞期货,2026-04-27,CU2612,1654,965
金瑞期货,2026-04-27,CU2609,1165,2669
金瑞期货,2026-04-24,CU2612,1652,960
金瑞期货,2026-04-24,CU2609,1042,1782
金瑞期货,2026-04-23,CU2612,1557,914
金瑞期货,2026-04-23,CU2609,1046,1607
金瑞期货,2026-04-22,CU2612,1551,881
金瑞期货,2026-04-22,CU2609,1048,1590
金瑞期货,2026-04-21,CU2612,1539,871
金瑞期货,2026-04-21,CU2609,1033,1589
金瑞期货,2026-04-20,CU2612,1549,853
金瑞期货,2026-04-20,CU2609,1069,1692
金瑞期货,2026-04-17,CU2612,1574,881
金瑞期货,2026-04-17,CU2609,1121,1586
金瑞期货,2026-04-16,CU2612,1555,863
金瑞期货,2026-04-16,CU2609,1186,1390
金瑞期货,2026-04-15,CU2612,1559,868
金瑞期货,2026-04-15,CU2609,1190,1388
金瑞期货,2026-04-14,CU2612,1560,863
金瑞期货,2026-04-14,CU2609,1186,1384
金瑞期货,2026-04-13,CU2612,1552,879
金瑞期货,2026-04-13,CU2609,1224,1402
金瑞期货,2026-04-10,CU2612,1569,875
金瑞期货,2026-04-10,CU2609,1228,1405
金瑞期货,2026-04-09,CU2612,1557,885
金瑞期货,2026-04-09,CU2609,1177,1366
金瑞期货,2026-04-08,CU2612,1537,894
金瑞期货,2026-04-08,CU2609,1208,1350
金瑞期货,2026-04-07,CU2612,1509,848
金瑞期货,2026-04-07,CU2609,1220,935
金瑞期货,2026-04-03,CU2612,1446,846
金瑞期货,2026-04-03,CU2609,1216,899
金瑞期货,2026-04-02,CU2612,1447,985
金瑞期货,2026-04-02,CU2609,1139,422
金瑞期货,2026-04-01,CU2612,1420,973
金瑞期货,2026-04-01,CU2609,1181,380
金瑞期货,2026-03-31,CU2612,1420,982
金瑞期货,2026-03-31,CU2609,1123,370
金瑞期货,2026-03-30,CU2612,1461,1007
金瑞期货,2026-03-30,CU2609,1161,403
金瑞期货,2026-03-27,CU2612,1436,1009
金瑞期货,2026-03-27,CU2609,1150,410
金瑞期货,2026-03-26,CU2612,1418,987
金瑞期货,2026-03-26,CU2609,1129,415
金瑞期货,2026-03-25,CU2612,1277,980
金瑞期货,2026-03-25,CU2609,1074,371
金瑞期货,2026-03-24,CU2612,1285,977
金瑞期货,2026-03-24,CU2609,970,397
金瑞期货,2026-03-23,CU2612,1290,1002
金瑞期货,2026-03-23,CU2609,961,563
金瑞期货,2026-03-20,CU2612,1201,1078
金瑞期货,2026-03-20,CU2609,876,590
金瑞期货,2026-03-19,CU2612,1172,1079
金瑞期货,2026-03-19,CU2609,863,427
金瑞期货,2026-03-18,CU2612,1097,1073
金瑞期货,2026-03-18,CU2609,896,507
金瑞期货,2026-03-17,CU2612,1055,1074
金瑞期货,2026-03-17,CU2609,761,778
金瑞期货,2026-03-16,CU2612,1063,1082
金瑞期货,2026-03-16,CU2609,788,800
金瑞期货,2026-03-13,CU2612,995,1073
金瑞期货,2026-03-13,CU2609,734,965
金瑞期货,2026-03-12,CU2609,735,965
金瑞期货,2026-03-11,CU2609,771,979
金瑞期货,2026-03-10,CU2609,790,994
金瑞期货,2026-03-09,CU2609,753,975
金瑞期货,2026-03-06,CU2609,789,987
金瑞期货,2026-03-05,CU2609,826,1040
金瑞期货,2026-03-04,CU2609,720,978
金瑞期货,2026-03-03,CU2609,641,1025
金瑞期货,2026-03-02,CU2609,623,997
金瑞期货,2026-02-27,CU2609,611,1010
金瑞期货,2026-02-26,CU2609,589,988
金瑞期货,2026-02-25,CU2609,590,998
金瑞期货,2026-02-24,CU2609,568,854
金瑞期货,2026-02-13,CU2609,567,854
金瑞期货,2026-02-12,CU2609,506,844
金瑞期货,2026-02-11,CU2609,505,838
金瑞期货,2026-02-10,CU2609,503,841
金瑞期货,2026-02-09,CU2609,450,848
金瑞期货,2026-02-06,CU2609,438,833
金瑞期货,2026-02-05,CU2609,433,843
金瑞期货,2026-02-04,CU2609,410,836
金瑞期货,2026-02-03,CU2609,390,820
金瑞期货,2026-02-02,CU2609,366,822
金瑞期货,2026-01-30,CU2609,389,894
金瑞期货,2026-01-29,CU2609,388,1071
金瑞期货,2026-01-28,CU2609,396,1090
金瑞期货,2026-01-27,CU2609,378,1085
金瑞期货,2026-01-26,CU2609,384,1055
金瑞期货,2026-01-23,CU2609,375,991
金瑞期货,2026-01-22,CU2609,382,949
金瑞期货,2026-01-21,CU2609,378,941
金瑞期货,2026-01-20,CU2609,376,962
金瑞期货,2026-01-19,CU2609,366,944
金瑞期货,2026-01-16,CU2609,357,1147
金瑞期货,2026-01-15,CU2609,422,1353
金瑞期货,2026-01-14,CU2609,430,1347
金瑞期货,2026-01-13,CU2609,431,1343
金瑞期货,2026-01-12,CU2609,466,1344
金瑞期货,2026-01-09,CU2609,466,1339
金瑞期货,2026-01-08,CU2609,443,1053
金瑞期货,2026-01-07,CU2609,395,997
金瑞期货,2026-01-06,CU2609,420,951
金瑞期货,2026-01-05,CU2609,424,920
金瑞期货,2025-12-31,CU2609,463,916
金瑞期货,2025-12-30,CU2609,475,909
金瑞期货,2025-12-29,CU2609,472,915
金瑞期货,2025-12-26,CU2609,473,920
金瑞期货,2025-12-25,CU2609,505,811
金瑞期货,2025-12-24,CU2609,513,826
铜冠金源,2026-09-03,CU2609,2305,1265
铜冠金源,2026-09-03,CU2612,1655,1563
铜冠金源,2026-09-03,CU2702,,1952
铜冠金源,2026-09-03,CU2610,,5934
铜冠金源,2026-09-03,CU2701,,512
铜冠金源,2026-09-03,CU2611,,
铜冠金源,2026-09-02,CU2609,2485,
铜冠金源,2026-09-02,CU2612,1654,1522
铜冠金源,2026-09-02,CU2702,,1908
铜冠金源,2026-09-02,CU2610,,6457
铜冠金源,2026-09-02,CU2701,,511
铜冠金源,2026-09-01,CU2609,2815,
铜冠金源,2026-09-01,CU2612,1659,1603
铜冠金源,2026-09-01,CU2702,,1908
铜冠金源,2026-09-01,CU2610,,6928
铜冠金源,2026-09-01,CU2701,,512
铜冠金源,2026-08-31,CU2609,3200,
铜冠金源,2026-08-31,CU2612,1658,1586
铜冠金源,2026-08-31,CU2702,,1908
铜冠金源,2026-08-31,CU2610,,6516
铜冠金源,2026-08-31,CU2701,,512
铜冠金源,2026-08-28,CU2609,3731,
铜冠金源,2026-08-28,CU2612,1650,1568
铜冠金源,2026-08-28,CU2702,,1907
铜冠金源,2026-08-28,CU2610,,5925
铜冠金源,2026-08-28,CU2701,,511
铜冠金源,2026-08-27,CU2609,3827,
铜冠金源,2026-08-27,CU2612,1669,1560
铜冠金源,2026-08-27,CU2702,,1908
铜冠金源,2026-08-27,CU2610,,5363
铜冠金源,2026-08-27,CU2701,,513
铜冠金源,2026-08-26,CU2609,4093,1475
铜冠金源,2026-08-26,CU2612,1662,1560
铜冠金源,2026-08-26,CU2610,,4931
铜冠金源,2026-08-26,CU2701,,469
铜冠金源,2026-08-25,CU2609,3689,2066
铜冠金源,2026-08-25,CU2612,1625,1523
铜冠金源,2026-08-25,CU2611,1032,
铜冠金源,2026-08-25,CU2610,,4178
铜冠金源,2026-08-25,CU2701,,468
铜冠金源,2026-08-24,CU2609,4351,2125
铜冠金源,2026-08-24,CU2612,1630,1516
铜冠金源,2026-08-24,CU2611,1256,
铜冠金源,2026-08-24,CU2610,,3467
铜冠金源,2026-08-24,CU2701,,247
铜冠金源,2026-08-21,CU2609,4252,
铜冠金源,2026-08-21,CU2611,1472,
铜冠金源,2026-08-21,CU2612,1641,1493
铜冠金源,2026-08-21,CU2610,,2948
铜冠金源,2026-08-20,CU2609,4551,
铜冠金源,2026-08-20,CU2611,1972,
铜冠金源,2026-08-20,CU2612,1668,1372
铜冠金源,2026-08-20,CU2610,,2555
铜冠金源,2026-08-19,CU2609,5419,
铜冠金源,2026-08-19,CU2611,2188,
铜冠金源,2026-08-19,CU2612,1657,1332
铜冠金源,2026-08-19,CU2610,,2548
铜冠金源,2026-08-18,CU2611,2154,
铜冠金源,2026-08-18,CU2609,5062,3287
铜冠金源,2026-08-18,CU2612,1660,1333
铜冠金源,2026-08-18,CU2610,,2401
铜冠金源,2026-08-17,CU2611,2130,
铜冠金源,2026-08-17,CU2609,5025,4112
铜冠金源,2026-08-17,CU2612,1654,1395
铜冠金源,2026-08-14,CU2611,2207,
铜冠金源,2026-08-14,CU2609,6369,3956
铜冠金源,2026-08-14,CU2612,1660,1346
铜冠金源,2026-08-13,CU2611,2330,
铜冠金源,2026-08-13,CU2609,6464,4123
铜冠金源,2026-08-13,CU2612,1673,1331
铜冠金源,2026-08-12,CU2611,2709,
铜冠金源,2026-08-12,CU2609,5293,4346
铜冠金源,2026-08-12,CU2612,1677,1376
铜冠金源,2026-08-12,CU2610,2010,
铜冠金源,2026-08-11,CU2611,2704,
铜冠金源,2026-08-11,CU2609,5480,4105
铜冠金源,2026-08-11,CU2612,1690,1380
铜冠金源,2026-08-11,CU2610,2200,
铜冠金源,2026-08-10,CU2611,2711,
铜冠金源,2026-08-10,CU2609,5856,4094
铜冠金源,2026-08-10,CU2612,1701,1381
铜冠金源,2026-08-10,CU2610,2196,
铜冠金源,2026-08-07,CU2611,2641,
铜冠金源,2026-08-07,CU2609,5730,4101
铜冠金源,2026-08-07,CU2612,1697,1375
铜冠金源,2026-08-07,CU2610,2193,
铜冠金源,2026-08-06,CU2611,2637,
铜冠金源,2026-08-06,CU2609,4297,4265
铜冠金源,2026-08-06,CU2612,1704,1375
铜冠金源,2026-08-06,CU2610,2193,
铜冠金源,2026-08-05,CU2611,2606,
铜冠金源,2026-08-05,CU2609,4346,4435
铜冠金源,2026-08-05,CU2612,1718,1384
铜冠金源,2026-08-05,CU2610,2309,
铜冠金源,2026-08-04,CU2611,2587,
铜冠金源,2026-08-04,CU2612,1729,1350
铜冠金源,2026-08-04,CU2609,4154,4499
铜冠金源,2026-08-04,CU2610,2264,
铜冠金源,2026-08-03,CU2611,2645,
铜冠金源,2026-08-03,CU2609,4052,4633
铜冠金源,2026-08-03,CU2612,1729,1339
铜冠金源,2026-08-03,CU2610,2237,
铜冠金源,2026-07-31,CU2611,2669,
铜冠金源,2026-07-31,CU2612,1733,1285
铜冠金源,2026-07-31,CU2609,4047,4842
铜冠金源,2026-07-31,CU2610,2156,1609
铜冠金源,2026-07-30,CU2611,3529,
铜冠金源,2026-07-30,CU2609,4266,4723
铜冠金源,2026-07-30,CU2612,1741,1245
铜冠金源,2026-07-30,CU2610,2172,1434
铜冠金源,2026-07-29,CU2611,3460,
铜冠金源,2026-07-29,CU2609,4151,4636
铜冠金源,2026-07-29,CU2612,1757,1265
铜冠金源,2026-07-29,CU2610,2158,1361
铜冠金源,2026-07-28,CU2611,3117,
铜冠金源,2026-07-28,CU2609,4412,4905
铜冠金源,2026-07-28,CU2612,1761,1246
铜冠金源,2026-07-28,CU2610,2162,1375
铜冠金源,2026-07-28,CU2701,,155
铜冠金源,2026-07-27,CU2611,2319,
铜冠金源,2026-07-27,CU2609,4383,5420
铜冠金源,2026-07-27,CU2612,1765,1246
铜冠金源,2026-07-27,CU2610,1718,
铜冠金源,2026-07-27,CU2701,,155
铜冠金源,2026-07-24,CU2611,1832,
铜冠金源,2026-07-24,CU2609,4569,4942
铜冠金源,2026-07-24,CU2612,1771,1250
铜冠金源,2026-07-24,CU2610,1700,
铜冠金源,2026-07-24,CU2701,,155
铜冠金源,2026-07-23,CU2611,1565,
铜冠金源,2026-07-23,CU2612,1771,1316
铜冠金源,2026-07-23,CU2609,4394,4923
铜冠金源,2026-07-23,CU2610,1677,
铜冠金源,2026-07-23,CU2701,306,157
铜冠金源,2026-07-22,CU2611,1511,
铜冠金源,2026-07-22,CU2612,1778,1290
铜冠金源,2026-07-22,CU2609,4388,4700
铜冠金源,2026-07-22,CU2610,1658,
铜冠金源,2026-07-22,CU2701,306,157
铜冠金源,2026-07-21,CU2611,1526,
铜冠金源,2026-07-21,CU2612,1798,1301
铜冠金源,2026-07-21,CU2609,4388,3912
铜冠金源,2026-07-21,CU2610,1593,
铜冠金源,2026-07-21,CU2701,306,157
铜冠金源,2026-07-20,CU2611,1778,
铜冠金源,2026-07-20,CU2609,4439,2890
铜冠金源,2026-07-20,CU2612,1826,1255
铜冠金源,2026-07-20,CU2610,1598,
铜冠金源,2026-07-20,CU2701,306,155
铜冠金源,2026-07-17,CU2611,1795,
铜冠金源,2026-07-17,CU2609,4411,
铜冠金源,2026-07-17,CU2612,1829,1260
铜冠金源,2026-07-17,CU2610,1604,
铜冠金源,2026-07-17,CU2701,306,155
铜冠金源,2026-07-16,CU2611,1409,
铜冠金源,2026-07-16,CU2612,1819,1175
铜冠金源,2026-07-16,CU2609,4504,
铜冠金源,2026-07-16,CU2610,1569,
铜冠金源,2026-07-16,CU2701,306,156
铜冠金源,2026-07-15,CU2611,1316,
铜冠金源,2026-07-15,CU2612,1819,1140
铜冠金源,2026-07-15,CU2609,4504,
铜冠金源,2026-07-15,CU2610,1599,
铜冠金源,2026-07-15,CU2701,276,156
铜冠金源,2026-07-14,CU2611,1197,
铜冠金源,2026-07-14,CU2612,1819,1102
铜冠金源,2026-07-14,CU2609,5085,
铜冠金源,2026-07-14,CU2610,1451,
铜冠金源,2026-07-14,CU2701,276,156
铜冠金源,2026-07-13,CU2611,1194,
铜冠金源,2026-07-13,CU2612,1819,1055
铜冠金源,2026-07-13,CU2609,5375,
铜冠金源,2026-07-13,CU2610,1481,
铜冠金源,2026-07-13,CU2701,276,155
铜冠金源,2026-07-10,CU2611,1146,135
铜冠金源,2026-07-10,CU2612,1805,1055
铜冠金源,2026-07-10,CU2609,5249,
铜冠金源,2026-07-10,CU2610,1404,
铜冠金源,2026-07-10,CU2701,276,155
铜冠金源,2026-07-09,CU2611,1147,122
铜冠金源,2026-07-09,CU2609,5278,
铜冠金源,2026-07-09,CU2612,1704,1055
铜冠金源,2026-07-09,CU2610,1427,
铜冠金源,2026-07-09,CU2701,281,155
铜冠金源,2026-07-08,CU2611,1147,
铜冠金源,2026-07-08,CU2609,5134,
铜冠金源,2026-07-08,CU2612,1504,1055
铜冠金源,2026-07-08,CU2610,1426,
铜冠金源,2026-07-08,CU2701,278,155
铜冠金源,2026-07-07,CU2609,5040,
铜冠金源,2026-07-07,CU2611,1147,
铜冠金源,2026-07-07,CU2612,1398,1055
铜冠金源,2026-07-07,CU2610,1432,
铜冠金源,2026-07-07,CU2701,273,155
铜冠金源,2026-07-06,CU2609,4884,
铜冠金源,2026-07-06,CU2611,1147,
铜冠金源,2026-07-06,CU2610,1440,
铜冠金源,2026-07-06,CU2612,1224,1055
铜冠金源,2026-07-06,CU2701,270,155
铜冠金源,2026-07-03,CU2609,4797,
铜冠金源,2026-07-03,CU2611,1146,
铜冠金源,2026-07-03,CU2610,1394,
铜冠金源,2026-07-03,CU2701,271,155
铜冠金源,2026-07-03,CU2612,731,1054
铜冠金源,2026-07-02,CU2609,4822,
铜冠金源,2026-07-02,CU2611,1146,
铜冠金源,2026-07-02,CU2610,1392,
铜冠金源,2026-07-02,CU2701,293,161
铜冠金源,2026-07-02,CU2612,,1054
铜冠金源,2026-07-01,CU2609,4817,
铜冠金源,2026-07-01,CU2611,1146,
铜冠金源,2026-07-01,CU2610,1397,
铜冠金源,2026-07-01,CU2701,291,155
铜冠金源,2026-07-01,CU2612,,1054
铜冠金源,2026-06-30,CU2609,4820,
铜冠金源,2026-06-30,CU2611,1146,
铜冠金源,2026-06-30,CU2610,1358,
铜冠金源,2026-06-30,CU2701,291,155
铜冠金源,2026-06-30,CU2612,,1054
铜冠金源,2026-06-29,CU2609,4811,
铜冠金源,2026-06-29,CU2611,1147,
铜冠金源,2026-06-29,CU2610,1343,
铜冠金源,2026-06-29,CU2612,,1054
铜冠金源,2026-06-26,CU2609,4869,
铜冠金源,2026-06-26,CU2611,1146,
铜冠金源,2026-06-26,CU2610,1356,
铜冠金源,2026-06-26,CU2612,,1054
铜冠金源,2026-06-25,CU2609,4830,
铜冠金源,2026-06-25,CU2611,1165,
铜冠金源,2026-06-25,CU2610,1348,
铜冠金源,2026-06-25,CU2612,,1054
铜冠金源,2026-06-24,CU2609,4780,
铜冠金源,2026-06-24,CU2611,1145,
铜冠金源,2026-06-24,CU2610,1315,
铜冠金源,2026-06-24,CU2612,,1052
铜冠金源,2026-06-23,CU2609,4755,
铜冠金源,2026-06-23,CU2611,1145,
铜冠金源,2026-06-23,CU2610,1305,
铜冠金源,2026-06-23,CU2612,,1052
铜冠金源,2026-06-22,CU2609,4734,
铜冠金源,2026-06-22,CU2611,1145,
铜冠金源,2026-06-22,CU2610,1233,
铜冠金源,2026-06-22,CU2612,,1052
铜冠金源,2026-06-18,CU2609,4765,
铜冠金源,2026-06-18,CU2611,1145,
铜冠金源,2026-06-18,CU2610,1185,
铜冠金源,2026-06-18,CU2612,,1052
铜冠金源,2026-06-17,CU2609,4702,
铜冠金源,2026-06-17,CU2611,1145,
铜冠金源,2026-06-17,CU2610,1159,
铜冠金源,2026-06-17,CU2612,,1053
铜冠金源,2026-06-16,CU2609,4705,
铜冠金源,2026-06-16,CU2611,1145,
铜冠金源,2026-06-16,CU2610,1138,
铜冠金源,2026-06-16,CU2612,,1053
铜冠金源,2026-06-15,CU2609,4667,1306
铜冠金源,2026-06-15,CU2611,1145,
铜冠金源,2026-06-15,CU2610,1124,
铜冠金源,2026-06-15,CU2612,,1053
铜冠金源,2026-06-12,CU2609,4679,1288
铜冠金源,2026-06-12,CU2611,1145,
铜冠金源,2026-06-12,CU2610,1097,
铜冠金源,2026-06-12,CU2612,,1053
铜冠金源,2026-06-11,CU2609,4703,1194
铜冠金源,2026-06-11,CU2611,1145,
铜冠金源,2026-06-11,CU2610,1099,
铜冠金源,2026-06-11,CU2612,,1053
铜冠金源,2026-06-10,CU2609,4639,1247
铜冠金源,2026-06-10,CU2611,900,
铜冠金源,2026-06-10,CU2610,997,
铜冠金源,2026-06-10,CU2612,,1053
铜冠金源,2026-06-09,CU2609,4521,1287
铜冠金源,2026-06-09,CU2611,725,
铜冠金源,2026-06-09,CU2610,817,
铜冠金源,2026-06-09,CU2612,,1053
铜冠金源,2026-06-08,CU2609,4533,1261
铜冠金源,2026-06-08,CU2610,777,
铜冠金源,2026-06-08,CU2611,485,
铜冠金源,2026-06-08,CU2612,,1053
铜冠金源,2026-06-05,CU2609,4468,1427
铜冠金源,2026-06-05,CU2610,587,
铜冠金源,2026-06-05,CU2612,,1112
铜冠金源,2026-06-04,CU2609,4233,1370
铜冠金源,2026-06-04,CU2610,586,
铜冠金源,2026-06-04,CU2612,,1112
铜冠金源,2026-06-03,CU2609,3669,1478
铜冠金源,2026-06-03,CU2610,510,
铜冠金源,2026-06-03,CU2612,,1113
铜冠金源,2026-06-02,CU2609,3354,1445
铜冠金源,2026-06-02,CU2610,510,
铜冠金源,2026-06-02,CU2612,,1160
铜冠金源,2026-06-01,CU2609,3401,
铜冠金源,2026-06-01,CU2610,511,
铜冠金源,2026-06-01,CU2612,,1159
铜冠金源,2026-05-29,CU2609,3368,
铜冠金源,2026-05-29,CU2612,,1159
铜冠金源,2026-05-28,CU2609,3360,
铜冠金源,2026-05-28,CU2612,,1159
铜冠金源,2026-05-27,CU2609,3212,
铜冠金源,2026-05-27,CU2612,,1159
铜冠金源,2026-05-26,CU2609,3183,
铜冠金源,2026-05-26,CU2612,,1159
铜冠金源,2026-05-25,CU2609,2223,1286
铜冠金源,2026-05-25,CU2612,,1159
铜冠金源,2026-05-22,CU2609,2225,1200
铜冠金源,2026-05-22,CU2612,,1158
铜冠金源,2026-05-22,CU2610,,
铜冠金源,2026-05-21,CU2609,1784,1100
铜冠金源,2026-05-21,CU2612,,1212
铜冠金源,2026-05-20,CU2609,1693,1092
铜冠金源,2026-05-20,CU2612,,1212
铜冠金源,2026-05-19,CU2609,1668,1162
铜冠金源,2026-05-19,CU2612,,1212
铜冠金源,2026-05-18,CU2612,,1212
铜冠金源,2026-05-18,CU2609,,1129
铜冠金源,2026-05-15,CU2612,,1212
铜冠金源,2026-05-15,CU2609,,1115
铜冠金源,2026-05-15,CU2610,,119
铜冠金源,2026-05-14,CU2612,442,1212
铜冠金源,2026-05-14,CU2609,,1239
铜冠金源,2026-05-13,CU2612,841,1214
铜冠金源,2026-05-13,CU2609,,1280
铜冠金源,2026-05-12,CU2612,840,1214
铜冠金源,2026-05-12,CU2609,1015,1241
铜冠金源,2026-05-12,CU2610,,125
铜冠金源,2026-05-11,CU2612,839,1111
铜冠金源,2026-05-11,CU2609,1048,1143
铜冠金源,2026-05-11,CU2610,,125
铜冠金源,2026-05-08,CU2612,847,1100
铜冠金源,2026-05-08,CU2609,1047,
铜冠金源,2026-05-08,CU2610,,125
铜冠金源,2026-05-07,CU2612,856,1010
铜冠金源,2026-05-07,CU2609,1075,
铜冠金源,2026-05-07,CU2610,,157
铜冠金源,2026-05-06,CU2612,858,970
铜冠金源,2026-05-06,CU2609,1099,
铜冠金源,2026-05-06,CU2610,,158
铜冠金源,2026-04-30,CU2612,855,950
铜冠金源,2026-04-30,CU2609,1178,
铜冠金源,2026-04-30,CU2610,,158
铜冠金源,2026-04-29,CU2612,844,940
铜冠金源,2026-04-29,CU2609,1165,
铜冠金源,2026-04-29,CU2610,,158
铜冠金源,2026-04-28,CU2612,744,935
铜冠金源,2026-04-28,CU2609,1127,
铜冠金源,2026-04-27,CU2612,748,925
铜冠金源,2026-04-27,CU2609,1133,244
铜冠金源,2026-04-24,CU2609,1233,223
铜冠金源,2026-04-24,CU2612,793,930
铜冠金源,2026-04-23,CU2612,1150,930
铜冠金源,2026-04-23,CU2609,1244,
铜冠金源,2026-04-22,CU2612,992,918
铜冠金源,2026-04-22,CU2609,1257,
铜冠金源,2026-04-21,CU2612,1107,918
铜冠金源,2026-04-21,CU2609,1271,
铜冠金源,2026-04-20,CU2612,948,918
铜冠金源,2026-04-20,CU2609,1260,
铜冠金源,2026-04-17,CU2612,922,918
铜冠金源,2026-04-17,CU2609,1248,
铜冠金源,2026-04-16,CU2612,922,915
铜冠金源,2026-04-16,CU2609,1247,
铜冠金源,2026-04-15,CU2612,952,904
铜冠金源,2026-04-15,CU2609,1245,
铜冠金源,2026-04-14,CU2612,1409,892
铜冠金源,2026-04-14,CU2609,1246,
铜冠金源,2026-04-13,CU2612,1488,892
铜冠金源,2026-04-13,CU2609,1247,
铜冠金源,2026-04-10,CU2612,832,922
铜冠金源,2026-04-10,CU2609,1247,
铜冠金源,2026-04-09,CU2612,834,963
铜冠金源,2026-04-09,CU2609,1129,
铜冠金源,2026-04-08,CU2612,796,972
铜冠金源,2026-04-08,CU2609,1056,
铜冠金源,2026-04-07,CU2612,794,1023
铜冠金源,2026-04-07,CU2609,1051,
铜冠金源,2026-04-03,CU2612,1150,1148
铜冠金源,2026-04-03,CU2609,1056,
铜冠金源,2026-04-02,CU2612,1430,1146
铜冠金源,2026-04-02,CU2609,1055,
铜冠金源,2026-04-01,CU2612,1243,1162
铜冠金源,2026-04-01,CU2609,1049,
铜冠金源,2026-03-31,CU2612,1216,1163
铜冠金源,2026-03-31,CU2609,1050,232
铜冠金源,2026-03-30,CU2612,912,1174
铜冠金源,2026-03-30,CU2609,1031,232
铜冠金源,2026-03-27,CU2612,1036,1191
铜冠金源,2026-03-27,CU2609,1028,232
铜冠金源,2026-03-26,CU2612,834,1186
铜冠金源,2026-03-26,CU2609,1028,238
铜冠金源,2026-03-25,CU2612,703,1184
铜冠金源,2026-03-25,CU2609,1033,242
铜冠金源,2026-03-24,CU2609,1031,243
铜冠金源,2026-03-24,CU2612,611,1191
铜冠金源,2026-03-23,CU2609,1027,263
铜冠金源,2026-03-23,CU2612,499,1209
铜冠金源,2026-03-20,CU2609,1023,277
铜冠金源,2026-03-20,CU2612,334,1202
铜冠金源,2026-03-19,CU2609,1022,287
铜冠金源,2026-03-19,CU2612,,1202
铜冠金源,2026-03-18,CU2609,1024,315
铜冠金源,2026-03-18,CU2612,,1195
铜冠金源,2026-03-17,CU2609,1021,315
铜冠金源,2026-03-17,CU2612,,1195
铜冠金源,2026-03-16,CU2609,1022,315
铜冠金源,2026-03-16,CU2612,,1196
铜冠金源,2026-03-13,CU2609,1021,316
铜冠金源,2026-03-13,CU2612,,1200
铜冠金源,2026-03-12,CU2609,1013,316
铜冠金源,2026-03-11,CU2609,1013,314
铜冠金源,2026-03-10,CU2609,1011,314
铜冠金源,2026-03-09,CU2609,1024,314
铜冠金源,2026-03-06,CU2609,1012,334
铜冠金源,2026-03-05,CU2609,1009,364
铜冠金源,2026-03-04,CU2609,1007,364
铜冠金源,2026-03-03,CU2609,1006,364
铜冠金源,2026-03-02,CU2609,1006,364
铜冠金源,2026-02-27,CU2609,1015,374
铜冠金源,2026-02-26,CU2609,1015,384
铜冠金源,2026-02-25,CU2609,1014,384
铜冠金源,2026-02-24,CU2609,1015,370
铜冠金源,2026-02-13,CU2609,1015,425
铜冠金源,2026-02-12,CU2609,1014,457
铜冠金源,2026-02-11,CU2609,1015,458
铜冠金源,2026-02-10,CU2609,1015,475
铜冠金源,2026-02-09,CU2609,1015,490
铜冠金源,2026-02-06,CU2609,1015,532
铜冠金源,2026-02-05,CU2609,1015,601
铜冠金源,2026-02-04,CU2609,1013,617
铜冠金源,2026-02-03,CU2609,1011,620
铜冠金源,2026-02-02,CU2609,1010,670
铜冠金源,2026-01-30,CU2609,1018,760
铜冠金源,2026-01-29,CU2609,1005,813
铜冠金源,2026-01-28,CU2609,1005,851
铜冠金源,2026-01-27,CU2609,1002,851
铜冠金源,2026-01-26,CU2609,1002,771
铜冠金源,2026-01-23,CU2609,1001,759
铜冠金源,2026-01-22,CU2609,1001,679
铜冠金源,2026-01-21,CU2609,1001,660
铜冠金源,2026-01-20,CU2609,1006,664
铜冠金源,2026-01-19,CU2609,1007,664
铜冠金源,2026-01-16,CU2609,1001,661
铜冠金源,2026-01-15,CU2609,1001,597
铜冠金源,2026-01-14,CU2609,1000,575
铜冠金源,2026-01-13,CU2609,1000,568
铜冠金源,2026-01-12,CU2609,1060,568
铜冠金源,2026-01-09,CU2609,965,572
铜冠金源,2026-01-08,CU2609,765,571
铜冠金源,2026-01-07,CU2609,267,560
铜冠金源,2026-01-06,CU2609,,558
铜冠金源,2026-01-05,CU2609,,558
铜冠金源,2025-12-31,CU2609,,560
铜冠金源,2025-12-30,CU2609,,558
铜冠金源,2025-12-29,CU2609,,565
铜冠金源,2025-12-26,CU2609,,559
铜冠金源,2025-12-25,CU2609,,562
铜冠金源,2025-12-24,CU2609,,559
中信期货,2026-09-03,CU2610,27509,17775
中信期货,2026-09-03,CU2612,6499,11278
中信期货,2026-09-03,CU2611,19191,13040
中信期货,2026-09-03,CU2701,3326,11695
中信期货,2026-09-03,CU2703,2031,10293
中信期货,2026-09-03,CU2609,5530,3470
中信期货,2026-09-03,CU2702,1746,6624
中信期货,2026-09-02,CU2610,28011,18357
中信期货,2026-09-02,CU2611,18964,13296
中信期货,2026-09-02,CU2612,6734,11512
中信期货,2026-09-02,CU2703,1986,10261
中信期货,2026-09-02,CU2701,3308,11793
中信期货,2026-09-02,CU2609,5570,3845
中信期货,2026-09-02,CU2702,1738,6614
中信期货,2026-09-01,CU2610,29553,18758
中信期货,2026-09-01,CU2611,19841,12890
中信期货,2026-09-01,CU2612,6568,10985
中信期货,2026-09-01,CU2701,3264,11555
中信期货,2026-09-01,CU2703,1917,8649
中信期货,2026-09-01,CU2609,5955,3960
中信期货,2026-09-01,CU2702,1740,6610
中信期货,2026-08-31,CU2610,31168,19047
中信期货,2026-08-31,CU2611,17741,11711
中信期货,2026-08-31,CU2612,6662,10987
中信期货,2026-08-31,CU2702,1745,6599
中信期货,2026-08-31,CU2703,1911,8634
中信期货,2026-08-31,CU2701,3225,10968
中信期货,2026-08-31,CU2609,6490,4471
中信期货,2026-08-28,CU2611,17124,10934
中信期货,2026-08-28,CU2610,31522,19732
中信期货,2026-08-28,CU2701,3197,10964
中信期货,2026-08-28,CU2612,6567,10949
中信期货,2026-08-28,CU2702,1728,6585
中信期货,2026-08-28,CU2703,1920,8650
中信期货,2026-08-28,CU2609,8502,4778
中信期货,2026-08-27,CU2610,32404,19307
中信期货,2026-08-27,CU2611,14283,9456
中信期货,2026-08-27,CU2702,1714,6484
中信期货,2026-08-27,CU2701,3199,9605
中信期货,2026-08-27,CU2612,5920,10682
中信期货,2026-08-27,CU2703,1873,8639
中信期货,2026-08-27,CU2609,9229,5828
中信期货,2026-08-26,CU2610,34873,19263
中信期货,2026-08-26,CU2611,11549,9426
中信期货,2026-08-26,CU2612,5755,10560
中信期货,2026-08-26,CU2701,3165,8595
中信期货,2026-08-26,CU2703,1868,8647
中信期货,2026-08-26,CU2609,10078,7476
中信期货,2026-08-25,CU2610,36719,18598
中信期货,2026-08-25,CU2611,8098,9164
中信期货,2026-08-25,CU2612,5516,10295
中信期货,2026-08-25,CU2701,3148,8601
中信期货,2026-08-25,CU2703,1866,8653
中信期货,2026-08-25,CU2609,10544,8291
中信期货,2026-08-24,CU2610,34041,16849
中信期货,2026-08-24,CU2611,7025,8815
中信期货,2026-08-24,CU2612,5401,10396
中信期货,2026-08-24,CU2701,3148,8591
中信期货,2026-08-24,CU2703,1869,8641
中信期货,2026-08-24,CU2609,13128,11692
中信期货,2026-08-21,CU2611,6028,9584
中信期货,2026-08-21,CU2610,32260,16992
中信期货,2026-08-21,CU2612,5360,11358
中信期货,2026-08-21,CU2701,3012,8524
中信期货,2026-08-21,CU2703,1866,8643
中信期货,2026-08-21,CU2609,16663,12373
中信期货,2026-08-20,CU2610,29741,16201
中信期货,2026-08-20,CU2611,5532,8975
中信期货,2026-08-20,CU2612,5545,11465
中信期货,2026-08-20,CU2701,2950,8514
中信期货,2026-08-20,CU2703,1761,8636
中信期货,2026-08-20,CU2609,18582,14671
中信期货,2026-08-19,CU2610,30132,17008
中信期货,2026-08-19,CU2611,5556,8875
中信期货,2026-08-19,CU2612,5601,11336
中信期货,2026-08-19,CU2701,2914,8535
中信期货,2026-08-19,CU2703,1754,8555
中信期货,2026-08-19,CU2609,19962,16847
中信期货,2026-08-18,CU2701,2902,8578
中信期货,2026-08-18,CU2612,5591,11223
中信期货,2026-08-18,CU2611,5360,8514
中信期货,2026-08-18,CU2703,1749,8551
中信期货,2026-08-18,CU2610,30501,17049
中信期货,2026-08-18,CU2609,22066,17923
中信期货,2026-08-17,CU2612,5288,11211
中信期货,2026-08-17,CU2610,31536,18845
中信期货,2026-08-17,CU2701,2667,8501
中信期货,2026-08-17,CU2611,4933,8352
中信期货,2026-08-17,CU2703,1733,8546
中信期货,2026-08-17,CU2609,24411,18739
中信期货,2026-08-14,CU2611,4735,7552
中信期货,2026-08-14,CU2612,5304,11105
中信期货,2026-08-14,CU2703,1735,8547
中信期货,2026-08-14,CU2701,2663,8525
中信期货,2026-08-14,CU2610,30322,16899
中信期货,2026-08-14,CU2609,24753,18455
中信期货,2026-08-13,CU2703,1725,8545
中信期货,2026-08-13,CU2609,26271,19212
中信期货,2026-08-13,CU2611,4260,7523
中信期货,2026-08-13,CU2612,5304,10996
中信期货,2026-08-13,CU2701,2669,8524
中信期货,2026-08-13,CU2610,29108,17573
中信期货,2026-08-12,CU2611,3764,7472
中信期货,2026-08-12,CU2701,2719,8509
中信期货,2026-08-12,CU2703,1715,7838
中信期货,2026-08-12,CU2612,5279,10880
中信期货,2026-08-12,CU2610,29333,16923
中信期货,2026-08-12,CU2609,25246,19119
中信期货,2026-08-11,CU2609,26308,19635
中信期货,2026-08-11,CU2611,3736,7472
中信期货,2026-08-11,CU2612,5250,10821
中信期货,2026-08-11,CU2701,2701,8503
中信期货,2026-08-11,CU2703,1613,7661
中信期货,2026-08-11,CU2610,27843,16757
中信期货,2026-08-10,CU2609,26849,19694
中信期货,2026-08-10,CU2611,3613,7466
中信期货,2026-08-10,CU2612,5190,10625
中信期货,2026-08-10,CU2701,2702,8395
中信期货,2026-08-10,CU2703,1593,7763
中信期货,2026-08-10,CU2610,26162,15064
中信期货,2026-08-07,CU2611,3488,7474
中信期货,2026-08-07,CU2612,5168,10534
中信期货,2026-08-07,CU2701,2693,8398
中信期货,2026-08-07,CU2703,1581,7768
中信期货,2026-08-07,CU2610,25523,14862
中信期货,2026-08-07,CU2609,26572,20191
中信期货,2026-08-06,CU2609,27101,20756
中信期货,2026-08-06,CU2611,3417,8304
中信期货,2026-08-06,CU2701,2702,8399
中信期货,2026-08-06,CU2612,5130,10538
中信期货,2026-08-06,CU2703,1583,7804
中信期货,2026-08-06,CU2610,24749,13159
中信期货,2026-08-05,CU2701,2696,8395
中信期货,2026-08-05,CU2611,3045,8004
中信期货,2026-08-05,CU2612,5101,10497
中信期货,2026-08-05,CU2703,1582,7798
中信期货,2026-08-05,CU2610,22980,11563
中信期货,2026-08-05,CU2609,26275,21796
中信期货,2026-08-04,CU2609,26411,22546
中信期货,2026-08-04,CU2612,5105,10277
中信期货,2026-08-04,CU2611,2942,7798
中信期货,2026-08-04,CU2701,2565,8362
中信期货,2026-08-04,CU2703,1585,7806
中信期货,2026-08-04,CU2610,20982,12141
中信期货,2026-08-03,CU2611,2794,7571
中信期货,2026-08-03,CU2612,5257,10281
中信期货,2026-08-03,CU2701,2389,8365
中信期货,2026-08-03,CU2703,1612,7825
中信期货,2026-08-03,CU2610,19459,11216
中信期货,2026-08-03,CU2609,25192,22272
中信期货,2026-07-31,CU2609,25467,21429
中信期货,2026-07-31,CU2703,1616,7855
中信期货,2026-07-31,CU2612,5340,10225
中信期货,2026-07-31,CU2610,17789,12590
中信期货,2026-07-31,CU2701,2356,8363
中信期货,2026-07-31,CU2611,2534,7486
中信期货,2026-07-30,CU2610,17503,14798
中信期货,2026-07-30,CU2609,25952,21585
中信期货,2026-07-30,CU2612,5305,10305
中信期货,2026-07-30,CU2703,1729,7836
中信期货,2026-07-30,CU2701,2239,8358
中信期货,2026-07-30,CU2611,2448,7452
中信期货,2026-07-29,CU2610,14748,12526
中信期货,2026-07-29,CU2609,27691,21352
中信期货,2026-07-29,CU2612,5285,10346
中信期货,2026-07-29,CU2703,1720,7837
中信期货,2026-07-29,CU2701,2200,8356
中信期货,2026-07-29,CU2611,2311,6232
中信期货,2026-07-28,CU2609,29287,22710
中信期货,2026-07-28,CU2612,5169,10196
中信期货,2026-07-28,CU2703,1717,7840
中信期货,2026-07-28,CU2610,12445,10455
中信期货,2026-07-28,CU2701,2092,8351
中信期货,2026-07-28,CU2611,2275,5813
中信期货,2026-07-27,CU2609,30426,23058
中信期货,2026-07-27,CU2610,10729,10905
中信期货,2026-07-27,CU2612,5073,10216
中信期货,2026-07-27,CU2703,1754,7835
中信期货,2026-07-27,CU2701,1971,8342
中信期货,2026-07-27,CU2611,2205,5715
中信期货,2026-07-24,CU2609,30940,23238
中信期货,2026-07-24,CU2612,5063,10117
中信期货,2026-07-24,CU2703,1756,7836
中信期货,2026-07-24,CU2610,10772,9204
中信期货,2026-07-24,CU2701,1894,8340
中信期货,2026-07-24,CU2611,2234,5729
中信期货,2026-07-23,CU2612,5036,10027
中信期货,2026-07-23,CU2609,30261,23550
中信期货,2026-07-23,CU2703,1757,7842
中信期货,2026-07-23,CU2610,9915,8660
中信期货,2026-07-23,CU2701,1753,8354
中信期货,2026-07-23,CU2611,2263,5679
中信期货,2026-07-22,CU2610,9035,9261
中信期货,2026-07-22,CU2703,1663,7841
中信期货,2026-07-22,CU2609,31332,23981
中信期货,2026-07-22,CU2612,5014,10000
中信期货,2026-07-22,CU2701,1761,8356
中信期货,2026-07-22,CU2611,2260,5795
中信期货,2026-07-21,CU2703,1754,7840
中信期货,2026-07-21,CU2609,29557,22913
中信期货,2026-07-21,CU2610,9324,11180
中信期货,2026-07-21,CU2611,2771,6303
中信期货,2026-07-21,CU2612,4919,9925
中信期货,2026-07-21,CU2701,1679,8344
中信期货,2026-07-20,CU2610,8371,12357
中信期货,2026-07-20,CU2609,28346,20197
中信期货,2026-07-20,CU2611,3021,5795
中信期货,2026-07-20,CU2612,4914,9876
中信期货,2026-07-20,CU2703,2622,7915
中信期货,2026-07-20,CU2701,1726,8350
中信期货,2026-07-17,CU2611,2994,4948
中信期货,2026-07-17,CU2609,26532,17188
中信期货,2026-07-17,CU2612,4969,9862
中信期货,2026-07-17,CU2703,2619,7917
中信期货,2026-07-17,CU2610,7184,12721
中信期货,2026-07-17,CU2701,1719,8347
中信期货,2026-07-16,CU2611,3029,4483
中信期货,2026-07-16,CU2609,26635,16725
中信期货,2026-07-16,CU2612,5026,9918
中信期货,2026-07-16,CU2703,2621,7884
中信期货,2026-07-16,CU2610,6480,12038
中信期货,2026-07-16,CU2701,1619,8363
中信期货,2026-07-15,CU2609,27086,16715
中信期货,2026-07-15,CU2611,3028,4635
中信期货,2026-07-15,CU2612,5173,9882
中信期货,2026-07-15,CU2703,2618,7868
中信期货,2026-07-15,CU2610,6892,11959
中信期货,2026-07-15,CU2701,1614,8373
中信期货,2026-07-14,CU2609,25493,16388
中信期货,2026-07-14,CU2612,5171,9896
中信期货,2026-07-14,CU2611,2946,4616
中信期货,2026-07-14,CU2610,7040,11987
中信期货,2026-07-14,CU2701,1633,8369
中信期货,2026-07-13,CU2609,24697,15889
中信期货,2026-07-13,CU2611,2875,4620
中信期货,2026-07-13,CU2612,5136,10068
中信期货,2026-07-13,CU2610,6500,11593
中信期货,2026-07-13,CU2701,1591,8403
中信期货,2026-07-10,CU2609,23370,16958
中信期货,2026-07-10,CU2610,6139,11431
中信期货,2026-07-10,CU2611,2915,4623
中信期货,2026-07-10,CU2612,5093,9872
中信期货,2026-07-10,CU2701,1573,8390
中信期货,2026-07-09,CU2609,21502,15729
中信期货,2026-07-09,CU2612,5135,10017
中信期货,2026-07-09,CU2611,2958,4632
中信期货,2026-07-09,CU2610,5880,11429
中信期货,2026-07-09,CU2701,1575,8382
中信期货,2026-07-08,CU2611,2913,4632
中信期货,2026-07-08,CU2612,4915,9990
中信期货,2026-07-08,CU2609,20090,15308
中信期货,2026-07-08,CU2610,5500,11125
中信期货,2026-07-08,CU2701,1323,8381
中信期货,2026-07-07,CU2612,4919,10019
中信期货,2026-07-07,CU2609,19767,14616
中信期货,2026-07-07,CU2611,2907,4380
中信期货,2026-07-07,CU2610,5491,11194
中信期货,2026-07-07,CU2701,1318,8384
中信期货,2026-07-06,CU2612,4567,10011
中信期货,2026-07-06,CU2610,5515,11153
中信期货,2026-07-06,CU2611,2874,4470
中信期货,2026-07-06,CU2609,18615,14581
中信期货,2026-07-06,CU2701,1271,8386
中信期货,2026-07-03,CU2610,5556,11068
中信期货,2026-07-03,CU2611,2873,4452
中信期货,2026-07-03,CU2612,4361,10135
中信期货,2026-07-03,CU2609,18006,14230
中信期货,2026-07-03,CU2701,1267,8377
中信期货,2026-07-02,CU2610,5334,10794
中信期货,2026-07-02,CU2612,4394,10105
中信期货,2026-07-02,CU2609,18077,15109
中信期货,2026-07-02,CU2611,2850,4049
中信期货,2026-07-02,CU2701,1291,8536
中信期货,2026-07-01,CU2609,17720,16472
中信期货,2026-07-01,CU2612,4394,10077
中信期货,2026-07-01,CU2610,5341,9611
中信期货,2026-07-01,CU2611,2816,4324
中信期货,2026-07-01,CU2701,1124,8173
中信期货,2026-06-30,CU2610,5359,8565
中信期货,2026-06-30,CU2609,17459,16825
中信期货,2026-06-30,CU2612,3563,10075
中信期货,2026-06-30,CU2611,2920,4221
中信期货,2026-06-30,CU2701,1131,8182
中信期货,2026-06-29,CU2609,17308,17357
中信期货,2026-06-29,CU2612,3577,10073
中信期货,2026-06-29,CU2610,5610,8372
中信期货,2026-06-29,CU2611,2602,4235
中信期货,2026-06-26,CU2610,5471,8266
中信期货,2026-06-26,CU2612,3065,10185
中信期货,2026-06-26,CU2611,2585,4233
中信期货,2026-06-26,CU2609,15603,17488
中信期货,2026-06-25,CU2610,5305,8250
中信期货,2026-06-25,CU2611,2573,4232
中信期货,2026-06-25,CU2612,3081,10136
中信期货,2026-06-25,CU2609,13232,16362
中信期货,2026-06-24,CU2610,4672,8090
中信期货,2026-06-24,CU2612,2980,10180
中信期货,2026-06-24,CU2611,2470,3942
中信期货,2026-06-24,CU2609,11054,15618
中信期货,2026-06-23,CU2610,4377,7975
中信期货,2026-06-23,CU2612,2893,10201
中信期货,2026-06-23,CU2611,2424,3962
中信期货,2026-06-23,CU2609,10335,14158
中信期货,2026-06-22,CU2612,2873,10211
中信期货,2026-06-22,CU2610,4232,7957
中信期货,2026-06-22,CU2611,2470,3951
中信期货,2026-06-22,CU2609,8767,13710
中信期货,2026-06-18,CU2610,4185,7957
中信期货,2026-06-18,CU2612,2866,10501
中信期货,2026-06-18,CU2611,2472,3934
中信期货,2026-06-18,CU2609,8430,13691
中信期货,2026-06-17,CU2610,4188,7871
中信期货,2026-06-17,CU2611,2458,3927
中信期货,2026-06-17,CU2612,2840,10463
中信期货,2026-06-17,CU2609,8230,13541
中信期货,2026-06-16,CU2611,1948,3923
中信期货,2026-06-16,CU2610,4161,7166
中信期货,2026-06-16,CU2612,2834,10446
中信期货,2026-06-16,CU2609,7563,13280
中信期货,2026-06-15,CU2610,4212,7147
中信期货,2026-06-15,CU2612,2823,10532
中信期货,2026-06-15,CU2609,6921,13498
中信期货,2026-06-15,CU2611,1632,3760
中信期货,2026-06-12,CU2610,3906,7161
中信期货,2026-06-12,CU2612,2808,10398
中信期货,2026-06-12,CU2611,1633,3768
中信期货,2026-06-12,CU2609,7000,13176
中信期货,2026-06-11,CU2610,3823,6357
中信期货,2026-06-11,CU2612,2814,10360
中信期货,2026-06-11,CU2609,7271,12930
中信期货,2026-06-11,CU2611,1604,3789
中信期货,2026-06-10,CU2610,3673,5677
中信期货,2026-06-10,CU2612,2752,10358
中信期货,2026-06-10,CU2611,1596,3805
中信期货,2026-06-10,CU2609,6471,11886
中信期货,2026-06-09,CU2610,3684,5460
中信期货,2026-06-09,CU2611,1600,3781
中信期货,2026-06-09,CU2612,2750,10365
中信期货,2026-06-09,CU2609,6503,11746
中信期货,2026-06-08,CU2610,3670,5433
中信期货,2026-06-08,CU2611,1618,3764
中信期货,2026-06-08,CU2612,2751,10320
中信期货,2026-06-08,CU2609,5404,11767
中信期货,2026-06-05,CU2610,3552,3563
中信期货,2026-06-05,CU2612,2759,10440
中信期货,2026-06-05,CU2609,4969,10669
中信期货,2026-06-04,CU2612,2770,10459
中信期货,2026-06-04,CU2610,3542,3580
中信期货,2026-06-04,CU2609,5103,10619
中信期货,2026-06-03,CU2610,3277,3565
中信期货,2026-06-03,CU2612,2580,10465
中信期货,2026-06-03,CU2609,5047,10715
中信期货,2026-06-02,CU2610,3132,3574
中信期货,2026-06-02,CU2612,2476,10467
中信期货,2026-06-02,CU2609,5105,10559
中信期货,2026-06-01,CU2610,2935,3539
中信期货,2026-06-01,CU2612,2500,10445
中信期货,2026-06-01,CU2609,4936,11256
中信期货,2026-05-29,CU2610,2929,3502
中信期货,2026-05-29,CU2612,2481,10434
中信期货,2026-05-29,CU2609,4833,11236
中信期货,2026-05-28,CU2610,2805,3633
中信期货,2026-05-28,CU2612,2494,10430
中信期货,2026-05-28,CU2609,5085,11277
中信期货,2026-05-27,CU2610,2505,3487
中信期货,2026-05-27,CU2612,2496,10439
中信期货,2026-05-27,CU2609,4962,11164
中信期货,2026-05-26,CU2610,2497,3489
中信期货,2026-05-26,CU2612,2449,10442
中信期货,2026-05-26,CU2609,4903,11079
中信期货,2026-05-25,CU2610,2433,3290
中信期货,2026-05-25,CU2612,2416,10239
中信期货,2026-05-25,CU2609,4784,11379
中信期货,2026-05-22,CU2610,2429,3228
中信期货,2026-05-22,CU2612,2374,10246
中信期货,2026-05-22,CU2609,4641,11314
中信期货,2026-05-21,CU2610,2329,3359
中信期货,2026-05-21,CU2612,2361,10270
中信期货,2026-05-21,CU2609,4214,10939
中信期货,2026-05-20,CU2610,2386,3472
中信期货,2026-05-20,CU2612,2373,10282
中信期货,2026-05-20,CU2609,4365,10968
中信期货,2026-05-19,CU2610,2196,3446
中信期货,2026-05-19,CU2612,2356,10150
中信期货,2026-05-19,CU2609,4385,11009
中信期货,2026-05-18,CU2610,2218,3420
中信期货,2026-05-18,CU2612,2339,10152
中信期货,2026-05-18,CU2609,4115,10988
中信期货,2026-05-15,CU2610,2034,3474
中信期货,2026-05-15,CU2612,2347,10187
中信期货,2026-05-15,CU2609,3902,11063
中信期货,2026-05-14,CU2610,2073,3485
中信期货,2026-05-14,CU2612,2389,10210
中信期货,2026-05-14,CU2609,3821,10808
中信期货,2026-05-13,CU2610,2152,3193
中信期货,2026-05-13,CU2612,2370,10369
中信期货,2026-05-13,CU2609,3899,10831
中信期货,2026-05-12,CU2610,2154,3174
中信期货,2026-05-12,CU2612,2509,10351
中信期货,2026-05-12,CU2609,3784,10487
中信期货,2026-05-11,CU2610,2045,3182
中信期货,2026-05-11,CU2612,2484,10391
中信期货,2026-05-11,CU2609,3611,10539
中信期货,2026-05-08,CU2612,2213,10384
中信期货,2026-05-08,CU2610,1859,3180
中信期货,2026-05-08,CU2609,3602,10290
中信期货,2026-05-07,CU2612,2221,10385
中信期货,2026-05-07,CU2610,1789,3197
中信期货,2026-05-07,CU2609,3571,10184
中信期货,2026-05-06,CU2612,2178,10326
中信期货,2026-05-06,CU2610,1901,3164
中信期货,2026-05-06,CU2609,3429,9885
中信期货,2026-04-30,CU2612,2077,10303
中信期货,2026-04-30,CU2610,1853,3114
中信期货,2026-04-30,CU2609,3543,9899
中信期货,2026-04-29,CU2612,2192,10382
中信期货,2026-04-29,CU2610,1748,3118
中信期货,2026-04-29,CU2609,3354,9922
中信期货,2026-04-28,CU2612,2170,10364
中信期货,2026-04-28,CU2609,3146,10036
中信期货,2026-04-27,CU2612,2168,10332
中信期货,2026-04-27,CU2609,3088,10104
中信期货,2026-04-24,CU2612,2165,10329
中信期货,2026-04-24,CU2609,2955,10238
中信期货,2026-04-23,CU2612,2164,10390
中信期货,2026-04-23,CU2609,2920,10147
中信期货,2026-04-22,CU2612,2070,10209
中信期货,2026-04-22,CU2609,2881,10098
中信期货,2026-04-21,CU2612,2030,10194
中信期货,2026-04-21,CU2609,2888,10184
中信期货,2026-04-20,CU2612,2038,10191
中信期货,2026-04-20,CU2609,2887,10232
中信期货,2026-04-17,CU2612,2065,10026
中信期货,2026-04-17,CU2609,2879,10231
中信期货,2026-04-16,CU2609,2968,10166
中信期货,2026-04-16,CU2612,2059,9374
中信期货,2026-04-15,CU2612,2099,9373
中信期货,2026-04-15,CU2609,2845,10075
中信期货,2026-04-14,CU2612,2129,8784
中信期货,2026-04-14,CU2609,2876,10069
中信期货,2026-04-13,CU2609,3275,10004
中信期货,2026-04-13,CU2612,2101,8437
中信期货,2026-04-10,CU2609,3192,9922
中信期货,2026-04-10,CU2612,2108,7950
中信期货,2026-04-09,CU2609,3189,9884
中信期货,2026-04-09,CU2612,2112,7344
中信期货,2026-04-08,CU2609,3296,9888
中信期货,2026-04-08,CU2612,2115,7343
中信期货,2026-04-07,CU2609,3332,9866
中信期货,2026-04-07,CU2612,2120,7343
中信期货,2026-04-03,CU2609,3230,9866
中信期货,2026-04-03,CU2612,2121,7343
中信期货,2026-04-02,CU2609,3239,9866
中信期货,2026-04-02,CU2612,2038,7361
中信期货,2026-04-01,CU2609,3024,8953
中信期货,2026-04-01,CU2612,2040,6967
中信期货,2026-03-31,CU2612,2047,6965
中信期货,2026-03-31,CU2609,2995,8950
中信期货,2026-03-30,CU2612,2013,6662
中信期货,2026-03-30,CU2609,2953,8936
中信期货,2026-03-27,CU2609,2952,8481
中信期货,2026-03-27,CU2612,2009,5820
中信期货,2026-03-26,CU2609,2963,7352
中信期货,2026-03-26,CU2612,2003,5665
中信期货,2026-03-25,CU2612,2015,5462
中信期货,2026-03-25,CU2609,2967,7177
中信期货,2026-03-24,CU2609,2953,7138
中信期货,2026-03-24,CU2612,2015,5329
中信期货,2026-03-23,CU2609,2948,6755
中信期货,2026-03-23,CU2612,1986,5339
中信期货,2026-03-20,CU2612,1961,5210
中信期货,2026-03-20,CU2609,2950,6709
中信期货,2026-03-19,CU2612,1809,4857
中信期货,2026-03-19,CU2609,2853,7183
中信期货,2026-03-18,CU2612,1220,4817
中信期货,2026-03-18,CU2609,2394,6792
中信期货,2026-03-17,CU2612,1219,4774
中信期货,2026-03-17,CU2609,2365,6706
中信期货,2026-03-16,CU2612,1241,4666
中信期货,2026-03-16,CU2609,2361,6758
中信期货,2026-03-13,CU2612,1314,4279
中信期货,2026-03-13,CU2609,2265,6677
中信期货,2026-03-12,CU2609,2243,6700
中信期货,2026-03-11,CU2609,2185,6648
中信期货,2026-03-10,CU2609,2226,6579
中信期货,2026-03-09,CU2609,2171,6591
中信期货,2026-03-06,CU2609,2108,6619
中信期货,2026-03-05,CU2609,2044,5476
中信期货,2026-03-04,CU2609,2028,5456
中信期货,2026-03-03,CU2609,1945,4899
中信期货,2026-03-02,CU2609,1907,4372
中信期货,2026-02-27,CU2609,1915,3893
中信期货,2026-02-26,CU2609,1873,2220
中信期货,2026-02-25,CU2609,1847,2141
中信期货,2026-02-24,CU2609,1761,1492
中信期货,2026-02-13,CU2609,1756,1538
中信期货,2026-02-12,CU2609,1743,1520
中信期货,2026-02-11,CU2609,1740,1521
中信期货,2026-02-10,CU2609,1856,1500
中信期货,2026-02-09,CU2609,1859,1509
中信期货,2026-02-06,CU2609,1866,1501
中信期货,2026-02-05,CU2609,1906,1510
中信期货,2026-02-04,CU2609,1881,1511
中信期货,2026-02-03,CU2609,1869,1508
中信期货,2026-02-02,CU2609,1944,1502
中信期货,2026-01-30,CU2609,1490,1527
中信期货,2026-01-29,CU2609,1588,1609
中信期货,2026-01-28,CU2609,1724,1696
中信期货,2026-01-27,CU2609,1594,1583
中信期货,2026-01-26,CU2609,1573,1586
中信期货,2026-01-23,CU2609,1562,1537
中信期货,2026-01-22,CU2609,1524,1561
中信期货,2026-01-21,CU2609,1557,1599
中信期货,2026-01-20,CU2609,1524,1541
中信期货,2026-01-19,CU2609,1532,1579
中信期货,2026-01-16,CU2609,1470,1490
中信期货,2026-01-15,CU2609,1470,1471
中信期货,2026-01-14,CU2609,1399,1250
中信期货,2026-01-13,CU2609,1387,1242
中信期货,2026-01-12,CU2609,1566,1350
中信期货,2026-01-09,CU2609,1331,1208
中信期货,2026-01-08,CU2609,1376,1209
中信期货,2026-01-07,CU2609,1117,1201
中信期货,2026-01-06,CU2609,1145,1193
中信期货,2026-01-05,CU2609,1079,1042
中信期货,2025-12-31,CU2609,1079,1054
中信期货,2025-12-30,CU2609,1058,1020
中信期货,2025-12-29,CU2609,924,1201
中信期货,2025-12-26,CU2609,1142,1426
中信期货,2025-12-25,CU2609,1128,1421
中信期货,2025-12-24,CU2609,1155,1270
国泰君安,2026-09-03,CU2702,2597,2288
国泰君安,2026-09-03,CU2609,6430,1980
国泰君安,2026-09-03,CU2701,3946,1001
国泰君安,2026-09-03,CU2610,21877,14186
国泰君安,2026-09-03,CU2612,4311,8761
国泰君安,2026-09-03,CU2611,7594,10556
国泰君安,2026-09-03,CU2703,627,2784
国泰君安,2026-09-02,CU2702,2106,2300
国泰君安,2026-09-02,CU2609,5995,2165
国泰君安,2026-09-02,CU2701,4329,937
国泰君安,2026-09-02,CU2612,4191,8947
国泰君安,2026-09-02,CU2610,23535,14685
国泰君安,2026-09-02,CU2611,7200,10812
国泰君安,2026-09-02,CU2703,601,2783
国泰君安,2026-09-01,CU2701,3689,1021
国泰君安,2026-09-01,CU2609,6900,2435
国泰君安,2026-09-01,CU2702,1778,2244
国泰君安,2026-09-01,CU2612,4101,8599
国泰君安,2026-09-01,CU2610,25699,15485
国泰君安,2026-09-01,CU2611,7778,11142
国泰君安,2026-09-01,CU2703,426,2732
国泰君安,2026-08-31,CU2701,3310,1053
国泰君安,2026-08-31,CU2609,7500,2515
国泰君安,2026-08-31,CU2612,4096,9052
国泰君安,2026-08-31,CU2610,24877,15876
国泰君安,2026-08-31,CU2611,7738,10272
国泰君安,2026-08-31,CU2702,1553,2244
国泰君安,2026-08-31,CU2703,433,2736
国泰君安,2026-08-28,CU2610,25362,15460
国泰君安,2026-08-28,CU2611,7601,9684
国泰君安,2026-08-28,CU2702,1716,2217
国泰君安,2026-08-28,CU2701,2785,1125
国泰君安,2026-08-28,CU2609,8839,3354
国泰君安,2026-08-28,CU2612,4010,9090
国泰君安,2026-08-28,CU2703,405,2730
国泰君安,2026-08-27,CU2609,10287,3914
国泰君安,2026-08-27,CU2610,23734,16599
国泰君安,2026-08-27,CU2611,7348,9076
国泰君安,2026-08-27,CU2702,1667,2219
国泰君安,2026-08-27,CU2701,2696,1351
国泰君安,2026-08-27,CU2612,3974,8793
国泰君安,2026-08-27,CU2703,395,2374
国泰君安,2026-08-26,CU2609,12245,4457
国泰君安,2026-08-26,CU2611,7517,8416
国泰君安,2026-08-26,CU2610,23937,17164
国泰君安,2026-08-26,CU2612,3933,8773
国泰君安,2026-08-26,CU2701,2426,1467
国泰君安,2026-08-26,CU2703,385,2209
国泰君安,2026-08-25,CU2609,13665,6395
国泰君安,2026-08-25,CU2610,22715,17946
国泰君安,2026-08-25,CU2611,5979,6850
国泰君安,2026-08-25,CU2701,2503,1440
国泰君安,2026-08-25,CU2612,3464,8745
国泰君安,2026-08-25,CU2703,363,2017
国泰君安,2026-08-24,CU2609,17059,6832
国泰君安,2026-08-24,CU2611,4959,7086
国泰君安,2026-08-24,CU2610,21888,15386
国泰君安,2026-08-24,CU2612,3352,8707
国泰君安,2026-08-24,CU2701,2390,1361
国泰君安,2026-08-24,CU2703,368,2054
国泰君安,2026-08-21,CU2609,18065,6773
国泰君安,2026-08-21,CU2610,18342,15387
国泰君安,2026-08-21,CU2611,4782,7037
国泰君安,2026-08-21,CU2612,3252,8672
国泰君安,2026-08-21,CU2701,1585,1178
国泰君安,2026-08-21,CU2703,344,2047
国泰君安,2026-08-20,CU2609,20550,7008
国泰君安,2026-08-20,CU2610,15901,15207
国泰君安,2026-08-20,CU2611,4700,7120
国泰君安,2026-08-20,CU2612,3184,8685
国泰君安,2026-08-20,CU2701,1560,1192
国泰君安,2026-08-20,CU2703,,2054
国泰君安,2026-08-19,CU2609,21916,7468
国泰君安,2026-08-19,CU2611,4628,7059
国泰君安,2026-08-19,CU2610,15736,15983
国泰君安,2026-08-19,CU2612,3142,8339
国泰君安,2026-08-19,CU2701,1567,1445
国泰君安,2026-08-19,CU2703,312,1464
国泰君安,2026-08-18,CU2609,23548,8472
国泰君安,2026-08-18,CU2610,16322,17557
国泰君安,2026-08-18,CU2611,4121,6261
国泰君安,2026-08-18,CU2612,3123,7070
国泰君安,2026-08-18,CU2701,2042,1474
国泰君安,2026-08-18,CU2703,305,1386
国泰君安,2026-08-17,CU2609,26213,9462
国泰君安,2026-08-17,CU2610,18874,17747
国泰君安,2026-08-17,CU2611,2838,5884
国泰君安,2026-08-17,CU2701,2275,1245
国泰君安,2026-08-17,CU2612,2754,6950
国泰君安,2026-08-17,CU2703,299,1376
国泰君安,2026-08-14,CU2609,25474,7823
国泰君安,2026-08-14,CU2610,15836,17652
国泰君安,2026-08-14,CU2701,2294,1345
国泰君安,2026-08-14,CU2611,2537,5900
国泰君安,2026-08-14,CU2612,2704,6741
国泰君安,2026-08-14,CU2703,308,1384
国泰君安,2026-08-13,CU2610,16296,18200
国泰君安,2026-08-13,CU2609,25339,8087
国泰君安,2026-08-13,CU2701,2304,1295
国泰君安,2026-08-13,CU2611,2436,5790
国泰君安,2026-08-13,CU2612,2569,6575
国泰君安,2026-08-13,CU2703,295,1376
国泰君安,2026-08-12,CU2609,25523,8692
国泰君安,2026-08-12,CU2610,16117,17796
国泰君安,2026-08-12,CU2701,2284,1261
国泰君安,2026-08-12,CU2611,2414,5936
国泰君安,2026-08-12,CU2612,2551,6676
国泰君安,2026-08-12,CU2703,306,1385
国泰君安,2026-08-11,CU2610,15358,17316
国泰君安,2026-08-11,CU2609,26108,8830
国泰君安,2026-08-11,CU2701,2265,1295
国泰君安,2026-08-11,CU2611,2366,5949
国泰君安,2026-08-11,CU2612,2457,6684
国泰君安,2026-08-11,CU2703,299,1376
国泰君安,2026-08-10,CU2610,14515,16759
国泰君安,2026-08-10,CU2609,26107,8703
国泰君安,2026-08-10,CU2701,1930,1218
国泰君安,2026-08-10,CU2611,2417,6036
国泰君安,2026-08-10,CU2612,2431,6773
国泰君安,2026-08-10,CU2703,306,1380
国泰君安,2026-08-07,CU2609,26927,9270
国泰君安,2026-08-07,CU2610,14118,16165
国泰君安,2026-08-07,CU2701,1699,1277
国泰君安,2026-08-07,CU2611,2408,6158
国泰君安,2026-08-07,CU2612,2475,6889
国泰君安,2026-08-07,CU2703,293,1368
国泰君安,2026-08-06,CU2610,12903,15566
国泰君安,2026-08-06,CU2609,25030,9357
国泰君安,2026-08-06,CU2611,2688,6171
国泰君安,2026-08-06,CU2612,2684,6927
国泰君安,2026-08-06,CU2701,1307,1286
国泰君安,2026-08-06,CU2703,291,1368
国泰君安,2026-08-05,CU2609,26366,10529
国泰君安,2026-08-05,CU2610,13096,14641
国泰君安,2026-08-05,CU2611,2888,6125
国泰君安,2026-08-05,CU2612,2398,6769
国泰君安,2026-08-05,CU2701,1102,1149
国泰君安,2026-08-05,CU2703,305,1373
国泰君安,2026-08-04,CU2610,13039,13891
国泰君安,2026-08-04,CU2609,25412,9902
国泰君安,2026-08-04,CU2611,2702,5969
国泰君安,2026-08-04,CU2612,2407,6404
国泰君安,2026-08-04,CU2701,1147,921
国泰君安,2026-08-04,CU2703,267,1365
国泰君安,2026-08-03,CU2609,25760,9967
国泰君安,2026-08-03,CU2610,12460,13429
国泰君安,2026-08-03,CU2611,2468,5763
国泰君安,2026-08-03,CU2612,2399,6383
国泰君安,2026-08-03,CU2701,925,924
国泰君安,2026-08-03,CU2703,271,1368
国泰君安,2026-07-31,CU2610,12185,13679
国泰君安,2026-07-31,CU2609,25151,9889
国泰君安,2026-07-31,CU2611,2470,5746
国泰君安,2026-07-31,CU2612,2289,6469
国泰君安,2026-07-31,CU2701,931,926
国泰君安,2026-07-31,CU2703,265,1363
国泰君安,2026-07-30,CU2610,11903,13302
国泰君安,2026-07-30,CU2609,24176,10204
国泰君安,2026-07-30,CU2612,2248,6589
国泰君安,2026-07-30,CU2611,2435,5769
国泰君安,2026-07-30,CU2701,903,943
国泰君安,2026-07-30,CU2703,,1139
国泰君安,2026-07-29,CU2610,12007,12432
国泰君安,2026-07-29,CU2609,25113,10659
国泰君安,2026-07-29,CU2611,2377,5815
国泰君安,2026-07-29,CU2612,2230,6107
国泰君安,2026-07-29,CU2701,852,958
国泰君安,2026-07-29,CU2703,,856
国泰君安,2026-07-28,CU2610,10302,11828
国泰君安,2026-07-28,CU2609,25577,11994
国泰君安,2026-07-28,CU2611,2440,5846
国泰君安,2026-07-28,CU2612,2157,6138
国泰君安,2026-07-28,CU2701,848,837
国泰君安,2026-07-28,CU2703,265,855
国泰君安,2026-07-27,CU2610,8404,10785
国泰君安,2026-07-27,CU2609,26351,13443
国泰君安,2026-07-27,CU2611,2439,5791
国泰君安,2026-07-27,CU2612,2121,6105
国泰君安,2026-07-27,CU2701,704,783
国泰君安,2026-07-27,CU2703,263,850
国泰君安,2026-07-24,CU2610,7305,10230
国泰君安,2026-07-24,CU2611,2477,5237
国泰君安,2026-07-24,CU2609,24457,14943
国泰君安,2026-07-24,CU2612,2103,5850
国泰君安,2026-07-24,CU2701,676,404
国泰君安,2026-07-24,CU2703,256,852
国泰君安,2026-07-23,CU2610,7580,10062
国泰君安,2026-07-23,CU2611,2468,4795
国泰君安,2026-07-23,CU2609,25924,16143
国泰君安,2026-07-23,CU2612,2249,5635
国泰君安,2026-07-23,CU2701,575,241
国泰君安,2026-07-23,CU2703,264,847
国泰君安,2026-07-22,CU2610,7495,9177
国泰君安,2026-07-22,CU2611,2597,4903
国泰君安,2026-07-22,CU2609,26379,17731
国泰君安,2026-07-22,CU2612,2312,5568
国泰君安,2026-07-22,CU2701,601,271
国泰君安,2026-07-22,CU2703,277,861
国泰君安,2026-07-21,CU2610,7649,8986
国泰君安,2026-07-21,CU2609,24180,16642
国泰君安,2026-07-21,CU2611,2641,4859
国泰君安,2026-07-21,CU2612,2223,5623
国泰君安,2026-07-21,CU2701,579,240
国泰君安,2026-07-21,CU2703,270,862
国泰君安,2026-07-20,CU2609,20885,16066
国泰君安,2026-07-20,CU2610,7728,8938
国泰君安,2026-07-20,CU2611,2544,4901
国泰君安,2026-07-20,CU2612,1929,5922
国泰君安,2026-07-20,CU2701,597,287
国泰君安,2026-07-20,CU2703,269,864
国泰君安,2026-07-17,CU2610,7534,9033
国泰君安,2026-07-17,CU2611,2565,4482
国泰君安,2026-07-17,CU2609,19442,15543
国泰君安,2026-07-17,CU2612,1996,5994
国泰君安,2026-07-17,CU2701,555,237
国泰君安,2026-07-17,CU2703,269,864
国泰君安,2026-07-16,CU2610,7369,8162
国泰君安,2026-07-16,CU2609,20555,16530
国泰君安,2026-07-16,CU2611,2552,4379
国泰君安,2026-07-16,CU2612,1865,5310
国泰君安,2026-07-16,CU2701,563,239
国泰君安,2026-07-16,CU2703,274,863
国泰君安,2026-07-15,CU2610,7223,8171
国泰君安,2026-07-15,CU2609,19679,16497
国泰君安,2026-07-15,CU2611,2495,4385
国泰君安,2026-07-15,CU2612,1850,4974
国泰君安,2026-07-15,CU2701,559,241
国泰君安,2026-07-15,CU2703,276,845
国泰君安,2026-07-14,CU2610,7295,8239
国泰君安,2026-07-14,CU2609,20382,15708
国泰君安,2026-07-14,CU2611,2461,4384
国泰君安,2026-07-14,CU2701,663,262
国泰君安,2026-07-14,CU2612,1762,4991
国泰君安,2026-07-13,CU2610,6853,7903
国泰君安,2026-07-13,CU2609,18393,15237
国泰君安,2026-07-13,CU2611,2453,4438
国泰君安,2026-07-13,CU2701,642,243
国泰君安,2026-07-13,CU2612,1734,4937
国泰君安,2026-07-10,CU2609,19539,15193
国泰君安,2026-07-10,CU2610,5785,7805
国泰君安,2026-07-10,CU2611,2470,4433
国泰君安,2026-07-10,CU2701,639,253
国泰君安,2026-07-10,CU2612,1692,4692
国泰君安,2026-07-09,CU2610,5948,7740
国泰君安,2026-07-09,CU2609,18615,15407
国泰君安,2026-07-09,CU2611,2488,4436
国泰君安,2026-07-09,CU2701,634,249
国泰君安,2026-07-09,CU2612,1672,4074
国泰君安,2026-07-08,CU2610,5737,7781
国泰君安,2026-07-08,CU2609,17805,15882
国泰君安,2026-07-08,CU2611,2432,4440
国泰君安,2026-07-08,CU2701,626,251
国泰君安,2026-07-08,CU2612,1570,3473
国泰君安,2026-07-07,CU2610,5541,7785
国泰君安,2026-07-07,CU2609,17233,16270
国泰君安,2026-07-07,CU2611,2403,4459
国泰君安,2026-07-07,CU2612,1534,2893
国泰君安,2026-07-07,CU2701,635,260
国泰君安,2026-07-06,CU2609,16987,15608
国泰君安,2026-07-06,CU2611,2393,4450
国泰君安,2026-07-06,CU2610,5407,7791
国泰君安,2026-07-06,CU2612,1569,2928
国泰君安,2026-07-06,CU2701,634,266
国泰君安,2026-07-03,CU2609,16764,15211
国泰君安,2026-07-03,CU2610,5371,7697
国泰君安,2026-07-03,CU2611,2211,4328
国泰君安,2026-07-03,CU2701,621,253
国泰君安,2026-07-03,CU2612,1372,2889
国泰君安,2026-07-02,CU2609,16348,15205
国泰君安,2026-07-02,CU2611,2207,4358
国泰君安,2026-07-02,CU2610,5167,7694
国泰君安,2026-07-02,CU2701,614,250
国泰君安,2026-07-02,CU2612,1376,2916
国泰君安,2026-07-01,CU2611,2197,4424
国泰君安,2026-07-01,CU2609,16156,14932
国泰君安,2026-07-01,CU2610,4866,7659
国泰君安,2026-07-01,CU2612,1594,2762
国泰君安,2026-07-01,CU2701,609,259
国泰君安,2026-06-30,CU2609,15995,14921
国泰君安,2026-06-30,CU2610,4659,7699
国泰君安,2026-06-30,CU2611,1801,4444
国泰君安,2026-06-30,CU2612,1633,2774
国泰君安,2026-06-30,CU2701,611,277
国泰君安,2026-06-29,CU2609,15730,15134
国泰君安,2026-06-29,CU2610,4632,7635
国泰君安,2026-06-29,CU2611,1745,4470
国泰君安,2026-06-29,CU2612,1530,2804
国泰君安,2026-06-26,CU2609,15725,14800
国泰君安,2026-06-26,CU2610,4606,7552
国泰君安,2026-06-26,CU2611,1572,4464
国泰君安,2026-06-26,CU2612,1679,3186
国泰君安,2026-06-25,CU2609,14502,14869
国泰君安,2026-06-25,CU2610,4470,6965
国泰君安,2026-06-25,CU2611,1474,4210
国泰君安,2026-06-25,CU2612,1669,3170
国泰君安,2026-06-24,CU2609,13309,14147
国泰君安,2026-06-24,CU2610,3980,6454
国泰君安,2026-06-24,CU2611,1117,3313
国泰君安,2026-06-24,CU2612,1718,3288
国泰君安,2026-06-23,CU2609,13259,14235
国泰君安,2026-06-23,CU2610,3986,6157
国泰君安,2026-06-23,CU2611,1037,2961
国泰君安,2026-06-23,CU2612,1655,3202
国泰君安,2026-06-22,CU2609,12952,13709
国泰君安,2026-06-22,CU2610,3928,5956
国泰君安,2026-06-22,CU2612,1638,3207
国泰君安,2026-06-22,CU2611,931,2756
国泰君安,2026-06-18,CU2609,12082,13473
国泰君安,2026-06-18,CU2610,3937,5694
国泰君安,2026-06-18,CU2611,947,2698
国泰君安,2026-06-18,CU2612,1642,3010
国泰君安,2026-06-17,CU2609,12148,13484
国泰君安,2026-06-17,CU2610,3836,4993
国泰君安,2026-06-17,CU2611,964,2669
国泰君安,2026-06-17,CU2612,1636,2951
国泰君安,2026-06-16,CU2609,10509,13570
国泰君安,2026-06-16,CU2610,3992,4606
国泰君安,2026-06-16,CU2611,943,2607
国泰君安,2026-06-16,CU2612,1579,2979
国泰君安,2026-06-15,CU2609,10707,13362
国泰君安,2026-06-15,CU2610,2865,4482
国泰君安,2026-06-15,CU2612,1591,2996
国泰君安,2026-06-15,CU2611,981,2611
国泰君安,2026-06-12,CU2609,9785,13266
国泰君安,2026-06-12,CU2610,2834,4464
国泰君安,2026-06-12,CU2611,955,2618
国泰君安,2026-06-12,CU2612,1600,3352
国泰君安,2026-06-11,CU2609,9157,12899
国泰君安,2026-06-11,CU2610,2854,4509
国泰君安,2026-06-11,CU2612,1601,3350
国泰君安,2026-06-11,CU2611,974,2615
国泰君安,2026-06-10,CU2609,8693,12910
国泰君安,2026-06-10,CU2610,2764,4114
国泰君安,2026-06-10,CU2611,955,2598
国泰君安,2026-06-10,CU2612,1578,2829
国泰君安,2026-06-09,CU2609,8635,12718
国泰君安,2026-06-09,CU2610,2752,4073
国泰君安,2026-06-09,CU2611,970,2635
国泰君安,2026-06-09,CU2612,1617,2827
国泰君安,2026-06-08,CU2609,8612,12701
国泰君安,2026-06-08,CU2610,2370,4076
国泰君安,2026-06-08,CU2612,1588,2838
国泰君安,2026-06-08,CU2611,830,2643
国泰君安,2026-06-05,CU2609,8159,12857
国泰君安,2026-06-05,CU2610,2147,4316
国泰君安,2026-06-05,CU2612,1518,2612
国泰君安,2026-06-04,CU2609,8229,12920
国泰君安,2026-06-04,CU2610,2168,4329
国泰君安,2026-06-04,CU2612,1510,2623
国泰君安,2026-06-03,CU2609,8222,12995
国泰君安,2026-06-03,CU2610,2157,4230
国泰君安,2026-06-03,CU2612,1435,2605
国泰君安,2026-06-02,CU2609,8281,12761
国泰君安,2026-06-02,CU2610,2406,4241
国泰君安,2026-06-02,CU2612,1369,2894
国泰君安,2026-06-01,CU2609,8136,12698
国泰君安,2026-06-01,CU2610,2088,4201
国泰君安,2026-06-01,CU2612,1346,2876
国泰君安,2026-05-29,CU2609,8466,12780
国泰君安,2026-05-29,CU2610,2114,4184
国泰君安,2026-05-29,CU2612,1343,2899
国泰君安,2026-05-28,CU2609,8305,12724
国泰君安,2026-05-28,CU2610,1948,4234
国泰君安,2026-05-28,CU2612,1338,2903
国泰君安,2026-05-27,CU2609,8034,12712
国泰君安,2026-05-27,CU2610,1724,4601
国泰君安,2026-05-27,CU2612,1373,2909
国泰君安,2026-05-26,CU2609,8016,12721
国泰君安,2026-05-26,CU2610,1732,4303
国泰君安,2026-05-26,CU2612,1380,2923
国泰君安,2026-05-25,CU2609,8030,12724
国泰君安,2026-05-25,CU2610,1779,3936
国泰君安,2026-05-25,CU2612,1378,2944
国泰君安,2026-05-22,CU2609,7473,12713
国泰君安,2026-05-22,CU2610,1778,3478
国泰君安,2026-05-22,CU2612,1326,2901
国泰君安,2026-05-21,CU2609,6346,12433
国泰君安,2026-05-21,CU2610,1791,3186
国泰君安,2026-05-21,CU2612,1333,2964
国泰君安,2026-05-20,CU2609,5403,12421
国泰君安,2026-05-20,CU2610,1717,3281
国泰君安,2026-05-20,CU2612,1348,3018
国泰君安,2026-05-19,CU2609,5339,12237
国泰君安,2026-05-19,CU2610,1566,3158
国泰君安,2026-05-19,CU2612,1342,2984
国泰君安,2026-05-18,CU2609,5316,12221
国泰君安,2026-05-18,CU2610,1342,3184
国泰君安,2026-05-18,CU2612,1454,2944
国泰君安,2026-05-15,CU2609,4943,12274
国泰君安,2026-05-15,CU2610,1483,3269
国泰君安,2026-05-15,CU2612,1472,3002
国泰君安,2026-05-14,CU2609,5038,12360
国泰君安,2026-05-14,CU2610,1340,3242
国泰君安,2026-05-14,CU2612,1478,2997
国泰君安,2026-05-13,CU2609,5047,12447
国泰君安,2026-05-13,CU2610,1492,3648
国泰君安,2026-05-13,CU2612,1371,3668
国泰君安,2026-05-12,CU2609,4887,12395
国泰君安,2026-05-12,CU2610,1498,3728
国泰君安,2026-05-12,CU2612,1321,3622
国泰君安,2026-05-11,CU2609,4869,12545
国泰君安,2026-05-11,CU2610,1356,3840
国泰君安,2026-05-11,CU2612,1305,3526
国泰君安,2026-05-08,CU2609,4702,12461
国泰君安,2026-05-08,CU2610,1324,3800
国泰君安,2026-05-08,CU2612,1254,3385
国泰君安,2026-05-07,CU2609,4627,12420
国泰君安,2026-05-07,CU2610,1272,3730
国泰君安,2026-05-07,CU2612,1144,2992
国泰君安,2026-05-06,CU2609,4352,12164
国泰君安,2026-05-06,CU2610,1448,3736
国泰君安,2026-05-06,CU2612,1062,2830
国泰君安,2026-04-30,CU2609,4302,12145
国泰君安,2026-04-30,CU2610,1464,3731
国泰君安,2026-04-30,CU2612,1064,2823
国泰君安,2026-04-29,CU2609,4113,12272
国泰君安,2026-04-29,CU2610,1369,3708
国泰君安,2026-04-29,CU2612,1083,2850
国泰君安,2026-04-28,CU2609,3912,12265
国泰君安,2026-04-28,CU2612,1079,2865
国泰君安,2026-04-27,CU2609,3900,11890
国泰君安,2026-04-27,CU2612,1009,2766
国泰君安,2026-04-24,CU2609,3710,11896
国泰君安,2026-04-24,CU2612,1003,2766
国泰君安,2026-04-23,CU2609,3767,11905
国泰君安,2026-04-23,CU2612,971,2781
国泰君安,2026-04-22,CU2609,3654,11622
国泰君安,2026-04-22,CU2612,907,2747
国泰君安,2026-04-21,CU2609,3691,10822
国泰君安,2026-04-21,CU2612,911,2750
国泰君安,2026-04-20,CU2609,3654,9262
国泰君安,2026-04-20,CU2612,929,2769
国泰君安,2026-04-17,CU2609,3816,8921
国泰君安,2026-04-17,CU2612,902,2802
国泰君安,2026-04-16,CU2609,2366,8383
国泰君安,2026-04-16,CU2612,998,2903
国泰君安,2026-04-15,CU2609,2380,7994
国泰君安,2026-04-15,CU2612,998,2921
国泰君安,2026-04-14,CU2609,2243,8106
国泰君安,2026-04-14,CU2612,967,2966
国泰君安,2026-04-13,CU2609,2244,7014
国泰君安,2026-04-13,CU2612,951,3007
国泰君安,2026-04-10,CU2609,2252,6628
国泰君安,2026-04-10,CU2612,926,2949
国泰君安,2026-04-09,CU2612,870,2914
国泰君安,2026-04-09,CU2609,2191,6515
国泰君安,2026-04-08,CU2609,2199,6464
国泰君安,2026-04-08,CU2612,841,2900
国泰君安,2026-04-07,CU2609,2070,5993
国泰君安,2026-04-07,CU2612,852,2909
国泰君安,2026-04-03,CU2609,2051,5823
国泰君安,2026-04-03,CU2612,869,2897
国泰君安,2026-04-02,CU2609,1905,5589
国泰君安,2026-04-02,CU2612,728,3111
国泰君安,2026-04-01,CU2609,1697,5170
国泰君安,2026-04-01,CU2612,726,3108
国泰君安,2026-03-31,CU2609,1703,4958
国泰君安,2026-03-31,CU2612,747,3125
国泰君安,2026-03-30,CU2609,1909,4964
国泰君安,2026-03-30,CU2612,751,3133
国泰君安,2026-03-27,CU2609,1858,4833
国泰君安,2026-03-27,CU2612,748,3146
国泰君安,2026-03-26,CU2609,1848,4905
国泰君安,2026-03-26,CU2612,727,3138
国泰君安,2026-03-25,CU2609,1829,4902
国泰君安,2026-03-25,CU2612,754,3172
国泰君安,2026-03-24,CU2609,1737,4447
国泰君安,2026-03-24,CU2612,719,3159
国泰君安,2026-03-23,CU2609,1763,4506
国泰君安,2026-03-23,CU2612,723,3144
国泰君安,2026-03-20,CU2609,1732,4616
国泰君安,2026-03-20,CU2612,731,3114
国泰君安,2026-03-19,CU2612,797,3159
国泰君安,2026-03-19,CU2609,1622,4693
国泰君安,2026-03-18,CU2612,795,3093
国泰君安,2026-03-18,CU2609,1791,5305
国泰君安,2026-03-17,CU2612,846,3098
国泰君安,2026-03-17,CU2609,1641,5250
国泰君安,2026-03-16,CU2612,825,3086
国泰君安,2026-03-16,CU2609,1637,5310
国泰君安,2026-03-13,CU2609,1279,5381
国泰君安,2026-03-13,CU2612,747,3060
国泰君安,2026-03-12,CU2609,1319,5661
国泰君安,2026-03-11,CU2609,1260,5597
国泰君安,2026-03-10,CU2609,1403,5741
国泰君安,2026-03-09,CU2609,1371,5728
国泰君安,2026-03-06,CU2609,1312,5781
国泰君安,2026-03-05,CU2609,1302,5782
国泰君安,2026-03-04,CU2609,1371,5610
国泰君安,2026-03-03,CU2609,1367,5603
国泰君安,2026-03-02,CU2609,1359,5263
国泰君安,2026-02-27,CU2609,1326,5086
国泰君安,2026-02-26,CU2609,1290,5091
国泰君安,2026-02-25,CU2609,1285,4985
国泰君安,2026-02-24,CU2609,1273,4492
国泰君安,2026-02-13,CU2609,1292,4496
国泰君安,2026-02-12,CU2609,1285,5043
国泰君安,2026-02-11,CU2609,1276,5186
国泰君安,2026-02-10,CU2609,1269,5184
国泰君安,2026-02-09,CU2609,1270,5179
国泰君安,2026-02-06,CU2609,1262,5195
国泰君安,2026-02-05,CU2609,1279,5202
国泰君安,2026-02-04,CU2609,1250,5204
国泰君安,2026-02-03,CU2609,1252,5216
国泰君安,2026-02-02,CU2609,1252,5588
国泰君安,2026-01-30,CU2609,1393,5774
国泰君安,2026-01-29,CU2609,1192,5535
国泰君安,2026-01-28,CU2609,1330,5582
国泰君安,2026-01-27,CU2609,1333,5780
国泰君安,2026-01-26,CU2609,1363,5880
国泰君安,2026-01-23,CU2609,1454,6090
国泰君安,2026-01-22,CU2609,1468,5825
国泰君安,2026-01-21,CU2609,1470,5771
国泰君安,2026-01-20,CU2609,741,5568
国泰君安,2026-01-19,CU2609,728,5539
国泰君安,2026-01-16,CU2609,741,5562
国泰君安,2026-01-15,CU2609,748,5537
国泰君安,2026-01-14,CU2609,726,5475
国泰君安,2026-01-13,CU2609,707,5417
国泰君安,2026-01-12,CU2609,748,5419
国泰君安,2026-01-09,CU2609,596,5219
国泰君安,2026-01-08,CU2609,599,5240
国泰君安,2026-01-07,CU2609,638,5396
国泰君安,2026-01-06,CU2609,624,5363
国泰君安,2026-01-05,CU2609,476,5414
国泰君安,2025-12-31,CU2609,454,5394
国泰君安,2025-12-30,CU2609,463,5457
国泰君安,2025-12-29,CU2609,429,5381
国泰君安,2025-12-26,CU2609,410,5548
国泰君安,2025-12-25,CU2609,1070,5765
国泰君安,2025-12-24,CU2609,1068,5839
永安期货,2026-09-03,CU2612,2916,
永安期货,2026-09-03,CU2610,7841,
永安期货,2026-09-03,CU2611,2449,
永安期货,2026-09-03,CU2701,1189,1411
永安期货,2026-09-03,CU2702,322,1049
永安期货,2026-09-03,CU2703,,852
永安期货,2026-09-02,CU2610,7834,
永安期货,2026-09-02,CU2612,2913,
永安期货,2026-09-02,CU2701,1199,1446
永安期货,2026-09-02,CU2611,2331,
永安期货,2026-09-02,CU2702,320,1049
永安期货,2026-09-02,CU2703,,852
永安期货,2026-09-01,CU2610,8843,
永安期货,2026-09-01,CU2612,2703,
永安期货,2026-09-01,CU2701,1138,1458
永安期货,2026-09-01,CU2611,2478,
永安期货,2026-09-01,CU2702,317,1050
永安期货,2026-09-01,CU2703,,854
永安期货,2026-08-31,CU2610,9288,
永安期货,2026-08-31,CU2612,2469,
永安期货,2026-08-31,CU2701,1180,1515
永安期货,2026-08-31,CU2611,2367,
永安期货,2026-08-31,CU2702,315,1050
永安期货,2026-08-31,CU2703,,854
永安期货,2026-08-31,CU2609,,
永安期货,2026-08-28,CU2610,8810,
永安期货,2026-08-28,CU2612,2478,
永安期货,2026-08-28,CU2701,1183,1514
永安期货,2026-08-28,CU2611,2193,
永安期货,2026-08-28,CU2702,318,1050
永安期货,2026-08-28,CU2609,1400,
永安期货,2026-08-28,CU2703,,852
永安期货,2026-08-27,CU2610,8024,
永安期货,2026-08-27,CU2701,1177,1510
永安期货,2026-08-27,CU2612,2220,
永安期货,2026-08-27,CU2611,2161,
永安期货,2026-08-27,CU2702,310,1049
永安期货,2026-08-27,CU2609,1472,
永安期货,2026-08-27,CU2703,,852
永安期货,2026-08-26,CU2610,8050,
永安期货,2026-08-26,CU2701,1138,1556
永安期货,2026-08-26,CU2612,2138,918
永安期货,2026-08-26,CU2611,2255,
永安期货,2026-08-26,CU2609,1728,
永安期货,2026-08-26,CU2703,,850
永安期货,2026-08-25,CU2610,7637,
永安期货,2026-08-25,CU2701,1130,1481
永安期货,2026-08-25,CU2609,2688,1837
永安期货,2026-08-25,CU2612,1904,1023
永安期货,2026-08-25,CU2611,1514,
永安期货,2026-08-25,CU2703,,850
永安期货,2026-08-24,CU2610,8416,
永安期货,2026-08-24,CU2609,3902,
永安期货,2026-08-24,CU2701,902,1433
永安期货,2026-08-24,CU2611,1473,
永安期货,2026-08-24,CU2612,1458,931
永安期货,2026-08-24,CU2703,,850
永安期货,2026-08-21,CU2610,7926,
永安期货,2026-08-21,CU2609,4923,
永安期货,2026-08-21,CU2701,690,1428
永安期货,2026-08-21,CU2611,1420,
永安期货,2026-08-21,CU2703,,850
永安期货,2026-08-21,CU2612,,925
永安期货,2026-08-20,CU2610,7753,
永安期货,2026-08-20,CU2609,5599,
永安期货,2026-08-20,CU2701,698,1556
永安期货,2026-08-20,CU2612,1124,937
永安期货,2026-08-20,CU2611,886,
永安期货,2026-08-20,CU2703,,849
永安期货,2026-08-19,CU2610,7596,
永安期货,2026-08-19,CU2609,5758,
永安期货,2026-08-19,CU2701,656,1556
永安期货,2026-08-19,CU2611,888,
永安期货,2026-08-19,CU2703,,849
永安期货,2026-08-19,CU2612,,1044
永安期货,2026-08-18,CU2610,7273,
永安期货,2026-08-18,CU2609,6480,
永安期货,2026-08-18,CU2701,1019,1492
永安期货,2026-08-18,CU2611,1231,
永安期货,2026-08-18,CU2703,,852
永安期货,2026-08-18,CU2612,,1065
永安期货,2026-08-17,CU2610,7838,
永安期货,2026-08-17,CU2609,6828,
永安期货,2026-08-17,CU2701,910,1441
永安期货,2026-08-17,CU2611,1214,
永安期货,2026-08-17,CU2703,,854
永安期货,2026-08-17,CU2612,,941
永安期货,2026-08-14,CU2610,7528,
永安期货,2026-08-14,CU2609,6846,
永安期货,2026-08-14,CU2701,812,1431
永安期货,2026-08-14,CU2611,978,
永安期货,2026-08-14,CU2703,,852
永安期货,2026-08-14,CU2612,,1109
永安期货,2026-08-13,CU2609,7334,
永安期货,2026-08-13,CU2610,7743,
永安期货,2026-08-13,CU2701,809,1431
永安期货,2026-08-13,CU2703,,852
永安期货,2026-08-13,CU2612,,1105
永安期货,2026-08-12,CU2609,7752,
永安期货,2026-08-12,CU2610,7577,
永安期货,2026-08-12,CU2701,776,1432
永安期货,2026-08-12,CU2703,,852
永安期货,2026-08-12,CU2612,,987
永安期货,2026-08-11,CU2609,7743,
永安期货,2026-08-11,CU2610,7162,
永安期货,2026-08-11,CU2701,702,1430
永安期货,2026-08-11,CU2703,,852
永安期货,2026-08-11,CU2612,,976
永安期货,2026-08-10,CU2610,7221,
永安期货,2026-08-10,CU2609,7583,
永安期货,2026-08-10,CU2701,684,1430
永安期货,2026-08-10,CU2703,,852
永安期货,2026-08-10,CU2612,,825
永安期货,2026-08-10,CU2611,,458
永安期货,2026-08-07,CU2609,7737,
永安期货,2026-08-07,CU2610,6386,
永安期货,2026-08-07,CU2701,677,1213
永安期货,2026-08-07,CU2611,1022,
永安期货,2026-08-07,CU2703,,852
永安期货,2026-08-07,CU2612,,820
永安期货,2026-08-06,CU2609,7454,
永安期货,2026-08-06,CU2610,5899,
永安期货,2026-08-06,CU2611,1214,
永安期货,2026-08-06,CU2701,623,1206
永安期货,2026-08-06,CU2703,,849
永安期货,2026-08-06,CU2612,,809
永安期货,2026-08-05,CU2609,8608,
永安期货,2026-08-05,CU2610,6254,
永安期货,2026-08-05,CU2611,1214,357
永安期货,2026-08-05,CU2701,623,1205
永安期货,2026-08-05,CU2703,,849
永安期货,2026-08-05,CU2612,,704
永安期货,2026-08-04,CU2610,6264,
永安期货,2026-08-04,CU2609,8471,
永安期货,2026-08-04,CU2611,1082,356
永安期货,2026-08-04,CU2701,,1199
永安期货,2026-08-04,CU2703,,687
永安期货,2026-08-04,CU2612,,696
永安期货,2026-08-03,CU2609,8249,
永安期货,2026-08-03,CU2610,5827,
永安期货,2026-08-03,CU2611,958,348
永安期货,2026-08-03,CU2701,,1199
永安期货,2026-08-03,CU2703,,643
永安期货,2026-08-03,CU2612,,
永安期货,2026-07-31,CU2609,8309,
永安期货,2026-07-31,CU2610,5562,
永安期货,2026-07-31,CU2611,980,341
永安期货,2026-07-31,CU2701,,1329
永安期货,2026-07-31,CU2703,,643
永安期货,2026-07-31,CU2612,,655
永安期货,2026-07-30,CU2610,5355,
永安期货,2026-07-30,CU2609,8010,
永安期货,2026-07-30,CU2611,980,339
永安期货,2026-07-30,CU2701,,1377
永安期货,2026-07-30,CU2703,,602
永安期货,2026-07-30,CU2612,,658
永安期货,2026-07-29,CU2610,4574,
永安期货,2026-07-29,CU2609,7736,
永安期货,2026-07-29,CU2611,958,340
永安期货,2026-07-29,CU2701,,1384
永安期货,2026-07-29,CU2703,,604
永安期货,2026-07-29,CU2612,,655
永安期货,2026-07-28,CU2610,4190,
永安期货,2026-07-28,CU2609,7849,
永安期货,2026-07-28,CU2611,959,339
永安期货,2026-07-28,CU2701,,1296
永安期货,2026-07-28,CU2703,,604
永安期货,2026-07-28,CU2612,,654
永安期货,2026-07-27,CU2609,8006,
永安期货,2026-07-27,CU2610,3857,
永安期货,2026-07-27,CU2611,984,341
永安期货,2026-07-27,CU2701,,1074
永安期货,2026-07-27,CU2703,,605
永安期货,2026-07-27,CU2612,,655
永安期货,2026-07-24,CU2609,8048,
永安期货,2026-07-24,CU2610,3543,
永安期货,2026-07-24,CU2611,823,288
永安期货,2026-07-24,CU2701,,696
永安期货,2026-07-24,CU2703,,605
永安期货,2026-07-24,CU2612,,652
永安期货,2026-07-23,CU2609,8160,
永安期货,2026-07-23,CU2610,3240,1022
永安期货,2026-07-23,CU2703,,608
永安期货,2026-07-23,CU2701,,522
永安期货,2026-07-23,CU2611,,207
永安期货,2026-07-23,CU2612,,682
永安期货,2026-07-22,CU2609,8573,
永安期货,2026-07-22,CU2610,2776,1006
永安期货,2026-07-22,CU2701,291,522
永安期货,2026-07-22,CU2703,,608
永安期货,2026-07-22,CU2612,,682
永安期货,2026-07-21,CU2609,8324,
永安期货,2026-07-21,CU2610,2007,999
永安期货,2026-07-21,CU2701,280,521
永安期货,2026-07-21,CU2703,,604
永安期货,2026-07-21,CU2612,,667
永安期货,2026-07-20,CU2609,6685,
永安期货,2026-07-20,CU2610,1951,944
永安期货,2026-07-20,CU2611,517,
永安期货,2026-07-20,CU2703,183,604
永安期货,2026-07-20,CU2701,,520
永安期货,2026-07-20,CU2612,,651
永安期货,2026-07-17,CU2609,6265,
永安期货,2026-07-17,CU2610,1791,943
永安期货,2026-07-17,CU2611,517,
永安期货,2026-07-17,CU2703,185,604
永安期货,2026-07-17,CU2701,281,340
永安期货,2026-07-17,CU2612,,545
永安期货,2026-07-16,CU2609,6536,
永安期货,2026-07-16,CU2610,1601,949
永安期货,2026-07-16,CU2611,518,
永安期货,2026-07-16,CU2703,183,604
永安期货,2026-07-16,CU2701,278,146
永安期货,2026-07-16,CU2612,,
永安期货,2026-07-15,CU2609,6337,
永安期货,2026-07-15,CU2610,1339,947
永安期货,2026-07-15,CU2611,518,
永安期货,2026-07-15,CU2701,280,139
永安期货,2026-07-15,CU2703,183,604
永安期货,2026-07-14,CU2609,6110,
永安期货,2026-07-14,CU2610,1235,950
永安期货,2026-07-14,CU2611,528,
永安期货,2026-07-14,CU2701,,138
永安期货,2026-07-14,CU2612,,464
永安期货,2026-07-13,CU2609,5607,
永安期货,2026-07-13,CU2610,1215,933
永安期货,2026-07-13,CU2611,527,
永安期货,2026-07-13,CU2701,,134
永安期货,2026-07-13,CU2612,,448
永安期货,2026-07-10,CU2609,5675,
永安期货,2026-07-10,CU2610,1199,946
永安期货,2026-07-10,CU2611,526,
永安期货,2026-07-10,CU2701,,137
永安期货,2026-07-10,CU2612,,460
永安期货,2026-07-09,CU2609,4770,
永安期货,2026-07-09,CU2611,533,
永安期货,2026-07-09,CU2610,948,925
永安期货,2026-07-09,CU2701,,134
永安期货,2026-07-09,CU2612,,461
永安期货,2026-07-08,CU2609,4506,
永安期货,2026-07-08,CU2611,543,
永安期货,2026-07-08,CU2610,929,925
永安期货,2026-07-08,CU2701,,134
永安期货,2026-07-08,CU2612,,462
永安期货,2026-07-07,CU2609,4494,
永安期货,2026-07-07,CU2611,543,
永安期货,2026-07-07,CU2610,923,924
永安期货,2026-07-07,CU2701,,134
永安期货,2026-07-07,CU2612,,458
永安期货,2026-07-06,CU2609,4396,
永安期货,2026-07-06,CU2611,554,
永安期货,2026-07-06,CU2610,925,923
永安期货,2026-07-06,CU2701,,135
永安期货,2026-07-03,CU2609,4505,
永安期货,2026-07-03,CU2611,554,
永安期货,2026-07-03,CU2610,,916
永安期货,2026-07-03,CU2701,,135
永安期货,2026-07-03,CU2612,,280
永安期货,2026-07-02,CU2609,4447,
永安期货,2026-07-02,CU2611,554,
永安期货,2026-07-02,CU2610,,912
永安期货,2026-07-02,CU2701,,135
永安期货,2026-07-02,CU2612,,284
永安期货,2026-07-01,CU2609,4391,
永安期货,2026-07-01,CU2611,557,
永安期货,2026-07-01,CU2701,,135
永安期货,2026-07-01,CU2610,,915
永安期货,2026-07-01,CU2612,,271
永安期货,2026-06-30,CU2609,4458,
永安期货,2026-06-30,CU2611,563,
永安期货,2026-06-30,CU2701,,143
永安期货,2026-06-30,CU2610,,921
永安期货,2026-06-30,CU2612,,272
永安期货,2026-06-29,CU2609,4408,
永安期货,2026-06-29,CU2611,557,
永安期货,2026-06-29,CU2610,,932
永安期货,2026-06-29,CU2612,,268
永安期货,2026-06-26,CU2609,4430,
永安期货,2026-06-26,CU2611,577,
永安期货,2026-06-26,CU2610,,916
永安期货,2026-06-26,CU2612,,263
永安期货,2026-06-25,CU2609,3408,
永安期货,2026-06-25,CU2611,573,
永安期货,2026-06-25,CU2610,,899
永安期货,2026-06-25,CU2612,,263
永安期货,2026-06-24,CU2609,2966,
永安期货,2026-06-24,CU2611,430,
永安期货,2026-06-24,CU2610,,736
永安期货,2026-06-24,CU2612,,261
永安期货,2026-06-23,CU2609,2377,
永安期货,2026-06-23,CU2611,420,
永安期货,2026-06-23,CU2610,,733
永安期货,2026-06-23,CU2612,,262
永安期货,2026-06-22,CU2609,1943,
永安期货,2026-06-22,CU2611,411,
永安期货,2026-06-22,CU2610,591,734
永安期货,2026-06-22,CU2612,,263
永安期货,2026-06-18,CU2609,1895,
永安期货,2026-06-18,CU2611,377,
永安期货,2026-06-18,CU2610,632,644
永安期货,2026-06-18,CU2612,,264
永安期货,2026-06-17,CU2611,362,
永安期货,2026-06-17,CU2610,631,564
永安期货,2026-06-17,CU2612,,276
永安期货,2026-06-16,CU2611,363,
永安期货,2026-06-16,CU2610,601,561
永安期货,2026-06-16,CU2612,,274
永安期货,2026-06-15,CU2611,362,
永安期货,2026-06-15,CU2610,599,561
永安期货,2026-06-15,CU2612,,273
永安期货,2026-06-12,CU2611,381,
永安期货,2026-06-12,CU2610,623,559
永安期货,2026-06-12,CU2612,,268
永安期货,2026-06-11,CU2611,387,
永安期货,2026-06-11,CU2610,642,549
永安期货,2026-06-11,CU2612,,269
永安期货,2026-06-10,CU2611,374,
永安期货,2026-06-10,CU2610,621,489
永安期货,2026-06-10,CU2609,1394,
永安期货,2026-06-10,CU2612,,284
永安期货,2026-06-09,CU2611,368,
永安期货,2026-06-09,CU2610,511,507
永安期货,2026-06-09,CU2609,1355,
永安期货,2026-06-09,CU2612,,284
永安期货,2026-06-08,CU2611,367,
永安期货,2026-06-08,CU2610,522,511
永安期货,2026-06-08,CU2609,1304,
永安期货,2026-06-08,CU2612,,274
永安期货,2026-06-05,CU2610,488,502
永安期货,2026-06-05,CU2609,1365,
永安期货,2026-06-05,CU2612,,276
永安期货,2026-06-04,CU2610,488,500
永安期货,2026-06-04,CU2609,1324,
永安期货,2026-06-04,CU2612,,276
永安期货,2026-06-03,CU2610,474,503
永安期货,2026-06-03,CU2609,1332,
永安期货,2026-06-03,CU2612,,282
永安期货,2026-06-02,CU2610,479,502
永安期货,2026-06-02,CU2609,1324,
永安期货,2026-06-02,CU2612,,277
永安期货,2026-06-01,CU2610,487,496
永安期货,2026-06-01,CU2609,1309,
永安期货,2026-06-01,CU2612,,276
永安期货,2026-05-29,CU2609,1305,
永安期货,2026-05-29,CU2610,480,494
永安期货,2026-05-29,CU2612,,284
永安期货,2026-05-28,CU2610,471,489
永安期货,2026-05-28,CU2609,1258,
永安期货,2026-05-28,CU2612,,277
永安期货,2026-05-27,CU2610,449,484
永安期货,2026-05-27,CU2609,1267,
永安期货,2026-05-27,CU2612,,276
永安期货,2026-05-26,CU2610,449,461
永安期货,2026-05-26,CU2609,1262,
永安期货,2026-05-26,CU2612,414,277
永安期货,2026-05-25,CU2610,439,460
永安期货,2026-05-25,CU2609,1206,
永安期货,2026-05-25,CU2612,413,276
永安期货,2026-05-22,CU2610,450,456
永安期货,2026-05-22,CU2612,408,275
永安期货,2026-05-22,CU2609,1175,
永安期货,2026-05-21,CU2610,452,458
永安期货,2026-05-21,CU2612,409,274
永安期货,2026-05-21,CU2609,1181,
永安期货,2026-05-20,CU2610,455,451
永安期货,2026-05-20,CU2609,1174,
永安期货,2026-05-20,CU2612,404,274
永安期货,2026-05-19,CU2610,452,466
永安期货,2026-05-19,CU2609,1185,
永安期货,2026-05-19,CU2612,411,278
永安期货,2026-05-18,CU2610,450,462
永安期货,2026-05-18,CU2609,1154,
永安期货,2026-05-18,CU2612,408,280
永安期货,2026-05-15,CU2610,442,462
永安期货,2026-05-15,CU2609,1221,
永安期货,2026-05-15,CU2612,410,276
永安期货,2026-05-14,CU2610,415,468
永安期货,2026-05-14,CU2609,1172,
永安期货,2026-05-14,CU2612,,283
永安期货,2026-05-13,CU2610,409,470
永安期货,2026-05-13,CU2609,1123,
永安期货,2026-05-13,CU2612,,368
永安期货,2026-05-12,CU2610,420,464
永安期货,2026-05-12,CU2609,1034,
永安期货,2026-05-12,CU2612,,367
永安期货,2026-05-11,CU2610,399,455
永安期货,2026-05-11,CU2609,974,
永安期货,2026-05-11,CU2612,,372
永安期货,2026-05-08,CU2610,399,454
永安期货,2026-05-08,CU2612,,372
永安期货,2026-05-07,CU2610,403,441
永安期货,2026-05-07,CU2612,,362
永安期货,2026-05-06,CU2610,408,439
永安期货,2026-05-06,CU2612,434,331
永安期货,2026-04-30,CU2610,404,444
永安期货,2026-04-30,CU2612,416,330
永安期货,2026-04-30,CU2609,856,
永安期货,2026-04-29,CU2610,399,446
永安期货,2026-04-29,CU2612,416,330
永安期货,2026-04-28,CU2612,418,330
永安期货,2026-04-28,CU2609,834,
永安期货,2026-04-27,CU2612,423,330
永安期货,2026-04-27,CU2609,832,
永安期货,2026-04-24,CU2612,432,330
永安期货,2026-04-24,CU2609,791,
永安期货,2026-04-23,CU2612,419,331
永安期货,2026-04-23,CU2609,816,
永安期货,2026-04-22,CU2609,775,
永安期货,2026-04-22,CU2612,398,
永安期货,2026-04-21,CU2612,401,
永安期货,2026-04-21,CU2609,776,
永安期货,2026-04-20,CU2612,404,
永安期货,2026-04-20,CU2609,800,
永安期货,2026-04-17,CU2612,384,
永安期货,2026-04-17,CU2609,,
永安期货,2026-04-16,CU2612,384,
永安期货,2026-04-16,CU2609,,
永安期货,2026-04-15,CU2612,385,
永安期货,2026-04-14,CU2612,382,
永安期货,2026-04-14,CU2609,,
永安期货,2026-04-13,CU2612,383,
永安期货,2026-04-13,CU2609,,364
永安期货,2026-04-10,CU2609,537,363
永安期货,2026-04-09,CU2609,533,393
永安期货,2026-04-09,CU2612,386,
永安期货,2026-04-08,CU2609,537,394
永安期货,2026-04-08,CU2612,385,
永安期货,2026-04-07,CU2612,374,
永安期货,2026-04-07,CU2609,,441
永安期货,2026-04-03,CU2609,570,433
永安期货,2026-04-03,CU2612,380,
永安期货,2026-04-02,CU2609,580,432
永安期货,2026-04-02,CU2612,378,
永安期货,2026-04-01,CU2609,583,267
永安期货,2026-04-01,CU2612,,
永安期货,2026-03-31,CU2609,571,
永安期货,2026-03-30,CU2609,548,
永安期货,2026-03-27,CU2609,555,
永安期货,2026-03-27,CU2612,,
永安期货,2026-03-26,CU2609,551,
永安期货,2026-03-26,CU2612,257,
永安期货,2026-03-25,CU2609,565,
永安期货,2026-03-25,CU2612,259,
永安期货,2026-03-24,CU2609,554,
永安期货,2026-03-24,CU2612,258,
永安期货,2026-03-23,CU2609,546,
永安期货,2026-03-23,CU2612,263,
永安期货,2026-03-20,CU2609,619,
永安期货,2026-03-20,CU2612,265,
永安期货,2026-03-19,CU2609,671,
永安期货,2026-03-19,CU2612,278,
永安期货,2026-03-18,CU2609,829,
永安期货,2026-03-18,CU2612,272,
永安期货,2026-03-17,CU2609,797,
永安期货,2026-03-17,CU2612,,
永安期货,2026-03-16,CU2609,786,
永安期货,2026-03-13,CU2609,789,
永安期货,2026-03-13,CU2612,,
永安期货,2026-03-12,CU2609,765,
永安期货,2026-03-11,CU2609,744,
永安期货,2026-03-10,CU2609,745,
永安期货,2026-03-09,CU2609,747,
永安期货,2026-03-06,CU2609,738,
永安期货,2026-03-05,CU2609,720,
永安期货,2026-03-04,CU2609,719,
永安期货,2026-03-03,CU2609,712,
永安期货,2026-03-02,CU2609,751,
永安期货,2026-02-27,CU2609,740,
永安期货,2026-02-26,CU2609,737,
永安期货,2026-02-25,CU2609,738,
永安期货,2026-02-24,CU2609,723,
永安期货,2026-02-13,CU2609,665,
永安期货,2026-02-12,CU2609,680,
永安期货,2026-02-11,CU2609,683,
永安期货,2026-02-10,CU2609,677,
永安期货,2026-02-09,CU2609,678,
永安期货,2026-02-06,CU2609,678,
永安期货,2026-02-05,CU2609,719,
永安期货,2026-02-04,CU2609,732,
永安期货,2026-02-03,CU2609,721,
永安期货,2026-02-02,CU2609,738,
永安期货,2026-01-30,CU2609,735,
永安期货,2026-01-29,CU2609,779,
永安期货,2026-01-28,CU2609,779,
永安期货,2026-01-27,CU2609,835,98
永安期货,2026-01-26,CU2609,832,
永安期货,2026-01-23,CU2609,832,
永安期货,2026-01-22,CU2609,816,
永安期货,2026-01-21,CU2609,831,
永安期货,2026-01-20,CU2609,809,
永安期货,2026-01-19,CU2609,810,
永安期货,2026-01-16,CU2609,813,
永安期货,2026-01-15,CU2609,796,98
永安期货,2026-01-14,CU2609,754,
永安期货,2026-01-13,CU2609,751,93
永安期货,2026-01-12,CU2609,742,
永安期货,2026-01-09,CU2609,705,94
永安期货,2026-01-08,CU2609,699,94
永安期货,2026-01-07,CU2609,617,94
永安期货,2026-01-06,CU2609,551,94
永安期货,2026-01-05,CU2609,584,83
永安期货,2025-12-31,CU2609,589,83
永安期货,2025-12-30,CU2609,684,83
永安期货,2025-12-29,CU2609,648,83
永安期货,2025-12-26,CU2609,592,74
永安期货,2025-12-25,CU2609,560,64
永安期货,2025-12-24,CU2609,523,64
银河期货,2026-09-03,CU2702,1959,192
银河期货,2026-09-03,CU2610,10721,4645
银河期货,2026-09-03,CU2703,1938,129
银河期货,2026-09-03,CU2611,6110,2784
银河期货,2026-09-03,CU2609,2660,1670
银河期货,2026-09-03,CU2612,2579,5072
银河期货,2026-09-03,CU2701,983,5115
银河期货,2026-09-02,CU2702,2011,189
银河期货,2026-09-02,CU2610,11034,5155
银河期货,2026-09-02,CU2703,1838,128
银河期货,2026-09-02,CU2611,6165,2756
银河期货,2026-09-02,CU2609,2725,1735
银河期货,2026-09-02,CU2612,2771,4978
银河期货,2026-09-02,CU2701,1022,5114
银河期货,2026-09-01,CU2702,2084,168
银河期货,2026-09-01,CU2610,11386,5983
银河期货,2026-09-01,CU2611,6079,2262
银河期货,2026-09-01,CU2703,1561,97
银河期货,2026-09-01,CU2609,2940,2705
银河期货,2026-09-01,CU2612,2574,4960
银河期货,2026-09-01,CU2701,1109,4797
银河期货,2026-08-31,CU2702,2165,171
银河期货,2026-08-31,CU2703,1584,126
银河期货,2026-08-31,CU2610,11296,6635
银河期货,2026-08-31,CU2611,5946,2106
银河期货,2026-08-31,CU2609,3295,2770
银河期货,2026-08-31,CU2612,2462,4853
银河期货,2026-08-31,CU2701,1110,4785
银河期货,2026-08-28,CU2610,10922,5579
银河期货,2026-08-28,CU2702,1484,155
银河期货,2026-08-28,CU2611,4744,1789
银河期货,2026-08-28,CU2609,3811,3347
银河期货,2026-08-28,CU2703,1471,104
银河期货,2026-08-28,CU2612,2629,5084
银河期货,2026-08-28,CU2701,1119,4594
银河期货,2026-08-27,CU2610,11470,5427
银河期货,2026-08-27,CU2702,1395,133
银河期货,2026-08-27,CU2611,4187,1845
银河期货,2026-08-27,CU2609,3843,3598
银河期货,2026-08-27,CU2612,2586,5121
银河期货,2026-08-27,CU2703,1122,108
银河期货,2026-08-27,CU2701,1062,4466
银河期货,2026-08-26,CU2610,11399,5893
银河期货,2026-08-26,CU2611,3772,1932
银河期货,2026-08-26,CU2612,2383,4962
银河期货,2026-08-26,CU2609,3805,3863
银河期货,2026-08-26,CU2703,993,133
银河期货,2026-08-26,CU2701,1074,4187
银河期货,2026-08-25,CU2610,10618,4829
银河期货,2026-08-25,CU2609,4110,4662
银河期货,2026-08-25,CU2612,2129,4576
银河期货,2026-08-25,CU2703,967,289
银河期货,2026-08-25,CU2611,2529,1768
银河期货,2026-08-25,CU2701,983,3962
银河期货,2026-08-24,CU2610,9117,4836
银河期货,2026-08-24,CU2609,4621,4305
银河期货,2026-08-24,CU2703,1098,70
银河期货,2026-08-24,CU2611,2259,1821
银河期货,2026-08-24,CU2701,919,3955
银河期货,2026-08-24,CU2612,1691,4432
银河期货,2026-08-21,CU2610,9027,4411
银河期货,2026-08-21,CU2703,1198,107
银河期货,2026-08-21,CU2609,5545,4127
银河期货,2026-08-21,CU2701,1041,3867
银河期货,2026-08-21,CU2611,1827,2110
银河期货,2026-08-21,CU2612,1823,4429
银河期货,2026-08-20,CU2610,9348,3832
银河期货,2026-08-20,CU2609,5736,4654
银河期货,2026-08-20,CU2703,977,152
银河期货,2026-08-20,CU2701,1095,3873
银河期货,2026-08-20,CU2611,1467,2453
银河期货,2026-08-20,CU2612,1770,4394
银河期货,2026-08-19,CU2610,9688,3634
银河期货,2026-08-19,CU2609,5604,5424
银河期货,2026-08-19,CU2701,1154,3598
银河期货,2026-08-19,CU2612,1990,4159
银河期货,2026-08-19,CU2703,729,174
银河期货,2026-08-19,CU2611,1482,2324
银河期货,2026-08-18,CU2610,9049,2555
银河期货,2026-08-18,CU2609,6919,5386
银河期货,2026-08-18,CU2701,1157,3602
银河期货,2026-08-18,CU2612,1801,4205
银河期货,2026-08-18,CU2611,1470,2358
银河期货,2026-08-18,CU2703,665,244
银河期货,2026-08-17,CU2610,8620,2726
银河期货,2026-08-17,CU2609,7449,6828
银河期货,2026-08-17,CU2701,1164,3552
银河期货,2026-08-17,CU2612,1824,3882
银河期货,2026-08-17,CU2611,1463,2858
银河期货,2026-08-17,CU2703,659,222
银河期货,2026-08-14,CU2610,8367,2413
银河期货,2026-08-14,CU2609,6925,6526
银河期货,2026-08-14,CU2701,980,3425
银河期货,2026-08-14,CU2612,1820,3644
银河期货,2026-08-14,CU2611,1442,2609
银河期货,2026-08-14,CU2703,678,264
银河期货,2026-08-13,CU2610,8002,2598
银河期货,2026-08-13,CU2609,6824,6427
银河期货,2026-08-13,CU2703,792,159
银河期货,2026-08-13,CU2611,1488,2574
银河期货,2026-08-13,CU2701,1012,3489
银河期货,2026-08-13,CU2612,1829,3673
银河期货,2026-08-12,CU2609,6725,6538
银河期货,2026-08-12,CU2610,7708,2476
银河期货,2026-08-12,CU2701,1358,3297
银河期货,2026-08-12,CU2611,1449,3047
银河期货,2026-08-12,CU2612,1722,3863
银河期货,2026-08-12,CU2703,581,408
银河期货,2026-08-11,CU2610,7578,2667
银河期货,2026-08-11,CU2609,6512,6643
银河期货,2026-08-11,CU2701,1383,3283
银河期货,2026-08-11,CU2611,1385,3343
银河期货,2026-08-11,CU2612,1725,3474
银河期货,2026-08-11,CU2703,574,394
银河期货,2026-08-10,CU2609,7117,6586
银河期货,2026-08-10,CU2610,7024,2610
银河期货,2026-08-10,CU2701,1408,3269
银河期货,2026-08-10,CU2611,1337,3474
银河期货,2026-08-10,CU2612,1740,3222
银河期货,2026-08-10,CU2703,554,332
银河期货,2026-08-07,CU2609,7109,5760
银河期货,2026-08-07,CU2610,6548,2506
银河期货,2026-08-07,CU2701,1371,2868
银河期货,2026-08-07,CU2611,1354,3556
银河期货,2026-08-07,CU2612,1765,3232
银河期货,2026-08-07,CU2703,571,355
银河期货,2026-08-06,CU2701,1452,2855
银河期货,2026-08-06,CU2609,6995,5227
银河期货,2026-08-06,CU2610,6180,2482
银河期货,2026-08-06,CU2611,1287,4162
银河期货,2026-08-06,CU2612,1780,3194
银河期货,2026-08-06,CU2703,570,358
银河期货,2026-08-05,CU2701,1360,2847
银河期货,2026-08-05,CU2609,7934,5041
银河期货,2026-08-05,CU2610,5178,3495
银河期货,2026-08-05,CU2612,1750,3411
银河期货,2026-08-05,CU2611,1159,4183
银河期货,2026-08-05,CU2703,620,298
银河期货,2026-08-04,CU2610,6551,5610
银河期货,2026-08-04,CU2609,9141,4114
银河期货,2026-08-04,CU2701,1420,2851
银河期货,2026-08-04,CU2703,820,254
银河期货,2026-08-04,CU2612,1649,3319
银河期货,2026-08-04,CU2611,1045,4128
银河期货,2026-08-03,CU2609,9627,4341
银河期货,2026-08-03,CU2701,1421,2760
银河期货,2026-08-03,CU2610,5910,5966
银河期货,2026-08-03,CU2703,830,263
银河期货,2026-08-03,CU2612,1650,3109
银河期货,2026-08-03,CU2611,938,4038
银河期货,2026-07-31,CU2609,9667,4178
银河期货,2026-07-31,CU2701,1369,2808
银河期货,2026-07-31,CU2610,5533,6015
银河期货,2026-07-31,CU2703,913,204
银河期货,2026-07-31,CU2612,1194,2702
银河期货,2026-07-31,CU2611,,3963
银河期货,2026-07-30,CU2609,10038,4062
银河期货,2026-07-30,CU2701,1376,2670
银河期货,2026-07-30,CU2610,4798,6047
银河期货,2026-07-30,CU2703,792,196
银河期货,2026-07-30,CU2612,1176,2640
银河期货,2026-07-30,CU2611,864,3869
银河期货,2026-07-29,CU2609,10133,3747
银河期货,2026-07-29,CU2701,1479,2440
银河期货,2026-07-29,CU2610,4304,5899
银河期货,2026-07-29,CU2703,615,209
银河期货,2026-07-29,CU2612,1168,2777
银河期货,2026-07-29,CU2611,839,3854
银河期货,2026-07-28,CU2609,10965,4495
银河期货,2026-07-28,CU2701,1235,2253
银河期货,2026-07-28,CU2610,4023,5288
银河期货,2026-07-28,CU2703,583,167
银河期货,2026-07-28,CU2612,1157,2779
银河期货,2026-07-28,CU2611,845,3830
银河期货,2026-07-27,CU2609,11147,4783
银河期货,2026-07-27,CU2610,3936,5118
银河期货,2026-07-27,CU2701,1123,2274
银河期货,2026-07-27,CU2703,472,178
银河期货,2026-07-27,CU2612,1164,2729
银河期货,2026-07-27,CU2611,816,3723
银河期货,2026-07-24,CU2609,10910,5489
银河期货,2026-07-24,CU2610,3902,5159
银河期货,2026-07-24,CU2701,769,1897
银河期货,2026-07-24,CU2611,852,3378
银河期货,2026-07-24,CU2612,1293,2536
银河期货,2026-07-24,CU2703,470,180
银河期货,2026-07-23,CU2609,9265,5187
银河期货,2026-07-23,CU2701,902,1817
银河期货,2026-07-23,CU2610,2184,5029
银河期货,2026-07-23,CU2612,1286,2318
银河期货,2026-07-23,CU2611,843,3311
银河期货,2026-07-23,CU2703,447,188
银河期货,2026-07-22,CU2609,8887,6601
银河期货,2026-07-22,CU2701,922,1800
银河期货,2026-07-22,CU2611,907,3265
银河期货,2026-07-22,CU2610,2155,4874
银河期货,2026-07-22,CU2612,1388,2249
银河期货,2026-07-22,CU2703,463,158
银河期货,2026-07-21,CU2609,8072,6646
银河期货,2026-07-21,CU2701,910,1797
银河期货,2026-07-21,CU2611,938,3323
银河期货,2026-07-21,CU2610,2212,5083
银河期货,2026-07-21,CU2612,1730,2268
银河期货,2026-07-21,CU2703,450,181
银河期货,2026-07-20,CU2609,7616,6184
银河期货,2026-07-20,CU2701,764,1318
银河期货,2026-07-20,CU2610,2103,4966
银河期货,2026-07-20,CU2611,923,3148
银河期货,2026-07-20,CU2612,1553,2421
银河期货,2026-07-20,CU2703,427,241
银河期货,2026-07-17,CU2609,7149,5468
银河期货,2026-07-17,CU2701,720,1044
银河期货,2026-07-17,CU2611,1052,3088
银河期货,2026-07-17,CU2610,2098,4668
银河期货,2026-07-17,CU2612,1750,2673
银河期货,2026-07-17,CU2703,400,272
银河期货,2026-07-16,CU2609,7443,5726
银河期货,2026-07-16,CU2701,626,946
银河期货,2026-07-16,CU2611,1001,3046
银河期货,2026-07-16,CU2610,1658,4400
银河期货,2026-07-16,CU2612,1654,2776
银河期货,2026-07-16,CU2703,377,309
银河期货,2026-07-15,CU2609,7234,5472
银河期货,2026-07-15,CU2611,1078,3039
银河期货,2026-07-15,CU2701,574,957
银河期货,2026-07-15,CU2610,1524,4405
银河期货,2026-07-15,CU2612,1503,2796
银河期货,2026-07-15,CU2703,365,236
银河期货,2026-07-14,CU2609,7097,5676
银河期货,2026-07-14,CU2611,1023,3061
银河期货,2026-07-14,CU2701,585,923
银河期货,2026-07-14,CU2610,1433,4375
银河期货,2026-07-14,CU2612,1361,2858
银河期货,2026-07-13,CU2609,6583,5675
银河期货,2026-07-13,CU2611,941,2998
银河期货,2026-07-13,CU2701,590,962
银河期货,2026-07-13,CU2610,1380,4284
银河期货,2026-07-13,CU2612,1489,2971
银河期货,2026-07-10,CU2609,6904,5491
银河期货,2026-07-10,CU2701,635,936
银河期货,2026-07-10,CU2611,836,2975
银河期货,2026-07-10,CU2610,1379,3740
银河期货,2026-07-10,CU2612,1366,2953
银河期货,2026-07-09,CU2609,6425,5803
银河期货,2026-07-09,CU2701,590,974
银河期货,2026-07-09,CU2611,881,2932
银河期货,2026-07-09,CU2610,1463,3814
银河期货,2026-07-09,CU2612,1647,3127
银河期货,2026-07-08,CU2609,5717,4958
银河期货,2026-07-08,CU2611,916,2953
银河期货,2026-07-08,CU2701,605,948
银河期货,2026-07-08,CU2610,1405,3612
银河期货,2026-07-08,CU2612,1115,2771
银河期货,2026-07-07,CU2609,5609,4416
银河期货,2026-07-07,CU2701,624,961
银河期货,2026-07-07,CU2611,821,2924
银河期货,2026-07-07,CU2610,1461,3602
银河期货,2026-07-07,CU2612,1075,2883
银河期货,2026-07-06,CU2609,5607,4410
银河期货,2026-07-06,CU2701,736,955
银河期货,2026-07-06,CU2611,819,2944
银河期货,2026-07-06,CU2610,1429,3528
银河期货,2026-07-06,CU2612,1055,2943
银河期货,2026-07-03,CU2609,5576,4773
银河期货,2026-07-03,CU2701,583,499
银河期货,2026-07-03,CU2610,1397,3026
银河期货,2026-07-03,CU2611,818,2922
银河期货,2026-07-03,CU2612,1227,2726
银河期货,2026-07-02,CU2609,5540,4776
银河期货,2026-07-02,CU2701,644,388
银河期货,2026-07-02,CU2612,1484,2689
银河期货,2026-07-02,CU2611,832,2868
银河期货,2026-07-02,CU2610,1378,2747
银河期货,2026-07-01,CU2609,5516,4612
银河期货,2026-07-01,CU2610,1424,2205
银河期货,2026-07-01,CU2701,685,404
银河期货,2026-07-01,CU2612,1447,2650
银河期货,2026-07-01,CU2611,819,2805
银河期货,2026-06-30,CU2609,5413,4609
银河期货,2026-06-30,CU2612,1757,2647
银河期货,2026-06-30,CU2610,1367,1929
银河期货,2026-06-30,CU2611,933,2772
银河期货,2026-06-30,CU2701,519,107
银河期货,2026-06-29,CU2609,5629,4544
银河期货,2026-06-29,CU2612,1709,2655
银河期货,2026-06-29,CU2611,852,1090
银河期货,2026-06-29,CU2610,1288,2115
银河期货,2026-06-26,CU2609,5601,4230
银河期货,2026-06-26,CU2612,1417,1345
银河期货,2026-06-26,CU2611,909,1107
银河期货,2026-06-26,CU2610,1333,1832
银河期货,2026-06-25,CU2609,4449,4308
银河期货,2026-06-25,CU2612,1530,1369
银河期货,2026-06-25,CU2610,1393,1872
银河期货,2026-06-25,CU2611,880,921
银河期货,2026-06-24,CU2609,4471,3862
银河期货,2026-06-24,CU2610,1420,1796
银河期货,2026-06-24,CU2611,805,649
银河期货,2026-06-24,CU2612,1127,1004
银河期货,2026-06-23,CU2609,4356,3868
银河期货,2026-06-23,CU2610,1365,1651
银河期货,2026-06-23,CU2611,737,592
银河期货,2026-06-23,CU2612,963,849
银河期货,2026-06-22,CU2609,4333,4059
银河期货,2026-06-22,CU2610,1677,1680
银河期货,2026-06-22,CU2611,773,681
银河期货,2026-06-22,CU2612,783,721
银河期货,2026-06-18,CU2609,4119,4062
银河期货,2026-06-18,CU2610,1747,1665
银河期货,2026-06-18,CU2611,701,626
银河期货,2026-06-18,CU2612,867,656
银河期货,2026-06-17,CU2609,4224,3979
银河期货,2026-06-17,CU2610,1718,1329
银河期货,2026-06-17,CU2611,733,715
银河期货,2026-06-17,CU2612,869,712
银河期货,2026-06-16,CU2609,4018,3996
银河期货,2026-06-16,CU2610,1538,1181
银河期货,2026-06-16,CU2611,679,614
银河期货,2026-06-16,CU2612,902,646
银河期货,2026-06-15,CU2609,3711,4305
银河期货,2026-06-15,CU2610,1648,347
银河期货,2026-06-15,CU2611,729,603
银河期货,2026-06-15,CU2612,1102,617
银河期货,2026-06-12,CU2610,1708,
银河期货,2026-06-12,CU2609,3189,3948
银河期货,2026-06-12,CU2611,647,619
银河期货,2026-06-12,CU2612,808,655
银河期货,2026-06-11,CU2610,1463,368
银河期货,2026-06-11,CU2609,3152,3814
银河期货,2026-06-11,CU2611,640,638
银河期货,2026-06-11,CU2612,916,581
银河期货,2026-06-10,CU2610,1399,401
银河期货,2026-06-10,CU2609,3049,3634
银河期货,2026-06-10,CU2611,626,701
银河期货,2026-06-10,CU2612,828,545
银河期货,2026-06-09,CU2610,1430,383
银河期货,2026-06-09,CU2609,3033,3577
银河期货,2026-06-09,CU2611,614,734
银河期货,2026-06-09,CU2612,776,533
银河期货,2026-06-08,CU2610,1509,342
银河期货,2026-06-08,CU2609,3311,3620
银河期货,2026-06-08,CU2611,617,609
银河期货,2026-06-08,CU2612,872,554
银河期货,2026-06-05,CU2610,1359,388
银河期货,2026-06-05,CU2609,3302,3653
银河期货,2026-06-05,CU2612,853,148
银河期货,2026-06-04,CU2610,1359,373
银河期货,2026-06-04,CU2609,3087,3501
银河期货,2026-06-04,CU2612,988,138
银河期货,2026-06-03,CU2610,1355,308
银河期货,2026-06-03,CU2609,3201,3528
银河期货,2026-06-03,CU2612,1022,234
银河期货,2026-06-02,CU2610,1355,370
银河期货,2026-06-02,CU2609,3336,3452
银河期货,2026-06-02,CU2612,876,126
银河期货,2026-06-01,CU2609,3544,2648
银河期货,2026-06-01,CU2610,1333,370
银河期货,2026-06-01,CU2612,1057,195
银河期货,2026-05-29,CU2609,3153,2582
银河期货,2026-05-29,CU2610,1357,351
银河期货,2026-05-29,CU2612,998,167
银河期货,2026-05-28,CU2609,3303,2623
银河期货,2026-05-28,CU2610,1334,470
银河期货,2026-05-28,CU2612,996,226
银河期货,2026-05-27,CU2609,3061,2309
银河期货,2026-05-27,CU2610,1036,566
银河期货,2026-05-27,CU2612,759,230
银河期货,2026-05-26,CU2609,2871,2115
银河期货,2026-05-26,CU2610,1084,492
银河期货,2026-05-26,CU2612,774,177
银河期货,2026-05-25,CU2609,2809,1711
银河期货,2026-05-25,CU2610,984,267
银河期货,2026-05-25,CU2612,730,251
银河期货,2026-05-22,CU2609,2791,1527
银河期货,2026-05-22,CU2610,1032,320
银河期货,2026-05-22,CU2612,729,211
银河期货,2026-05-21,CU2610,1053,302
银河期货,2026-05-21,CU2609,1788,1828
银河期货,2026-05-21,CU2612,694,241
银河期货,2026-05-20,CU2610,1091,
银河期货,2026-05-20,CU2609,2059,1783
银河期货,2026-05-20,CU2612,716,407
银河期货,2026-05-19,CU2610,1180,
银河期货,2026-05-19,CU2609,1989,1447
银河期货,2026-05-19,CU2612,663,634
银河期货,2026-05-18,CU2610,1156,
银河期货,2026-05-18,CU2609,1998,1242
银河期货,2026-05-18,CU2612,686,719
银河期货,2026-05-15,CU2610,1114,
银河期货,2026-05-15,CU2609,2016,1070
银河期货,2026-05-15,CU2612,698,866
银河期货,2026-05-14,CU2610,1151,157
银河期货,2026-05-14,CU2609,1874,801
银河期货,2026-05-14,CU2612,676,643
银河期货,2026-05-13,CU2610,1071,130
银河期货,2026-05-13,CU2609,1915,843
银河期货,2026-05-13,CU2612,543,375
银河期货,2026-05-12,CU2610,994,139
银河期货,2026-05-12,CU2609,1812,727
银河期货,2026-05-12,CU2612,539,417
银河期货,2026-05-11,CU2610,973,
银河期货,2026-05-11,CU2609,1728,672
银河期货,2026-05-11,CU2612,563,437
银河期货,2026-05-08,CU2610,978,
银河期货,2026-05-08,CU2609,1708,774
银河期货,2026-05-08,CU2612,633,263
银河期货,2026-05-07,CU2609,1591,616
银河期货,2026-05-07,CU2610,896,122
银河期货,2026-05-07,CU2612,578,162
银河期货,2026-05-06,CU2609,1651,647
银河期货,2026-05-06,CU2610,894,160
银河期货,2026-05-06,CU2612,562,107
银河期货,2026-04-30,CU2610,861,167
银河期货,2026-04-30,CU2609,1541,620
银河期货,2026-04-30,CU2612,562,108
银河期货,2026-04-29,CU2610,830,244
银河期货,2026-04-29,CU2609,1465,547
银河期货,2026-04-29,CU2612,539,107
银河期货,2026-04-28,CU2609,1286,494
银河期货,2026-04-28,CU2612,534,98
银河期货,2026-04-27,CU2612,560,92
银河期货,2026-04-27,CU2609,962,456
银河期货,2026-04-24,CU2612,562,86
银河期货,2026-04-24,CU2609,932,451
银河期货,2026-04-23,CU2609,1039,494
银河期货,2026-04-23,CU2612,578,109
银河期货,2026-04-22,CU2612,656,110
银河期货,2026-04-22,CU2609,844,356
银河期货,2026-04-21,CU2612,764,113
银河期货,2026-04-21,CU2609,933,415
银河期货,2026-04-20,CU2612,841,124
银河期货,2026-04-20,CU2609,916,506
银河期货,2026-04-17,CU2612,852,142
银河期货,2026-04-17,CU2609,873,405
银河期货,2026-04-16,CU2612,725,122
银河期货,2026-04-16,CU2609,992,427
银河期货,2026-04-15,CU2612,688,176
银河期货,2026-04-15,CU2609,1028,496
银河期货,2026-04-14,CU2612,562,260
银河期货,2026-04-14,CU2609,1099,404
银河期货,2026-04-13,CU2609,1229,861
银河期货,2026-04-13,CU2612,549,272
银河期货,2026-04-10,CU2609,1118,639
银河期货,2026-04-10,CU2612,544,255
银河期货,2026-04-09,CU2609,1137,672
银河期货,2026-04-09,CU2612,501,226
银河期货,2026-04-08,CU2609,1177,705
银河期货,2026-04-08,CU2612,530,216
银河期货,2026-04-07,CU2609,1160,640
银河期货,2026-04-07,CU2612,524,221
银河期货,2026-04-03,CU2609,1232,651
银河期货,2026-04-03,CU2612,509,218
银河期货,2026-04-02,CU2609,1274,675
银河期货,2026-04-02,CU2612,502,150
银河期货,2026-04-01,CU2609,1160,671
银河期货,2026-04-01,CU2612,517,38
银河期货,2026-03-31,CU2609,1099,653
银河期货,2026-03-31,CU2612,540,39
银河期货,2026-03-30,CU2609,1102,659
银河期货,2026-03-30,CU2612,572,
银河期货,2026-03-27,CU2609,1063,676
银河期货,2026-03-27,CU2612,532,49
银河期货,2026-03-26,CU2609,1072,697
银河期货,2026-03-26,CU2612,573,37
银河期货,2026-03-25,CU2609,1096,699
银河期货,2026-03-25,CU2612,634,
银河期货,2026-03-24,CU2609,1105,660
银河期货,2026-03-24,CU2612,677,
银河期货,2026-03-23,CU2609,1162,649
银河期货,2026-03-23,CU2612,641,
银河期货,2026-03-20,CU2609,1153,674
银河期货,2026-03-20,CU2612,696,
银河期货,2026-03-19,CU2609,1212,682
银河期货,2026-03-19,CU2612,691,
银河期货,2026-03-18,CU2609,1149,660
银河期货,2026-03-18,CU2612,668,
银河期货,2026-03-17,CU2609,1073,638
银河期货,2026-03-17,CU2612,657,
银河期货,2026-03-16,CU2609,1104,657
银河期货,2026-03-16,CU2612,659,
银河期货,2026-03-13,CU2609,1042,649
银河期货,2026-03-13,CU2612,575,
银河期货,2026-03-12,CU2609,1039,667
银河期货,2026-03-11,CU2609,989,733
银河期货,2026-03-10,CU2609,1013,710
银河期货,2026-03-09,CU2609,1016,661
银河期货,2026-03-06,CU2609,929,629
银河期货,2026-03-05,CU2609,932,682
银河期货,2026-03-04,CU2609,865,619
银河期货,2026-03-03,CU2609,810,640
银河期货,2026-03-02,CU2609,756,693
银河期货,2026-02-27,CU2609,763,696
银河期货,2026-02-26,CU2609,724,711
银河期货,2026-02-25,CU2609,726,762
银河期货,2026-02-24,CU2609,751,774
银河期货,2026-02-13,CU2609,646,741
银河期货,2026-02-12,CU2609,687,781
银河期货,2026-02-11,CU2609,637,683
银河期货,2026-02-10,CU2609,625,678
银河期货,2026-02-09,CU2609,652,769
银河期货,2026-02-06,CU2609,731,811
银河期货,2026-02-05,CU2609,742,747
银河期货,2026-02-04,CU2609,699,680
银河期货,2026-02-03,CU2609,676,641
银河期货,2026-02-02,CU2609,704,649
银河期货,2026-01-30,CU2609,832,801
银河期货,2026-01-29,CU2609,815,865
银河期货,2026-01-28,CU2609,710,786
银河期货,2026-01-27,CU2609,671,782
银河期货,2026-01-26,CU2609,691,773
银河期货,2026-01-23,CU2609,664,692
银河期货,2026-01-22,CU2609,633,697
银河期货,2026-01-21,CU2609,673,740
银河期货,2026-01-20,CU2609,745,710
银河期货,2026-01-19,CU2609,812,718
银河期货,2026-01-16,CU2609,909,783
银河期货,2026-01-15,CU2609,747,676
银河期货,2026-01-14,CU2609,833,697
银河期货,2026-01-13,CU2609,891,657
银河期货,2026-01-12,CU2609,888,666
银河期货,2026-01-09,CU2609,948,634
银河期货,2026-01-08,CU2609,818,638
银河期货,2026-01-07,CU2609,653,744
银河期货,2026-01-06,CU2609,704,519
银河期货,2026-01-05,CU2609,636,526
银河期货,2025-12-31,CU2609,734,495
银河期货,2025-12-30,CU2609,673,522
银河期货,2025-12-29,CU2609,566,268
银河期货,2025-12-26,CU2609,528,102
银河期货,2025-12-25,CU2609,601,80
银河期货,2025-12-24,CU2609,792,67
东证期货,2026-09-03,CU2610,9994,12978
东证期货,2026-09-03,CU2611,4424,4891
东证期货,2026-09-03,CU2701,1222,743
东证期货,2026-09-03,CU2609,1115,1720
东证期货,2026-09-03,CU2612,1731,2200
东证期货,2026-09-03,CU2703,432,1200
东证期货,2026-09-03,CU2702,,1028
东证期货,2026-09-02,CU2610,10259,13781
东证期货,2026-09-02,CU2611,4714,5100
东证期货,2026-09-02,CU2701,1401,1005
东证期货,2026-09-02,CU2609,1200,2200
东证期货,2026-09-02,CU2612,2280,2750
东证期货,2026-09-02,CU2703,471,1194
东证期货,2026-09-02,CU2702,260,1232
东证期货,2026-09-01,CU2610,11333,12358
东证期货,2026-09-01,CU2611,4152,4651
东证期货,2026-09-01,CU2701,1165,693
东证期货,2026-09-01,CU2609,1335,2830
东证期货,2026-09-01,CU2703,433,1199
东证期货,2026-09-01,CU2612,1615,2386
东证期货,2026-09-01,CU2702,,1085
东证期货,2026-08-31,CU2610,11850,11957
东证期货,2026-08-31,CU2611,4242,4923
东证期货,2026-08-31,CU2701,1370,1058
东证期货,2026-08-31,CU2609,1490,2700
东证期货,2026-08-31,CU2612,1733,2391
东证期货,2026-08-31,CU2703,432,1203
东证期货,2026-08-31,CU2702,,997
东证期货,2026-08-28,CU2610,10299,11252
东证期货,2026-08-28,CU2611,3975,4109
东证期货,2026-08-28,CU2609,1751,3699
东证期货,2026-08-28,CU2701,1110,748
东证期货,2026-08-28,CU2612,1973,2407
东证期货,2026-08-28,CU2703,436,1210
东证期货,2026-08-28,CU2702,,1012
东证期货,2026-08-27,CU2610,10511,10939
东证期货,2026-08-27,CU2611,3509,3533
东证期货,2026-08-27,CU2701,907,511
东证期货,2026-08-27,CU2609,1973,4249
东证期货,2026-08-27,CU2703,460,1205
东证期货,2026-08-27,CU2612,1548,2133
东证期货,2026-08-27,CU2702,,919
东证期货,2026-08-26,CU2610,12752,11317
东证期货,2026-08-26,CU2611,3701,3484
东证期货,2026-08-26,CU2609,3158,4480
东证期货,2026-08-26,CU2701,768,882
东证期货,2026-08-26,CU2703,517,1123
东证期货,2026-08-26,CU2612,1713,1809
东证期货,2026-08-25,CU2610,9709,10855
东证期货,2026-08-25,CU2609,4657,4581
东证期货,2026-08-25,CU2611,3038,3456
东证期货,2026-08-25,CU2701,687,709
东证期货,2026-08-25,CU2703,512,1122
东证期货,2026-08-25,CU2612,1457,2054
东证期货,2026-08-24,CU2610,8800,9705
东证期货,2026-08-24,CU2609,5575,5957
东证期货,2026-08-24,CU2611,3248,3293
东证期货,2026-08-24,CU2701,733,800
东证期货,2026-08-24,CU2612,1281,1803
东证期货,2026-08-24,CU2703,,1123
东证期货,2026-08-21,CU2609,7067,7216
东证期货,2026-08-21,CU2610,6820,9690
东证期货,2026-08-21,CU2611,2672,3153
东证期货,2026-08-21,CU2701,720,757
东证期货,2026-08-21,CU2612,1619,1943
东证期货,2026-08-21,CU2703,,1142
东证期货,2026-08-20,CU2609,7195,8518
东证期货,2026-08-20,CU2610,5629,9618
东证期货,2026-08-20,CU2611,2620,3164
东证期货,2026-08-20,CU2701,676,516
东证期货,2026-08-20,CU2612,1293,1708
东证期货,2026-08-20,CU2703,323,1132
东证期货,2026-08-19,CU2609,7250,10040
东证期货,2026-08-19,CU2611,2753,3545
东证期货,2026-08-19,CU2610,6195,9622
东证期货,2026-08-19,CU2701,634,482
东证期货,2026-08-19,CU2612,1331,1892
东证期货,2026-08-19,CU2703,,1167
东证期货,2026-08-18,CU2609,8102,9892
东证期货,2026-08-18,CU2610,6344,8547
东证期货,2026-08-18,CU2611,2099,3096
东证期货,2026-08-18,CU2701,816,855
东证期货,2026-08-18,CU2703,346,1003
东证期货,2026-08-18,CU2612,1327,1833
东证期货,2026-08-17,CU2609,9495,9903
东证期货,2026-08-17,CU2611,2358,3048
东证期货,2026-08-17,CU2610,6709,7799
东证期货,2026-08-17,CU2612,1635,1855
东证期货,2026-08-17,CU2703,339,959
东证期货,2026-08-17,CU2701,,546
东证期货,2026-08-14,CU2609,9312,10401
东证期货,2026-08-14,CU2610,6574,7043
东证期货,2026-08-14,CU2611,1517,2826
东证期货,2026-08-14,CU2612,1364,1338
东证期货,2026-08-14,CU2703,308,1037
东证期货,2026-08-14,CU2701,,530
东证期货,2026-08-13,CU2609,9197,12364
东证期货,2026-08-13,CU2611,1710,3109
东证期货,2026-08-13,CU2610,6995,6401
东证期货,2026-08-13,CU2612,1371,1604
东证期货,2026-08-13,CU2703,309,1078
东证期货,2026-08-13,CU2701,,587
东证期货,2026-08-12,CU2609,10253,10894
东证期货,2026-08-12,CU2610,7963,6077
东证期货,2026-08-12,CU2611,1516,2617
东证期货,2026-08-12,CU2703,369,752
东证期货,2026-08-12,CU2612,1324,1334
东证期货,2026-08-12,CU2701,,573
东证期货,2026-08-11,CU2609,10447,10956
东证期货,2026-08-11,CU2611,1715,2701
东证期货,2026-08-11,CU2610,7071,5997
东证期货,2026-08-11,CU2703,534,763
东证期货,2026-08-11,CU2612,1323,1390
东证期货,2026-08-11,CU2701,,514
东证期货,2026-08-10,CU2609,10717,9918
东证期货,2026-08-10,CU2611,1607,2484
东证期货,2026-08-10,CU2610,6586,6107
东证期货,2026-08-10,CU2703,521,742
东证期货,2026-08-10,CU2612,1427,1397
东证期货,2026-08-10,CU2701,,440
东证期货,2026-08-07,CU2609,13100,9975
东证期货,2026-08-07,CU2610,7090,5948
东证期货,2026-08-07,CU2611,1556,2354
东证期货,2026-08-07,CU2612,1802,1362
东证期货,2026-08-07,CU2703,518,743
东证期货,2026-08-07,CU2701,,502
东证期货,2026-08-06,CU2609,12904,9202
东证期货,2026-08-06,CU2610,6701,5711
东证期货,2026-08-06,CU2611,1547,2281
东证期货,2026-08-06,CU2612,1521,1623
东证期货,2026-08-06,CU2703,498,754
东证期货,2026-08-06,CU2701,,418
东证期货,2026-08-05,CU2609,12778,9668
东证期货,2026-08-05,CU2610,6549,5744
东证期货,2026-08-05,CU2611,1720,2516
东证期货,2026-08-05,CU2612,1341,1500
东证期货,2026-08-05,CU2703,506,755
东证期货,2026-08-05,CU2701,,399
东证期货,2026-08-04,CU2609,10036,8067
东证期货,2026-08-04,CU2610,6229,5825
东证期货,2026-08-04,CU2611,1312,2710
东证期货,2026-08-04,CU2612,1487,1328
东证期货,2026-08-04,CU2703,514,745
东证期货,2026-08-04,CU2701,,396
东证期货,2026-08-03,CU2609,10608,8224
东证期货,2026-08-03,CU2610,6433,5594
东证期货,2026-08-03,CU2611,1114,2637
东证期货,2026-08-03,CU2612,1605,1552
东证期货,2026-08-03,CU2703,496,741
东证期货,2026-08-03,CU2701,,373
东证期货,2026-07-31,CU2609,9202,8573
东证期货,2026-07-31,CU2610,5710,5459
东证期货,2026-07-31,CU2611,1057,2297
东证期货,2026-07-31,CU2612,1312,1463
东证期货,2026-07-31,CU2703,357,746
东证期货,2026-07-31,CU2701,,386
东证期货,2026-07-30,CU2610,5630,5836
东证期货,2026-07-30,CU2609,8242,9827
东证期货,2026-07-30,CU2611,1129,2569
东证期货,2026-07-30,CU2612,1427,1644
东证期货,2026-07-30,CU2703,353,742
东证期货,2026-07-30,CU2701,,392
东证期货,2026-07-29,CU2610,4778,5133
东证期货,2026-07-29,CU2609,7623,8485
东证期货,2026-07-29,CU2611,873,2244
东证期货,2026-07-29,CU2703,344,744
东证期货,2026-07-29,CU2612,1019,1392
东证期货,2026-07-29,CU2701,,573
东证期货,2026-07-28,CU2610,4561,5142
东证期货,2026-07-28,CU2609,7687,9333
东证期货,2026-07-28,CU2611,956,2486
东证期货,2026-07-28,CU2612,1113,1473
东证期货,2026-07-28,CU2703,,750
东证期货,2026-07-28,CU2701,,361
东证期货,2026-07-27,CU2610,4119,4560
东证期货,2026-07-27,CU2609,7868,8975
东证期货,2026-07-27,CU2611,1127,2527
东证期货,2026-07-27,CU2612,1378,1323
东证期货,2026-07-27,CU2703,,646
东证期货,2026-07-27,CU2701,,244
东证期货,2026-07-24,CU2610,4052,4555
东证期货,2026-07-24,CU2609,8158,8762
东证期货,2026-07-24,CU2612,1303,1306
东证期货,2026-07-24,CU2611,793,2171
东证期货,2026-07-24,CU2703,,649
东证期货,2026-07-24,CU2701,,275
东证期货,2026-07-23,CU2610,4041,4739
东证期货,2026-07-23,CU2609,11006,7611
东证期货,2026-07-23,CU2611,880,2222
东证期货,2026-07-23,CU2612,1057,1170
东证期货,2026-07-23,CU2703,,655
东证期货,2026-07-23,CU2701,,265
东证期货,2026-07-22,CU2610,3816,5031
东证期货,2026-07-22,CU2609,12347,7735
东证期货,2026-07-22,CU2611,1036,2382
东证期货,2026-07-22,CU2612,1138,1205
东证期货,2026-07-22,CU2703,,676
东证期货,2026-07-22,CU2701,,248
东证期货,2026-07-21,CU2610,4104,5536
东证期货,2026-07-21,CU2609,11917,7848
东证期货,2026-07-21,CU2612,2099,1146
东证期货,2026-07-21,CU2611,992,2162
东证期货,2026-07-21,CU2703,,650
东证期货,2026-07-21,CU2701,,266
东证期货,2026-07-20,CU2610,3357,5483
东证期货,2026-07-20,CU2609,7798,8190
东证期货,2026-07-20,CU2612,1978,1330
东证期货,2026-07-20,CU2611,961,2088
东证期货,2026-07-20,CU2703,,425
东证期货,2026-07-20,CU2701,,252
东证期货,2026-07-17,CU2610,3194,5177
东证期货,2026-07-17,CU2609,5720,7089
东证期货,2026-07-17,CU2612,1976,1231
东证期货,2026-07-17,CU2611,840,2224
东证期货,2026-07-17,CU2703,,360
东证期货,2026-07-17,CU2701,,290
东证期货,2026-07-16,CU2610,2992,5306
东证期货,2026-07-16,CU2612,1956,1156
东证期货,2026-07-16,CU2609,6371,6458
东证期货,2026-07-16,CU2611,1027,2072
东证期货,2026-07-16,CU2703,,361
东证期货,2026-07-16,CU2701,,254
东证期货,2026-07-15,CU2610,2935,4693
东证期货,2026-07-15,CU2609,6299,7655
东证期货,2026-07-15,CU2612,1719,1238
东证期货,2026-07-15,CU2611,884,1812
东证期货,2026-07-15,CU2703,,387
东证期货,2026-07-15,CU2701,,259
东证期货,2026-07-14,CU2610,3148,3714
东证期货,2026-07-14,CU2609,5518,8404
东证期货,2026-07-14,CU2611,1049,1772
东证期货,2026-07-14,CU2612,1598,1121
东证期货,2026-07-14,CU2701,,273
东证期货,2026-07-13,CU2610,2852,3918
东证期货,2026-07-13,CU2609,4966,8625
东证期货,2026-07-13,CU2612,1779,1187
东证期货,2026-07-13,CU2611,739,1769
东证期货,2026-07-13,CU2701,,334
东证期货,2026-07-10,CU2610,2894,3658
东证期货,2026-07-10,CU2609,5013,8063
东证期货,2026-07-10,CU2611,924,1814
东证期货,2026-07-10,CU2612,1615,1186
东证期货,2026-07-10,CU2701,,450
东证期货,2026-07-09,CU2610,2065,3540
东证期货,2026-07-09,CU2609,4834,7561
东证期货,2026-07-09,CU2612,1610,1076
东证期货,2026-07-09,CU2611,662,1733
东证期货,2026-07-09,CU2701,,406
东证期货,2026-07-08,CU2609,4742,7148
东证期货,2026-07-08,CU2610,1639,3331
东证期货,2026-07-08,CU2612,1421,1024
东证期货,2026-07-08,CU2611,583,1364
东证期货,2026-07-08,CU2701,,306
东证期货,2026-07-07,CU2610,1588,3323
东证期货,2026-07-07,CU2609,4132,6817
东证期货,2026-07-07,CU2612,1377,964
东证期货,2026-07-07,CU2611,543,1323
东证期货,2026-07-07,CU2701,,411
东证期货,2026-07-06,CU2610,1459,3333
东证期货,2026-07-06,CU2609,3927,6892
东证期货,2026-07-06,CU2612,1340,1081
东证期货,2026-07-06,CU2611,528,1343
东证期货,2026-07-06,CU2701,,537
东证期货,2026-07-03,CU2610,1474,3422
东证期货,2026-07-03,CU2612,1374,1035
东证期货,2026-07-03,CU2609,3746,6699
东证期货,2026-07-03,CU2611,595,1546
东证期货,2026-07-03,CU2701,,592
东证期货,2026-07-02,CU2610,1411,3461
东证期货,2026-07-02,CU2609,3560,6976
东证期货,2026-07-02,CU2612,1406,968
东证期货,2026-07-02,CU2611,499,1608
东证期货,2026-07-02,CU2701,,466
东证期货,2026-07-01,CU2610,1341,3312
东证期货,2026-07-01,CU2609,3183,6657
东证期货,2026-07-01,CU2612,1339,1059
东证期货,2026-07-01,CU2611,499,1694
东证期货,2026-07-01,CU2701,,508
东证期货,2026-06-30,CU2610,1441,3287
东证期货,2026-06-30,CU2609,3813,6539
东证期货,2026-06-30,CU2612,1392,1036
东证期货,2026-06-30,CU2611,386,1300
东证期货,2026-06-30,CU2701,,532
东证期货,2026-06-29,CU2610,1456,3373
东证期货,2026-06-29,CU2609,3917,6554
东证期货,2026-06-29,CU2612,1505,948
东证期货,2026-06-29,CU2611,312,1215
东证期货,2026-06-26,CU2609,3234,6332
东证期货,2026-06-26,CU2610,1310,3345
东证期货,2026-06-26,CU2612,1340,1143
东证期货,2026-06-26,CU2611,290,1226
东证期货,2026-06-25,CU2609,3474,6202
东证期货,2026-06-25,CU2610,1354,3280
东证期货,2026-06-25,CU2612,1322,1049
东证期货,2026-06-25,CU2611,304,1222
东证期货,2026-06-24,CU2612,1335,932
东证期货,2026-06-24,CU2609,2972,5297
东证期货,2026-06-24,CU2610,1230,2679
东证期货,2026-06-24,CU2611,,1343
东证期货,2026-06-23,CU2612,1312,783
东证期货,2026-06-23,CU2609,2703,4972
东证期货,2026-06-23,CU2610,1187,1975
东证期货,2026-06-23,CU2611,,1161
东证期货,2026-06-22,CU2612,1181,733
东证期货,2026-06-22,CU2609,2476,4818
东证期货,2026-06-22,CU2610,1163,1429
东证期货,2026-06-22,CU2611,,1139
东证期货,2026-06-18,CU2609,2531,4927
东证期货,2026-06-18,CU2610,1145,1238
东证期货,2026-06-18,CU2612,1098,753
东证期货,2026-06-18,CU2611,,1147
东证期货,2026-06-17,CU2609,2360,4790
东证期货,2026-06-17,CU2610,1153,1349
东证期货,2026-06-17,CU2612,702,856
东证期货,2026-06-17,CU2611,,1047
东证期货,2026-06-16,CU2609,2334,4842
东证期货,2026-06-16,CU2610,1107,1357
东证期货,2026-06-16,CU2611,,1041
东证期货,2026-06-16,CU2612,,826
东证期货,2026-06-15,CU2610,962,1071
东证期货,2026-06-15,CU2609,,4784
东证期货,2026-06-15,CU2611,,1039
东证期货,2026-06-15,CU2612,,887
东证期货,2026-06-12,CU2610,917,1064
东证期货,2026-06-12,CU2609,,4647
东证期货,2026-06-12,CU2611,,1030
东证期货,2026-06-12,CU2612,,906
东证期货,2026-06-11,CU2610,859,1134
东证期货,2026-06-11,CU2609,,4567
东证期货,2026-06-11,CU2611,,997
东证期货,2026-06-11,CU2612,,844
东证期货,2026-06-10,CU2610,653,871
东证期货,2026-06-10,CU2609,,4341
东证期货,2026-06-10,CU2611,,1003
东证期货,2026-06-10,CU2612,,927
东证期货,2026-06-09,CU2610,661,891
东证期货,2026-06-09,CU2609,,4321
东证期货,2026-06-09,CU2611,,1032
东证期货,2026-06-09,CU2612,,819
东证期货,2026-06-08,CU2610,707,832
东证期货,2026-06-08,CU2609,,4280
东证期货,2026-06-08,CU2611,,1000
东证期货,2026-06-08,CU2612,,823
东证期货,2026-06-05,CU2610,572,819
东证期货,2026-06-05,CU2609,,4048
东证期货,2026-06-05,CU2612,,881
东证期货,2026-06-04,CU2610,582,843
东证期货,2026-06-04,CU2609,,4286
东证期货,2026-06-04,CU2612,,791
东证期货,2026-06-03,CU2610,583,771
东证期货,2026-06-03,CU2609,,4151
东证期货,2026-06-03,CU2612,,779
东证期货,2026-06-02,CU2610,657,803
东证期货,2026-06-02,CU2609,1328,4089
东证期货,2026-06-02,CU2612,,783
东证期货,2026-06-01,CU2610,737,834
东证期货,2026-06-01,CU2609,,3932
东证期货,2026-06-01,CU2612,,803
东证期货,2026-05-29,CU2610,778,791
东证期货,2026-05-29,CU2609,,3671
东证期货,2026-05-29,CU2612,,856
东证期货,2026-05-28,CU2610,753,527
东证期货,2026-05-28,CU2609,,3677
东证期货,2026-05-28,CU2612,,762
东证期货,2026-05-27,CU2610,707,503
东证期货,2026-05-27,CU2609,,3148
东证期货,2026-05-27,CU2612,,724
东证期货,2026-05-26,CU2610,732,543
东证期货,2026-05-26,CU2609,,3002
东证期货,2026-05-26,CU2612,,716
东证期货,2026-05-25,CU2610,780,474
东证期货,2026-05-25,CU2609,,2892
东证期货,2026-05-25,CU2612,,774
东证期货,2026-05-22,CU2610,368,392
东证期货,2026-05-22,CU2609,,2789
东证期货,2026-05-22,CU2612,,757
东证期货,2026-05-21,CU2610,370,359
东证期货,2026-05-21,CU2609,,2457
东证期货,2026-05-21,CU2612,,747
东证期货,2026-05-20,CU2610,344,458
东证期货,2026-05-20,CU2609,,2056
东证期货,2026-05-20,CU2612,,779
东证期货,2026-05-19,CU2610,354,559
东证期货,2026-05-19,CU2609,,2247
东证期货,2026-05-19,CU2612,,715
东证期货,2026-05-18,CU2610,330,535
东证期货,2026-05-18,CU2609,,2334
东证期货,2026-05-18,CU2612,,626
东证期货,2026-05-15,CU2610,305,546
东证期货,2026-05-15,CU2609,,1922
东证期货,2026-05-15,CU2612,,647
东证期货,2026-05-14,CU2610,259,677
东证期货,2026-05-14,CU2612,,636
东证期货,2026-05-14,CU2609,,1413
东证期货,2026-05-13,CU2610,252,609
东证期货,2026-05-13,CU2609,,1453
东证期货,2026-05-13,CU2612,,527
东证期货,2026-05-12,CU2609,,1373
东证期货,2026-05-12,CU2612,,540
东证期货,2026-05-12,CU2610,,597
东证期货,2026-05-11,CU2610,,1093
东证期货,2026-05-11,CU2609,,1418
东证期货,2026-05-11,CU2612,,549
东证期货,2026-05-08,CU2610,,1100
东证期货,2026-05-08,CU2609,,1564
东证期货,2026-05-08,CU2612,,549
东证期货,2026-05-07,CU2610,,1102
东证期货,2026-05-07,CU2609,,1395
东证期货,2026-05-07,CU2612,,519
东证期货,2026-05-06,CU2610,,1088
东证期货,2026-05-06,CU2609,,1325
东证期货,2026-05-06,CU2612,,523
东证期货,2026-04-30,CU2610,,1082
东证期货,2026-04-30,CU2609,,1373
东证期货,2026-04-30,CU2612,,503
东证期货,2026-04-29,CU2610,,1080
东证期货,2026-04-29,CU2609,,1318
东证期货,2026-04-29,CU2612,,510
东证期货,2026-04-28,CU2609,,1305
东证期货,2026-04-28,CU2612,,503
东证期货,2026-04-27,CU2609,,1321
东证期货,2026-04-27,CU2612,,526
东证期货,2026-04-24,CU2609,,1298
东证期货,2026-04-24,CU2612,,490
东证期货,2026-04-23,CU2609,,1292
东证期货,2026-04-23,CU2612,,478
东证期货,2026-04-22,CU2609,,1258
东证期货,2026-04-22,CU2612,,473
东证期货,2026-04-21,CU2609,,1277
东证期货,2026-04-21,CU2612,,477
东证期货,2026-04-20,CU2609,,1281
东证期货,2026-04-20,CU2612,,471
东证期货,2026-04-17,CU2609,,1235
东证期货,2026-04-17,CU2612,,470
东证期货,2026-04-16,CU2609,,1202
东证期货,2026-04-16,CU2612,,468
东证期货,2026-04-15,CU2609,,1208
东证期货,2026-04-15,CU2612,,476
东证期货,2026-04-14,CU2609,663,1195
东证期货,2026-04-14,CU2612,,462
东证期货,2026-04-13,CU2609,693,1198
东证期货,2026-04-13,CU2612,,456
东证期货,2026-04-10,CU2609,589,1183
东证期货,2026-04-10,CU2612,,457
东证期货,2026-04-09,CU2609,566,1187
东证期货,2026-04-09,CU2612,,474
东证期货,2026-04-08,CU2609,587,1196
东证期货,2026-04-08,CU2612,,460
东证期货,2026-04-07,CU2609,571,1186
东证期货,2026-04-07,CU2612,,464
东证期货,2026-04-03,CU2609,590,1183
东证期货,2026-04-03,CU2612,,465
东证期货,2026-04-02,CU2609,596,1202
东证期货,2026-04-02,CU2612,,472
东证期货,2026-04-01,CU2609,606,1189
东证期货,2026-04-01,CU2612,,465
东证期货,2026-03-31,CU2609,660,1188
东证期货,2026-03-31,CU2612,,469
东证期货,2026-03-30,CU2609,692,1181
东证期货,2026-03-30,CU2612,,462
东证期货,2026-03-27,CU2609,611,1189
东证期货,2026-03-27,CU2612,,468
东证期货,2026-03-26,CU2609,,1188
东证期货,2026-03-26,CU2612,,468
东证期货,2026-03-25,CU2609,,1184
东证期货,2026-03-25,CU2612,,469
东证期货,2026-03-24,CU2609,,1201
东证期货,2026-03-24,CU2612,,460
东证期货,2026-03-23,CU2609,,1199
东证期货,2026-03-23,CU2612,,222
东证期货,2026-03-20,CU2609,,1174
东证期货,2026-03-20,CU2612,,242
东证期货,2026-03-19,CU2609,,1282
东证期货,2026-03-19,CU2612,,264
东证期货,2026-03-18,CU2609,,1174
东证期货,2026-03-18,CU2612,,227
东证期货,2026-03-17,CU2609,,1162
东证期货,2026-03-17,CU2612,,229
东证期货,2026-03-16,CU2609,,1172
东证期货,2026-03-16,CU2612,,225
东证期货,2026-03-13,CU2609,,1174
东证期货,2026-03-13,CU2612,,214
东证期货,2026-03-12,CU2609,444,1161
东证期货,2026-03-11,CU2609,,1166
东证期货,2026-03-10,CU2609,,1161
东证期货,2026-03-09,CU2609,522,1153
东证期货,2026-03-06,CU2609,418,1177
东证期货,2026-03-05,CU2609,425,1202
东证期货,2026-03-04,CU2609,450,1182
东证期货,2026-03-03,CU2609,479,1184
东证期货,2026-03-02,CU2609,,1167
东证期货,2026-02-27,CU2609,449,1181
东证期货,2026-02-26,CU2609,406,1183
东证期货,2026-02-25,CU2609,399,1178
东证期货,2026-02-24,CU2609,417,1178
东证期货,2026-02-13,CU2609,443,1172
东证期货,2026-02-12,CU2609,448,1185
东证期货,2026-02-11,CU2609,508,1180
东证期货,2026-02-10,CU2609,476,1190
东证期货,2026-02-09,CU2609,472,1182
东证期货,2026-02-06,CU2609,474,1222
东证期货,2026-02-05,CU2609,516,1177
东证期货,2026-02-04,CU2609,438,1184
东证期货,2026-02-03,CU2609,461,1174
东证期货,2026-02-02,CU2609,897,1157
东证期货,2026-01-30,CU2609,504,1167
东证期货,2026-01-29,CU2609,756,1361
东证期货,2026-01-28,CU2609,457,1237
东证期货,2026-01-27,CU2609,415,1066
东证期货,2026-01-26,CU2609,438,1068
东证期货,2026-01-23,CU2609,420,1065
东证期货,2026-01-22,CU2609,432,1060
东证期货,2026-01-21,CU2609,439,1062
东证期货,2026-01-20,CU2609,476,1061
东证期货,2026-01-19,CU2609,553,1061
东证期货,2026-01-16,CU2609,606,1075
东证期货,2026-01-15,CU2609,647,936
东证期货,2026-01-14,CU2609,700,879
东证期货,2026-01-13,CU2609,765,932
东证期货,2026-01-12,CU2609,781,850
东证期货,2026-01-09,CU2609,904,860
东证期货,2026-01-08,CU2609,1115,899
东证期货,2026-01-07,CU2609,1106,977
东证期货,2026-01-06,CU2609,1137,955
东证期货,2026-01-05,CU2609,1201,963
东证期货,2025-12-31,CU2609,1214,989
东证期货,2025-12-30,CU2609,777,720
东证期货,2025-12-29,CU2609,651,885
东证期货,2025-12-26,CU2609,478,692
东证期货,2025-12-25,CU2609,454,643
东证期货,2025-12-24,CU2609,302,699
建信期货,2026-09-03,CU2612,2340,1032
建信期货,2026-09-03,CU2703,976,109
建信期货,2026-09-03,CU2609,1110,1470
建信期货,2026-09-03,CU2702,355,
建信期货,2026-09-03,CU2701,564,
建信期货,2026-09-02,CU2703,976,109
建信期货,2026-09-02,CU2612,2326,1031
建信期货,2026-09-02,CU2609,1130,1430
建信期货,2026-09-02,CU2702,354,
建信期货,2026-09-02,CU2701,588,
建信期货,2026-09-02,CU2610,2262,
建信期货,2026-09-01,CU2703,976,
建信期货,2026-09-01,CU2612,2287,800
建信期货,2026-09-01,CU2609,1155,1765
建信期货,2026-09-01,CU2702,312,
建信期货,2026-09-01,CU2701,540,
建信期货,2026-08-31,CU2703,976,
建信期货,2026-08-31,CU2612,2272,
建信期货,2026-08-31,CU2609,1140,1680
建信期货,2026-08-31,CU2702,311,
建信期货,2026-08-31,CU2701,543,
建信期货,2026-08-28,CU2703,976,
建信期货,2026-08-28,CU2612,2269,795
建信期货,2026-08-28,CU2609,1602,1591
建信期货,2026-08-28,CU2702,311,
建信期货,2026-08-28,CU2701,542,
建信期货,2026-08-27,CU2612,2289,795
建信期货,2026-08-27,CU2703,976,
建信期货,2026-08-27,CU2609,1632,1658
建信期货,2026-08-27,CU2702,311,
建信期货,2026-08-27,CU2701,539,
建信期货,2026-08-27,CU2610,,
建信期货,2026-08-26,CU2612,2288,
建信期货,2026-08-26,CU2703,976,
建信期货,2026-08-26,CU2609,1704,2200
建信期货,2026-08-25,CU2612,2279,761
建信期货,2026-08-25,CU2703,976,
建信期货,2026-08-25,CU2609,1943,2352
建信期货,2026-08-24,CU2612,2291,761
建信期货,2026-08-24,CU2703,976,
建信期货,2026-08-24,CU2609,2142,2863
建信期货,2026-08-21,CU2612,2282,796
建信期货,2026-08-21,CU2703,977,
建信期货,2026-08-21,CU2609,2210,3690
建信期货,2026-08-21,CU2611,,717
建信期货,2026-08-20,CU2612,2294,796
建信期货,2026-08-20,CU2703,977,
建信期货,2026-08-20,CU2610,2201,
建信期货,2026-08-20,CU2609,2262,3930
建信期货,2026-08-20,CU2611,,714
建信期货,2026-08-19,CU2612,2253,795
建信期货,2026-08-19,CU2703,977,
建信期货,2026-08-19,CU2610,2220,
建信期货,2026-08-19,CU2609,2366,4104
建信期货,2026-08-19,CU2611,,714
建信期货,2026-08-18,CU2703,976,
建信期货,2026-08-18,CU2612,2235,
建信期货,2026-08-18,CU2701,454,
建信期货,2026-08-18,CU2609,,4348
建信期货,2026-08-18,CU2611,,720
建信期货,2026-08-17,CU2612,2196,766
建信期货,2026-08-17,CU2703,976,
建信期货,2026-08-17,CU2701,438,
建信期货,2026-08-17,CU2610,1906,
建信期货,2026-08-17,CU2609,,4418
建信期货,2026-08-17,CU2611,,723
建信期货,2026-08-14,CU2612,2176,761
建信期货,2026-08-14,CU2703,976,
建信期货,2026-08-14,CU2611,1039,
建信期货,2026-08-14,CU2701,435,
建信期货,2026-08-14,CU2609,,4531
建信期货,2026-08-13,CU2612,2176,761
建信期货,2026-08-13,CU2703,976,
建信期货,2026-08-13,CU2611,1038,523
建信期货,2026-08-13,CU2701,433,
建信期货,2026-08-13,CU2609,,4846
建信期货,2026-08-12,CU2612,2166,761
建信期货,2026-08-12,CU2703,976,
建信期货,2026-08-12,CU2611,1028,538
建信期货,2026-08-12,CU2701,431,
建信期货,2026-08-12,CU2609,,5083
建信期货,2026-08-11,CU2612,2176,761
建信期货,2026-08-11,CU2703,976,
建信期货,2026-08-11,CU2611,1021,528
建信期货,2026-08-11,CU2701,430,180
建信期货,2026-08-11,CU2609,,5225
建信期货,2026-08-10,CU2612,2169,761
建信期货,2026-08-10,CU2703,976,
建信期货,2026-08-10,CU2611,1033,513
建信期货,2026-08-10,CU2701,428,180
建信期货,2026-08-10,CU2609,,5233
建信期货,2026-08-10,CU2610,,
建信期货,2026-08-07,CU2612,2122,761
建信期货,2026-08-07,CU2703,976,
建信期货,2026-08-07,CU2611,996,513
建信期货,2026-08-07,CU2701,426,179
建信期货,2026-08-07,CU2609,,5594
建信期货,2026-08-06,CU2611,1699,513
建信期货,2026-08-06,CU2612,2122,761
建信期货,2026-08-06,CU2703,976,
建信期货,2026-08-06,CU2701,424,177
建信期货,2026-08-06,CU2609,,5527
建信期货,2026-08-05,CU2612,2123,760
建信期货,2026-08-05,CU2703,976,
建信期货,2026-08-05,CU2611,1719,502
建信期货,2026-08-05,CU2701,424,177
建信期货,2026-08-05,CU2609,,5344
建信期货,2026-08-05,CU2610,,
建信期货,2026-08-04,CU2612,2143,761
建信期货,2026-08-04,CU2611,1754,502
建信期货,2026-08-04,CU2703,976,
建信期货,2026-08-04,CU2701,422,
建信期货,2026-08-04,CU2609,,5365
建信期货,2026-08-03,CU2611,1755,500
建信期货,2026-08-03,CU2612,2151,761
建信期货,2026-08-03,CU2703,976,
建信期货,2026-08-03,CU2701,420,177
建信期货,2026-08-03,CU2609,,5160
建信期货,2026-07-31,CU2612,2145,761
建信期货,2026-07-31,CU2611,1751,520
建信期货,2026-07-31,CU2703,481,
建信期货,2026-07-31,CU2701,418,177
建信期货,2026-07-31,CU2609,,5041
建信期货,2026-07-30,CU2612,2140,761
建信期货,2026-07-30,CU2611,1775,552
建信期货,2026-07-30,CU2703,481,44
建信期货,2026-07-30,CU2701,418,177
建信期货,2026-07-30,CU2609,,5016
建信期货,2026-07-29,CU2612,2138,761
建信期货,2026-07-29,CU2611,1758,559
建信期货,2026-07-29,CU2703,479,42
建信期货,2026-07-29,CU2701,419,178
建信期货,2026-07-29,CU2609,,5052
建信期货,2026-07-28,CU2612,2136,761
建信期货,2026-07-28,CU2611,1746,559
建信期货,2026-07-28,CU2703,478,
建信期货,2026-07-28,CU2701,418,178
建信期货,2026-07-28,CU2609,,4958
建信期货,2026-07-27,CU2612,2137,761
建信期货,2026-07-27,CU2611,1754,559
建信期货,2026-07-27,CU2703,478,
建信期货,2026-07-27,CU2701,424,177
建信期货,2026-07-27,CU2609,,5110
建信期货,2026-07-24,CU2609,3789,4935
建信期货,2026-07-24,CU2703,478,
建信期货,2026-07-24,CU2701,424,177
建信期货,2026-07-24,CU2611,702,559
建信期货,2026-07-24,CU2612,,762
建信期货,2026-07-23,CU2703,478,
建信期货,2026-07-23,CU2609,3689,5240
建信期货,2026-07-23,CU2701,418,177
建信期货,2026-07-23,CU2611,680,564
建信期货,2026-07-23,CU2612,717,761
建信期货,2026-07-23,CU2610,1103,
建信期货,2026-07-22,CU2703,478,
建信期货,2026-07-22,CU2701,414,177
建信期货,2026-07-22,CU2609,3491,5120
建信期货,2026-07-22,CU2611,670,563
建信期货,2026-07-22,CU2610,1148,
建信期货,2026-07-22,CU2612,716,849
建信期货,2026-07-21,CU2609,3993,5069
建信期货,2026-07-21,CU2703,478,
建信期货,2026-07-21,CU2701,414,177
建信期货,2026-07-21,CU2611,719,561
建信期货,2026-07-21,CU2610,1086,
建信期货,2026-07-21,CU2612,,1131
建信期货,2026-07-20,CU2609,4252,4782
建信期货,2026-07-20,CU2703,478,
建信期货,2026-07-20,CU2611,720,558
建信期货,2026-07-20,CU2701,414,177
建信期货,2026-07-20,CU2610,1060,
建信期货,2026-07-20,CU2612,,1131
建信期货,2026-07-17,CU2609,4151,4606
建信期货,2026-07-17,CU2701,414,177
建信期货,2026-07-17,CU2703,478,
建信期货,2026-07-17,CU2611,716,558
建信期货,2026-07-17,CU2610,1090,
建信期货,2026-07-17,CU2612,,1131
建信期货,2026-07-16,CU2609,3963,4706
建信期货,2026-07-16,CU2701,414,177
建信期货,2026-07-16,CU2703,478,
建信期货,2026-07-16,CU2611,703,559
建信期货,2026-07-16,CU2610,1096,702
建信期货,2026-07-16,CU2612,,1131
建信期货,2026-07-15,CU2609,3959,4780
建信期货,2026-07-15,CU2701,414,177
建信期货,2026-07-15,CU2703,478,
建信期货,2026-07-15,CU2611,703,559
建信期货,2026-07-15,CU2612,,1132
建信期货,2026-07-14,CU2609,3948,4513
建信期货,2026-07-14,CU2701,414,177
建信期货,2026-07-14,CU2611,704,533
建信期货,2026-07-14,CU2612,,1132
建信期货,2026-07-14,CU2610,,652
建信期货,2026-07-13,CU2609,3978,4906
建信期货,2026-07-13,CU2701,414,177
建信期货,2026-07-13,CU2611,713,498
建信期货,2026-07-13,CU2610,973,688
建信期货,2026-07-13,CU2612,,1130
建信期货,2026-07-10,CU2609,3961,4930
建信期货,2026-07-10,CU2701,414,177
建信期货,2026-07-10,CU2611,669,498
建信期货,2026-07-10,CU2610,983,696
建信期货,2026-07-10,CU2612,,1130
建信期货,2026-07-09,CU2609,4094,4676
建信期货,2026-07-09,CU2701,414,177
建信期货,2026-07-09,CU2611,688,496
建信期货,2026-07-09,CU2610,1006,670
建信期货,2026-07-09,CU2612,,1179
建信期货,2026-07-08,CU2609,4079,4671
建信期货,2026-07-08,CU2701,414,177
建信期货,2026-07-08,CU2611,687,495
建信期货,2026-07-08,CU2610,1015,666
建信期货,2026-07-08,CU2612,,1179
建信期货,2026-07-07,CU2609,4081,4556
建信期货,2026-07-07,CU2701,415,177
建信期货,2026-07-07,CU2611,685,495
建信期货,2026-07-07,CU2610,1021,
建信期货,2026-07-07,CU2612,,1238
建信期货,2026-07-06,CU2609,4114,4487
建信期货,2026-07-06,CU2701,415,177
建信期货,2026-07-06,CU2611,684,495
建信期货,2026-07-06,CU2610,1019,
建信期货,2026-07-06,CU2612,,1238
建信期货,2026-07-03,CU2609,4154,3997
建信期货,2026-07-03,CU2701,415,177
建信期货,2026-07-03,CU2611,691,495
建信期货,2026-07-03,CU2610,1018,
建信期货,2026-07-03,CU2612,,1238
建信期货,2026-07-02,CU2609,4151,4231
建信期货,2026-07-02,CU2701,415,177
建信期货,2026-07-02,CU2611,686,494
建信期货,2026-07-02,CU2610,1005,
建信期货,2026-07-02,CU2612,642,1218
建信期货,2026-07-01,CU2609,4086,3780
建信期货,2026-07-01,CU2701,415,177
建信期货,2026-07-01,CU2611,687,490
建信期货,2026-07-01,CU2610,1001,
建信期货,2026-07-01,CU2612,641,1218
建信期货,2026-06-30,CU2609,4009,3480
建信期货,2026-06-30,CU2701,415,177
建信期货,2026-06-30,CU2611,617,489
建信期货,2026-06-30,CU2610,986,
建信期货,2026-06-30,CU2612,640,1218
建信期货,2026-06-29,CU2609,4023,3459
建信期货,2026-06-29,CU2611,590,488
建信期货,2026-06-29,CU2610,986,
建信期货,2026-06-29,CU2612,631,1183
建信期货,2026-06-26,CU2611,593,487
建信期货,2026-06-26,CU2609,2017,3456
建信期货,2026-06-26,CU2612,632,1184
建信期货,2026-06-25,CU2611,591,483
建信期货,2026-06-25,CU2609,1993,3441
建信期货,2026-06-25,CU2612,631,1183
建信期货,2026-06-24,CU2611,544,482
建信期货,2026-06-24,CU2609,1860,3446
建信期货,2026-06-24,CU2612,627,1092
建信期货,2026-06-23,CU2611,541,482
建信期货,2026-06-23,CU2609,1869,3456
建信期货,2026-06-23,CU2612,625,1092
建信期货,2026-06-22,CU2611,540,482
建信期货,2026-06-22,CU2609,1889,3337
建信期货,2026-06-22,CU2612,627,1092
建信期货,2026-06-18,CU2611,562,482
建信期货,2026-06-18,CU2609,1873,3356
建信期货,2026-06-18,CU2612,627,1092
建信期货,2026-06-17,CU2611,560,412
建信期货,2026-06-17,CU2609,1786,3488
建信期货,2026-06-17,CU2612,628,739
建信期货,2026-06-16,CU2611,559,406
建信期货,2026-06-16,CU2609,1856,3487
建信期货,2026-06-16,CU2612,630,721
建信期货,2026-06-15,CU2611,551,406
建信期货,2026-06-15,CU2609,1851,3502
建信期货,2026-06-15,CU2612,625,668
建信期货,2026-06-12,CU2611,549,406
建信期货,2026-06-12,CU2609,1876,3520
建信期货,2026-06-12,CU2612,626,668
建信期货,2026-06-11,CU2611,547,371
建信期货,2026-06-11,CU2609,1914,3528
建信期货,2026-06-11,CU2612,624,652
建信期货,2026-06-10,CU2611,545,371
建信期货,2026-06-10,CU2609,1907,3740
建信期货,2026-06-10,CU2612,799,607
建信期货,2026-06-10,CU2610,390,
建信期货,2026-06-09,CU2611,540,371
建信期货,2026-06-09,CU2609,1916,3842
建信期货,2026-06-09,CU2612,900,572
建信期货,2026-06-08,CU2611,540,371
建信期货,2026-06-08,CU2609,1912,3772
建信期货,2026-06-08,CU2612,897,572
建信期货,2026-06-05,CU2609,1849,3762
建信期货,2026-06-05,CU2612,898,572
建信期货,2026-06-04,CU2612,898,572
建信期货,2026-06-04,CU2609,1663,3762
建信期货,2026-06-03,CU2612,898,573
建信期货,2026-06-03,CU2609,1659,3749
建信期货,2026-06-02,CU2612,898,573
建信期货,2026-06-02,CU2609,1473,3691
建信期货,2026-06-02,CU2610,,
建信期货,2026-06-01,CU2612,920,572
建信期货,2026-06-01,CU2609,1492,3724
建信期货,2026-06-01,CU2610,500,
建信期货,2026-05-29,CU2612,922,572
建信期货,2026-05-29,CU2609,1487,3724
建信期货,2026-05-29,CU2610,495,
建信期货,2026-05-28,CU2612,920,572
建信期货,2026-05-28,CU2609,1518,3723
建信期货,2026-05-28,CU2610,500,
建信期货,2026-05-27,CU2612,901,573
建信期货,2026-05-27,CU2609,1511,3727
建信期货,2026-05-27,CU2610,496,
建信期货,2026-05-26,CU2612,901,573
建信期货,2026-05-26,CU2609,1497,3724
建信期货,2026-05-26,CU2610,491,
建信期货,2026-05-25,CU2612,895,573
建信期货,2026-05-25,CU2609,1492,3524
建信期货,2026-05-25,CU2610,345,
建信期货,2026-05-22,CU2612,895,572
建信期货,2026-05-22,CU2609,1493,3325
建信期货,2026-05-22,CU2610,342,
建信期货,2026-05-21,CU2612,895,572
建信期货,2026-05-21,CU2610,341,
建信期货,2026-05-21,CU2609,,3042
建信期货,2026-05-20,CU2612,896,
建信期货,2026-05-20,CU2610,337,
建信期货,2026-05-20,CU2609,,2683
建信期货,2026-05-19,CU2612,895,
建信期货,2026-05-19,CU2610,324,
建信期货,2026-05-19,CU2609,,2639
建信期货,2026-05-18,CU2612,899,
建信期货,2026-05-18,CU2610,321,
建信期货,2026-05-18,CU2609,,2639
建信期货,2026-05-15,CU2612,1019,
建信期货,2026-05-15,CU2610,294,
建信期货,2026-05-15,CU2609,,2614
建信期货,2026-05-14,CU2612,1019,
建信期货,2026-05-14,CU2610,291,
建信期货,2026-05-14,CU2609,,2526
建信期货,2026-05-13,CU2612,1019,
建信期货,2026-05-13,CU2610,305,
建信期货,2026-05-13,CU2609,,2526
建信期货,2026-05-12,CU2612,1019,
建信期货,2026-05-12,CU2610,303,
建信期货,2026-05-12,CU2609,,2596
建信期货,2026-05-11,CU2612,1019,
建信期货,2026-05-11,CU2610,320,
建信期货,2026-05-11,CU2609,,2591
建信期货,2026-05-08,CU2612,1019,
建信期货,2026-05-08,CU2610,319,98
建信期货,2026-05-08,CU2609,,2590
建信期货,2026-05-07,CU2612,1019,
建信期货,2026-05-07,CU2610,319,98
建信期货,2026-05-07,CU2609,,2575
建信期货,2026-05-06,CU2612,1019,
建信期货,2026-05-06,CU2610,317,98
建信期货,2026-05-06,CU2609,,2586
建信期货,2026-04-30,CU2612,1019,
建信期货,2026-04-30,CU2610,312,98
建信期货,2026-04-30,CU2609,,2587
建信期货,2026-04-29,CU2612,1019,
建信期货,2026-04-29,CU2610,312,98
建信期货,2026-04-29,CU2609,,2412
建信期货,2026-04-28,CU2612,1019,
建信期货,2026-04-28,CU2609,,1695
建信期货,2026-04-27,CU2612,1020,
建信期货,2026-04-27,CU2609,,1260
建信期货,2026-04-24,CU2612,1019,
建信期货,2026-04-24,CU2609,,1260
建信期货,2026-04-23,CU2612,1019,
建信期货,2026-04-23,CU2609,,1260
建信期货,2026-04-22,CU2612,1016,
建信期货,2026-04-22,CU2609,,1257
建信期货,2026-04-21,CU2612,1017,
建信期货,2026-04-21,CU2609,,1258
建信期货,2026-04-20,CU2612,1018,
建信期货,2026-04-20,CU2609,,1257
建信期货,2026-04-17,CU2612,1019,
建信期货,2026-04-17,CU2609,,1221
建信期货,2026-04-16,CU2612,618,
建信期货,2026-04-16,CU2609,,821
建信期货,2026-04-15,CU2612,617,
建信期货,2026-04-15,CU2609,,820
建信期货,2026-04-14,CU2612,617,
建信期货,2026-04-14,CU2609,,861
建信期货,2026-04-13,CU2612,617,
建信期货,2026-04-13,CU2609,,479
建信期货,2026-04-10,CU2612,617,
建信期货,2026-04-10,CU2609,,476
建信期货,2026-04-09,CU2612,565,
建信期货,2026-04-09,CU2609,,476
建信期货,2026-04-08,CU2612,549,
建信期货,2026-04-08,CU2609,,476
建信期货,2026-04-07,CU2612,518,
建信期货,2026-04-07,CU2609,,450
建信期货,2026-04-03,CU2612,506,
建信期货,2026-04-03,CU2609,,450
建信期货,2026-04-02,CU2612,506,
建信期货,2026-04-02,CU2609,,475
建信期货,2026-04-01,CU2612,498,
建信期货,2026-04-01,CU2609,,475
建信期货,2026-03-31,CU2612,491,
建信期货,2026-03-31,CU2609,,484
建信期货,2026-03-30,CU2612,491,
建信期货,2026-03-30,CU2609,,510
建信期货,2026-03-27,CU2612,490,
建信期货,2026-03-27,CU2609,,476
建信期货,2026-03-26,CU2612,490,
建信期货,2026-03-26,CU2609,454,476
建信期货,2026-03-25,CU2612,469,
建信期货,2026-03-25,CU2609,455,476
建信期货,2026-03-24,CU2612,439,
建信期货,2026-03-24,CU2609,455,477
建信期货,2026-03-23,CU2612,394,
建信期货,2026-03-23,CU2609,,477
建信期货,2026-03-20,CU2612,395,
建信期货,2026-03-20,CU2609,,476
建信期货,2026-03-19,CU2612,397,
建信期货,2026-03-19,CU2609,,476
建信期货,2026-03-18,CU2612,398,
建信期货,2026-03-17,CU2612,397,
建信期货,2026-03-16,CU2612,397,
建信期货,2026-03-13,CU2612,401,
建信期货,2026-03-12,CU2609,,163
建信期货,2026-03-11,CU2609,,176
建信期货,2026-03-10,CU2609,,173
建信期货,2026-03-09,CU2609,,205
建信期货,2026-03-06,CU2609,,187
建信期货,2026-03-05,CU2609,,187
建信期货,2026-03-04,CU2609,,179
建信期货,2026-03-03,CU2609,,170
建信期货,2026-03-02,CU2609,,153
建信期货,2026-02-24,CU2609,363,
建信期货,2026-02-10,CU2609,,
建信期货,2026-01-06,CU2609,226,
建信期货,2026-01-05,CU2609,228,
建信期货,2025-12-31,CU2609,228,
建信期货,2025-12-30,CU2609,228,
建信期货,2025-12-29,CU2609,210,
建信期货,2025-12-26,CU2609,228,
建信期货,2025-12-25,CU2609,230,
建信期货,2025-12-24,CU2609,231,
五矿期货,2026-09-03,CU2609,2065,2285
五矿期货,2026-09-03,CU2610,,9645
五矿期货,2026-09-03,CU2611,,3839
五矿期货,2026-09-03,CU2701,,471
五矿期货,2026-09-02,CU2609,1900,2325
五矿期货,2026-09-02,CU2610,,8404
五矿期货,2026-09-02,CU2611,,3828
五矿期货,2026-09-02,CU2701,,471
五矿期货,2026-09-01,CU2609,1905,3020
五矿期货,2026-09-01,CU2610,,9708
五矿期货,2026-09-01,CU2611,,3018
五矿期货,2026-09-01,CU2701,,472
五矿期货,2026-09-01,CU2703,,
五矿期货,2026-08-31,CU2609,2055,3065
五矿期货,2026-08-31,CU2610,,9338
五矿期货,2026-08-31,CU2611,,2634
五矿期货,2026-08-31,CU2701,,471
五矿期货,2026-08-28,CU2609,2430,3281
五矿期货,2026-08-28,CU2610,,9742
五矿期货,2026-08-28,CU2611,,2609
五矿期货,2026-08-28,CU2701,,473
五矿期货,2026-08-27,CU2609,2136,3847
五矿期货,2026-08-27,CU2610,,9826
五矿期货,2026-08-27,CU2611,,2603
五矿期货,2026-08-27,CU2701,,468
五矿期货,2026-08-26,CU2609,2275,3484
五矿期货,2026-08-26,CU2610,,9567
五矿期货,2026-08-26,CU2611,,2443
五矿期货,2026-08-26,CU2701,,455
五矿期货,2026-08-25,CU2609,2445,3785
五矿期货,2026-08-25,CU2610,,9324
五矿期货,2026-08-25,CU2611,,2222
五矿期货,2026-08-25,CU2701,,453
五矿期货,2026-08-25,CU2703,,60
五矿期货,2026-08-24,CU2609,2610,4076
五矿期货,2026-08-24,CU2610,,9025
五矿期货,2026-08-24,CU2611,,2006
五矿期货,2026-08-24,CU2701,,452
五矿期货,2026-08-21,CU2609,2498,5489
五矿期货,2026-08-21,CU2610,,8520
五矿期货,2026-08-21,CU2611,,1805
五矿期货,2026-08-21,CU2701,,451
五矿期货,2026-08-21,CU2703,,59
五矿期货,2026-08-20,CU2609,2025,5709
五矿期货,2026-08-20,CU2610,,8480
五矿期货,2026-08-20,CU2611,,1428
五矿期货,2026-08-20,CU2701,,441
五矿期货,2026-08-20,CU2703,,
五矿期货,2026-08-19,CU2609,3033,5708
五矿期货,2026-08-19,CU2610,,8659
五矿期货,2026-08-19,CU2701,,441
五矿期货,2026-08-19,CU2611,,949
五矿期货,2026-08-19,CU2703,,58
五矿期货,2026-08-18,CU2609,3071,5382
五矿期货,2026-08-18,CU2610,,8964
五矿期货,2026-08-18,CU2701,,416
五矿期货,2026-08-18,CU2611,,746
五矿期货,2026-08-18,CU2703,,
五矿期货,2026-08-17,CU2609,2919,5532
五矿期货,2026-08-17,CU2610,,9234
五矿期货,2026-08-17,CU2701,,416
五矿期货,2026-08-17,CU2611,,678
五矿期货,2026-08-17,CU2703,,
五矿期货,2026-08-14,CU2609,3024,5671
五矿期货,2026-08-14,CU2610,,9114
五矿期货,2026-08-14,CU2701,,416
五矿期货,2026-08-14,CU2611,,679
五矿期货,2026-08-13,CU2610,,9260
五矿期货,2026-08-13,CU2609,,5909
五矿期货,2026-08-13,CU2701,,416
五矿期货,2026-08-13,CU2611,,679
五矿期货,2026-08-12,CU2610,,9317
五矿期货,2026-08-12,CU2609,,6368
五矿期货,2026-08-12,CU2701,,416
五矿期货,2026-08-12,CU2611,,599
五矿期货,2026-08-11,CU2610,,8810
五矿期货,2026-08-11,CU2609,,6601
五矿期货,2026-08-11,CU2701,,416
五矿期货,2026-08-11,CU2611,,598
五矿期货,2026-08-10,CU2610,,8331
五矿期货,2026-08-10,CU2609,,6772
五矿期货,2026-08-10,CU2701,,416
五矿期货,2026-08-10,CU2611,,596
五矿期货,2026-08-10,CU2703,,58
五矿期货,2026-08-07,CU2610,,8156
五矿期货,2026-08-07,CU2609,,7053
五矿期货,2026-08-07,CU2701,,416
五矿期货,2026-08-07,CU2611,,609
五矿期货,2026-08-06,CU2610,,6864
五矿期货,2026-08-06,CU2609,,6912
五矿期货,2026-08-06,CU2701,,416
五矿期货,2026-08-06,CU2611,,607
五矿期货,2026-08-06,CU2703,,58
五矿期货,2026-08-05,CU2610,,6704
五矿期货,2026-08-05,CU2609,,6973
五矿期货,2026-08-05,CU2701,,416
五矿期货,2026-08-05,CU2611,,606
五矿期货,2026-08-05,CU2703,,58
五矿期货,2026-08-04,CU2609,,6688
五矿期货,2026-08-04,CU2610,,5477
五矿期货,2026-08-04,CU2701,,416
五矿期货,2026-08-04,CU2611,,606
五矿期货,2026-08-04,CU2703,,57
五矿期货,2026-08-03,CU2609,,6486
五矿期货,2026-08-03,CU2610,,5322
五矿期货,2026-08-03,CU2701,,416
五矿期货,2026-08-03,CU2611,,599
五矿期货,2026-08-03,CU2703,,58
五矿期货,2026-07-31,CU2609,,6603
五矿期货,2026-07-31,CU2610,,4737
五矿期货,2026-07-31,CU2701,,416
五矿期货,2026-07-31,CU2611,,599
五矿期货,2026-07-31,CU2703,,57
五矿期货,2026-07-30,CU2609,,6542
五矿期货,2026-07-30,CU2610,,4404
五矿期货,2026-07-30,CU2701,,416
五矿期货,2026-07-30,CU2703,,56
五矿期货,2026-07-30,CU2611,,598
五矿期货,2026-07-29,CU2609,,6766
五矿期货,2026-07-29,CU2610,,4499
五矿期货,2026-07-29,CU2701,,240
五矿期货,2026-07-29,CU2703,,57
五矿期货,2026-07-29,CU2611,,482
五矿期货,2026-07-28,CU2609,,6809
五矿期货,2026-07-28,CU2610,,4412
五矿期货,2026-07-28,CU2703,,53
五矿期货,2026-07-28,CU2611,,482
五矿期货,2026-07-27,CU2610,,4355
五矿期货,2026-07-27,CU2609,,6928
五矿期货,2026-07-27,CU2611,,483
五矿期货,2026-07-27,CU2703,,44
五矿期货,2026-07-24,CU2610,,4374
五矿期货,2026-07-24,CU2609,,7193
五矿期货,2026-07-24,CU2703,,44
五矿期货,2026-07-24,CU2701,,
五矿期货,2026-07-23,CU2609,,8378
五矿期货,2026-07-23,CU2610,,3978
五矿期货,2026-07-23,CU2703,,50
五矿期货,2026-07-22,CU2609,,8113
五矿期货,2026-07-22,CU2610,,3671
五矿期货,2026-07-22,CU2703,,50
五矿期货,2026-07-21,CU2609,,7364
五矿期货,2026-07-21,CU2610,,3177
五矿期货,2026-07-21,CU2703,,50
五矿期货,2026-07-21,CU2701,,
五矿期货,2026-07-20,CU2609,,6971
五矿期货,2026-07-20,CU2610,,2416
五矿期货,2026-07-20,CU2703,,50
五矿期货,2026-07-17,CU2610,,2219
五矿期货,2026-07-17,CU2609,,6736
五矿期货,2026-07-17,CU2703,,49
五矿期货,2026-07-16,CU2609,,6892
五矿期货,2026-07-16,CU2610,,1935
五矿期货,2026-07-16,CU2703,,48
五矿期货,2026-07-15,CU2609,,6662
五矿期货,2026-07-15,CU2610,,1896
五矿期货,2026-07-15,CU2703,,50
五矿期货,2026-07-14,CU2610,,1890
五矿期货,2026-07-14,CU2609,,6295
五矿期货,2026-07-13,CU2610,,1851
五矿期货,2026-07-13,CU2609,,5574
五矿期货,2026-07-13,CU2611,,114
五矿期货,2026-07-10,CU2610,,1848
五矿期货,2026-07-10,CU2609,,5153
五矿期货,2026-07-10,CU2611,,114
五矿期货,2026-07-09,CU2610,,1759
五矿期货,2026-07-09,CU2609,,4467
五矿期货,2026-07-09,CU2611,,114
五矿期货,2026-07-09,CU2612,,392
五矿期货,2026-07-08,CU2609,,4207
五矿期货,2026-07-08,CU2610,,1228
五矿期货,2026-07-07,CU2609,,4039
五矿期货,2026-07-07,CU2610,,1139
五矿期货,2026-07-07,CU2612,,335
五矿期货,2026-07-06,CU2609,,3964
五矿期货,2026-07-06,CU2610,,1139
五矿期货,2026-07-03,CU2609,,3838
五矿期货,2026-07-03,CU2610,,1138
五矿期货,2026-07-02,CU2609,,3774
五矿期货,2026-07-02,CU2610,,1138
五矿期货,2026-07-02,CU2611,,114
五矿期货,2026-07-01,CU2609,,3741
五矿期货,2026-07-01,CU2610,,1138
五矿期货,2026-07-01,CU2611,,115
五矿期货,2026-06-30,CU2609,,3733
五矿期货,2026-06-30,CU2610,,1138
五矿期货,2026-06-30,CU2611,,115
五矿期货,2026-06-29,CU2609,,3328
五矿期货,2026-06-29,CU2610,,1137
五矿期货,2026-06-29,CU2611,,115
五矿期货,2026-06-26,CU2610,,1140
五矿期货,2026-06-26,CU2609,,3140
五矿期货,2026-06-26,CU2611,,117
五矿期货,2026-06-25,CU2609,,2702
五矿期货,2026-06-25,CU2610,,1140
五矿期货,2026-06-25,CU2611,,116
五矿期货,2026-06-24,CU2609,,2650
五矿期货,2026-06-24,CU2610,,1013
五矿期货,2026-06-24,CU2611,,119
五矿期货,2026-06-23,CU2610,,1016
五矿期货,2026-06-23,CU2609,,2375
五矿期货,2026-06-23,CU2611,,119
五矿期货,2026-06-22,CU2610,,838
五矿期货,2026-06-22,CU2609,,2073
五矿期货,2026-06-22,CU2611,,120
五矿期货,2026-06-18,CU2610,,838
五矿期货,2026-06-18,CU2609,,1962
五矿期货,2026-06-18,CU2611,,115
五矿期货,2026-06-18,CU2612,,158
五矿期货,2026-06-17,CU2610,,857
五矿期货,2026-06-17,CU2609,,1866
五矿期货,2026-06-17,CU2611,,115
五矿期货,2026-06-16,CU2610,,855
五矿期货,2026-06-16,CU2609,,1791
五矿期货,2026-06-16,CU2611,,114
五矿期货,2026-06-15,CU2610,,864
五矿期货,2026-06-15,CU2611,,114
五矿期货,2026-06-15,CU2609,,1473
五矿期货,2026-06-12,CU2610,,847
五矿期货,2026-06-12,CU2611,,115
五矿期货,2026-06-12,CU2609,,1471
五矿期货,2026-06-11,CU2610,,790
五矿期货,2026-06-11,CU2611,,115
五矿期货,2026-06-11,CU2609,,1371
五矿期货,2026-06-10,CU2610,,802
五矿期货,2026-06-10,CU2611,,115
五矿期货,2026-06-10,CU2609,,1374
五矿期货,2026-06-09,CU2610,,798
五矿期货,2026-06-09,CU2611,,115
五矿期货,2026-06-09,CU2609,,1094
五矿期货,2026-06-08,CU2610,,783
五矿期货,2026-06-08,CU2611,,116
五矿期货,2026-06-05,CU2610,,799
五矿期货,2026-06-05,CU2609,,930
五矿期货,2026-06-05,CU2612,,123
五矿期货,2026-06-04,CU2610,,745
五矿期货,2026-06-03,CU2610,,745
五矿期货,2026-06-03,CU2612,,134
五矿期货,2026-06-02,CU2610,,745
五矿期货,2026-06-02,CU2612,,134
五矿期货,2026-06-01,CU2610,,736
五矿期货,2026-05-29,CU2610,,738
五矿期货,2026-05-28,CU2610,,736
五矿期货,2026-05-27,CU2610,,729
五矿期货,2026-05-26,CU2610,,728
五矿期货,2026-05-26,CU2609,,
五矿期货,2026-05-25,CU2610,,740
五矿期货,2026-05-22,CU2610,,731
五矿期货,2026-05-21,CU2610,,729
五矿期货,2026-05-20,CU2610,,730
五矿期货,2026-05-20,CU2612,,176
五矿期货,2026-05-20,CU2609,,
五矿期货,2026-05-19,CU2610,,740
五矿期货,2026-05-19,CU2612,,212
五矿期货,2026-05-18,CU2610,,741
五矿期货,2026-05-18,CU2612,,239
五矿期货,2026-05-15,CU2610,,740
五矿期货,2026-05-15,CU2612,,239
五矿期货,2026-05-14,CU2610,,715
五矿期货,2026-05-14,CU2612,,227
五矿期货,2026-05-13,CU2610,,726
五矿期货,2026-05-13,CU2612,,201
五矿期货,2026-05-12,CU2610,,714
五矿期货,2026-05-12,CU2612,,200
五矿期货,2026-05-11,CU2610,,417
五矿期货,2026-05-08,CU2610,,419
五矿期货,2026-05-07,CU2610,,236
五矿期货,2026-05-06,CU2610,,236
五矿期货,2026-04-30,CU2612,,80
五矿期货,2026-04-29,CU2612,,80
五矿期货,2026-04-29,CU2609,,
五矿期货,2026-04-27,CU2612,,
五矿期货,2026-04-03,CU2612,,
五矿期货,2026-04-02,CU2609,,
五矿期货,2026-04-01,CU2612,,
五矿期货,2026-03-20,CU2612,,
五矿期货,2026-02-02,CU2609,,
五矿期货,2026-01-30,CU2609,,
五矿期货,2026-01-29,CU2609,,
五矿期货,2026-01-13,CU2609,,
五矿期货,2026-01-09,CU2609,,
五矿期货,2026-01-08,CU2609,258,
五矿期货,2026-01-07,CU2609,,
五矿期货,2026-01-05,CU2609,,
五矿期货,2025-12-31,CU2609,,
中金岭南,2026-09-03,CU2611,,1503
中金岭南,2026-09-02,CU2611,,1503
中金岭南,2026-09-01,CU2611,,1537
中金岭南,2026-08-31,CU2611,,1536
中金岭南,2026-08-28,CU2611,,1496
中金岭南,2026-08-27,CU2611,,1492
中金岭南,2026-08-26,CU2611,,1492
中金岭南,2026-08-25,CU2611,,881
中金岭南,2026-08-13,CU2610,1886,
中金岭南,2026-08-12,CU2610,1908,
中金岭南,2026-08-11,CU2610,2096,
中金岭南,2026-08-10,CU2610,2168,
中金岭南,2026-08-07,CU2610,2211,
中金岭南,2026-08-06,CU2610,2187,
中金岭南,2026-08-05,CU2610,2181,
中金岭南,2026-08-04,CU2610,2185,
中金岭南,2026-08-03,CU2610,2177,
中金岭南,2026-07-31,CU2610,2269,
中金岭南,2026-07-30,CU2610,2457,
中金岭南,2026-07-29,CU2610,2451,
中金岭南,2026-07-28,CU2610,2458,
中金岭南,2026-07-27,CU2610,2428,
中金岭南,2026-07-24,CU2610,2470,
中金岭南,2026-07-23,CU2610,2430,
中金岭南,2026-07-22,CU2610,2380,
中金岭南,2026-07-21,CU2610,2370,
中金岭南,2026-07-20,CU2610,2367,
中金岭南,2026-07-17,CU2610,2389,
中金岭南,2026-07-16,CU2610,2302,
中金岭南,2026-07-15,CU2610,2297,
中金岭南,2026-07-14,CU2610,2277,
中金岭南,2026-07-13,CU2610,2297,
中金岭南,2026-07-13,CU2611,,113
中金岭南,2026-07-10,CU2610,2280,
中金岭南,2026-07-09,CU2610,2226,
中金岭南,2026-07-09,CU2611,,
中金岭南,2026-07-08,CU2610,2184,
中金岭南,2026-07-07,CU2610,2184,
中金岭南,2026-07-06,CU2610,2150,
中金岭南,2026-07-03,CU2610,2122,
中金岭南,2026-07-02,CU2610,2127,
中金岭南,2026-07-02,CU2611,,
中金岭南,2026-07-01,CU2610,2127,
中金岭南,2026-06-30,CU2610,2079,
中金岭南,2026-06-29,CU2610,1845,
中金岭南,2026-06-29,CU2611,,104
中金岭南,2026-06-29,CU2609,,1569
中金岭南,2026-06-26,CU2610,1568,
中金岭南,2026-06-26,CU2611,,103
中金岭南,2026-06-26,CU2609,,1566
中金岭南,2026-06-25,CU2610,1366,
中金岭南,2026-06-25,CU2609,,1608
中金岭南,2026-06-24,CU2610,1108,
中金岭南,2026-06-24,CU2609,1703,1567
中金岭南,2026-06-24,CU2611,,86
中金岭南,2026-06-23,CU2610,1108,
中金岭南,2026-06-23,CU2609,,1586
中金岭南,2026-06-23,CU2611,,88
中金岭南,2026-06-22,CU2610,906,
中金岭南,2026-06-22,CU2609,,1587
中金岭南,2026-06-22,CU2611,,87
中金岭南,2026-06-18,CU2610,664,
中金岭南,2026-06-18,CU2609,,1581
中金岭南,2026-06-17,CU2609,1648,1580
中金岭南,2026-06-17,CU2610,,
中金岭南,2026-06-16,CU2609,1645,1576
中金岭南,2026-06-16,CU2610,,
中金岭南,2026-06-15,CU2609,1640,1581
中金岭南,2026-06-15,CU2611,,78
中金岭南,2026-06-12,CU2609,1366,1588
中金岭南,2026-06-12,CU2611,,78
中金岭南,2026-06-11,CU2609,,1623
中金岭南,2026-06-11,CU2611,,77
中金岭南,2026-06-10,CU2609,,2441
中金岭南,2026-06-10,CU2611,,72
中金岭南,2026-06-09,CU2609,,2455
中金岭南,2026-06-09,CU2611,,72
中金岭南,2026-06-08,CU2609,,2449
中金岭南,2026-06-08,CU2611,,72
中金岭南,2026-06-05,CU2609,,2648
中金岭南,2026-06-04,CU2609,,2648
中金岭南,2026-06-03,CU2609,,2668
中金岭南,2026-06-02,CU2609,,2369
中金岭南,2026-06-01,CU2609,,2353
中金岭南,2026-05-29,CU2609,,2363
中金岭南,2026-05-28,CU2609,,2352
中金岭南,2026-05-27,CU2609,,2294
中金岭南,2026-05-26,CU2609,,1242
中金岭南,2026-05-25,CU2610,,
中金岭南,2026-05-20,CU2610,,
中金岭南,2026-05-18,CU2610,,134
中金岭南,2026-05-14,CU2610,,132
中金岭南,2026-05-13,CU2610,,137
中金岭南,2026-04-29,CU2610,,66
中金岭南,2026-04-08,CU2612,,
国贸期货,2026-09-03,CU2701,558,
国贸期货,2026-09-03,CU2609,,1975
国贸期货,2026-09-03,CU2610,,4558
国贸期货,2026-09-02,CU2609,,2070
国贸期货,2026-09-02,CU2610,,4642
国贸期货,2026-09-02,CU2701,,
国贸期货,2026-09-01,CU2609,,2690
国贸期货,2026-09-01,CU2610,,5248
国贸期货,2026-09-01,CU2702,,
国贸期货,2026-08-31,CU2609,,2680
国贸期货,2026-08-31,CU2610,,4658
国贸期货,2026-08-31,CU2701,,
国贸期货,2026-08-28,CU2701,668,
国贸期货,2026-08-28,CU2609,,2892
国贸期货,2026-08-28,CU2610,,4597
国贸期货,2026-08-27,CU2701,642,
国贸期货,2026-08-27,CU2609,,2939
国贸期货,2026-08-27,CU2610,,4385
国贸期货,2026-08-26,CU2701,639,
国贸期货,2026-08-26,CU2609,,3116
国贸期货,2026-08-26,CU2610,,4724
国贸期货,2026-08-25,CU2701,619,
国贸期货,2026-08-25,CU2609,,3091
国贸期货,2026-08-25,CU2610,,3766
国贸期货,2026-08-24,CU2701,625,
国贸期货,2026-08-24,CU2609,,2786
国贸期货,2026-08-24,CU2610,,3162
国贸期货,2026-08-21,CU2701,571,
国贸期货,2026-08-21,CU2609,,3308
国贸期货,2026-08-20,CU2701,573,
国贸期货,2026-08-20,CU2609,,3736
国贸期货,2026-08-19,CU2701,560,
国贸期货,2026-08-19,CU2609,,4822
国贸期货,2026-08-18,CU2701,557,
国贸期货,2026-08-18,CU2609,,6152
国贸期货,2026-08-17,CU2701,579,
国贸期货,2026-08-17,CU2609,,7317
国贸期货,2026-08-14,CU2701,537,
国贸期货,2026-08-14,CU2609,,6890
国贸期货,2026-08-13,CU2701,537,
国贸期货,2026-08-13,CU2609,,6963
国贸期货,2026-08-13,CU2612,,
国贸期货,2026-08-12,CU2701,559,
国贸期货,2026-08-12,CU2609,,7148
国贸期货,2026-08-12,CU2612,,
国贸期货,2026-08-11,CU2701,550,
国贸期货,2026-08-11,CU2609,,6854
国贸期货,2026-08-10,CU2701,550,
国贸期货,2026-08-10,CU2609,,6164
国贸期货,2026-08-07,CU2701,510,
国贸期货,2026-08-07,CU2609,,6302
国贸期货,2026-08-07,CU2612,,
国贸期货,2026-08-06,CU2701,508,
国贸期货,2026-08-06,CU2609,,5836
国贸期货,2026-08-05,CU2701,508,
国贸期货,2026-08-05,CU2609,,5729
国贸期货,2026-08-04,CU2701,454,
国贸期货,2026-08-04,CU2609,,4875
国贸期货,2026-08-04,CU2612,,
国贸期货,2026-08-04,CU2611,,
国贸期货,2026-08-03,CU2701,395,
国贸期货,2026-08-03,CU2609,,4250
国贸期货,2026-07-31,CU2609,,3910
国贸期货,2026-07-31,CU2701,,
国贸期货,2026-07-30,CU2609,,3235
国贸期货,2026-07-30,CU2701,,
国贸期货,2026-07-29,CU2609,,3473
国贸期货,2026-07-29,CU2612,,
国贸期货,2026-07-29,CU2701,,
国贸期货,2026-07-28,CU2609,,3779
国贸期货,2026-07-27,CU2609,,4126
国贸期货,2026-07-24,CU2609,,4465
国贸期货,2026-07-23,CU2609,,4698
国贸期货,2026-07-22,CU2609,,4335
国贸期货,2026-07-21,CU2609,,3511
国贸期货,2026-07-21,CU2612,,
国贸期货,2026-07-21,CU2611,,
国贸期货,2026-07-20,CU2609,,2867
国贸期货,2026-07-20,CU2610,,
国贸期货,2026-07-20,CU2612,,
国贸期货,2026-07-17,CU2609,,2746
国贸期货,2026-07-16,CU2609,,3013
国贸期货,2026-07-15,CU2609,,2935
国贸期货,2026-07-15,CU2612,,
国贸期货,2026-07-15,CU2701,,
国贸期货,2026-07-14,CU2609,,2525
国贸期货,2026-07-14,CU2701,,
国贸期货,2026-07-14,CU2612,,
国贸期货,2026-07-13,CU2609,,2129
国贸期货,2026-07-13,CU2612,,
国贸期货,2026-07-10,CU2609,,
国贸期货,2026-07-02,CU2612,,258
国贸期货,2026-07-01,CU2701,,43
国贸期货,2026-07-01,CU2612,,238
国贸期货,2026-06-30,CU2612,,237
国贸期货,2026-06-30,CU2701,,34
国贸期货,2026-06-29,CU2612,,237
国贸期货,2026-06-26,CU2612,,237
国贸期货,2026-06-26,CU2609,,
国贸期货,2026-06-15,CU2611,258,
国贸期货,2026-06-11,CU2611,257,
国贸期货,2026-06-10,CU2611,,70
国贸期货,2026-06-10,CU2609,,
国贸期货,2026-05-22,CU2612,,
国贸期货,2026-05-12,CU2610,,
国贸期货,2026-04-28,CU2612,,
国贸期货,2026-03-26,CU2612,,
国贸期货,2026-03-25,CU2612,,35
国贸期货,2026-03-24,CU2612,,35
国贸期货,2026-03-23,CU2612,,35
国贸期货,2026-03-18,CU2609,,186
国贸期货,2026-03-17,CU2609,,178
国贸期货,2026-03-17,CU2612,,35
国贸期货,2026-03-16,CU2609,,168
国贸期货,2026-03-16,CU2612,,42
国贸期货,2026-03-13,CU2609,,156
国贸期货,2026-03-11,CU2609,,156
国贸期货,2026-03-10,CU2609,,517
国贸期货,2026-03-09,CU2609,,517
国贸期货,2026-03-06,CU2609,,517
国贸期货,2026-03-05,CU2609,,517
国贸期货,2026-03-04,CU2609,,517
国贸期货,2026-03-03,CU2609,,517
国贸期货,2026-03-02,CU2609,,517
国贸期货,2026-02-27,CU2609,,512
国贸期货,2026-02-26,CU2609,,512
国贸期货,2026-02-25,CU2609,,512
国贸期货,2026-02-24,CU2609,,512
国贸期货,2026-02-13,CU2609,,512
国贸期货,2026-02-12,CU2609,,512
国贸期货,2026-02-11,CU2609,,584
国贸期货,2026-02-10,CU2609,,675
国贸期货,2026-02-09,CU2609,,675
国贸期货,2026-02-06,CU2609,,675
国贸期货,2026-02-05,CU2609,,675
国贸期货,2026-02-04,CU2609,,774
国贸期货,2026-02-03,CU2609,,774
国贸期货,2026-02-02,CU2609,,764
国贸期货,2026-01-30,CU2609,,764
国贸期货,2026-01-29,CU2609,,763
紫金天风,2026-09-03,CU2609,2015,3085
紫金天风,2026-09-03,CU2610,,4290
紫金天风,2026-09-03,CU2611,,2213
紫金天风,2026-09-02,CU2609,2095,3200
紫金天风,2026-09-02,CU2610,,4082
紫金天风,2026-09-02,CU2611,,2132
紫金天风,2026-09-01,CU2609,2340,3295
紫金天风,2026-09-01,CU2611,1529,2132
紫金天风,2026-09-01,CU2610,,3979
紫金天风,2026-08-31,CU2609,2245,3325
紫金天风,2026-08-31,CU2611,1308,1951
紫金天风,2026-08-31,CU2610,,4090
紫金天风,2026-08-28,CU2609,2212,3709
紫金天风,2026-08-28,CU2611,1292,1674
紫金天风,2026-08-28,CU2610,,4154
紫金天风,2026-08-27,CU2609,2124,3859
紫金天风,2026-08-27,CU2611,1137,1539
紫金天风,2026-08-27,CU2610,,4030
紫金天风,2026-08-27,CU2702,,
紫金天风,2026-08-26,CU2609,2089,3918
紫金天风,2026-08-26,CU2610,,4078
紫金天风,2026-08-26,CU2611,,1552
紫金天风,2026-08-25,CU2609,2117,4046
紫金天风,2026-08-25,CU2610,,3888
紫金天风,2026-08-25,CU2611,,1376
紫金天风,2026-08-24,CU2609,2571,4290
紫金天风,2026-08-24,CU2611,1010,1191
紫金天风,2026-08-24,CU2610,,3753
紫金天风,2026-08-21,CU2609,2240,4791
紫金天风,2026-08-21,CU2611,1002,896
紫金天风,2026-08-21,CU2610,,3174
紫金天风,2026-08-20,CU2609,2864,4998
紫金天风,2026-08-20,CU2611,1007,816
紫金天风,2026-08-20,CU2610,,2945
紫金天风,2026-08-19,CU2609,3427,5151
紫金天风,2026-08-19,CU2611,1006,
紫金天风,2026-08-19,CU2610,,3204
紫金天风,2026-08-18,CU2609,3418,4902
紫金天风,2026-08-18,CU2610,,3036
紫金天风,2026-08-17,CU2609,2932,5139
紫金天风,2026-08-17,CU2611,923,
紫金天风,2026-08-17,CU2610,,3225
紫金天风,2026-08-14,CU2609,2830,4842
紫金天风,2026-08-14,CU2610,,3164
紫金天风,2026-08-13,CU2609,2635,4777
紫金天风,2026-08-13,CU2611,964,
紫金天风,2026-08-13,CU2610,,3148
紫金天风,2026-08-12,CU2611,973,
紫金天风,2026-08-12,CU2609,,4904
紫金天风,2026-08-12,CU2610,,3186
紫金天风,2026-08-12,CU2701,,179
紫金天风,2026-08-11,CU2611,931,
紫金天风,2026-08-11,CU2609,,4805
紫金天风,2026-08-10,CU2611,931,
紫金天风,2026-08-10,CU2609,,4844
紫金天风,2026-08-07,CU2611,932,
紫金天风,2026-08-07,CU2609,,4863
紫金天风,2026-08-07,CU2701,,179
紫金天风,2026-08-06,CU2611,932,
紫金天风,2026-08-06,CU2609,,4488
紫金天风,2026-08-06,CU2701,,179
紫金天风,2026-08-06,CU2612,,
紫金天风,2026-08-05,CU2611,843,
紫金天风,2026-08-05,CU2609,,4077
紫金天风,2026-08-05,CU2701,,179
紫金天风,2026-08-04,CU2609,,3945
紫金天风,2026-08-04,CU2701,,180
紫金天风,2026-08-04,CU2612,,
紫金天风,2026-08-03,CU2611,928,
紫金天风,2026-08-03,CU2701,,266
紫金天风,2026-08-03,CU2609,,3775
紫金天风,2026-07-31,CU2611,937,
紫金天风,2026-07-31,CU2701,,266
紫金天风,2026-07-31,CU2609,,3633
紫金天风,2026-07-31,CU2612,,
紫金天风,2026-07-30,CU2611,830,
紫金天风,2026-07-30,CU2701,,266
紫金天风,2026-07-30,CU2609,,3017
紫金天风,2026-07-29,CU2611,828,
紫金天风,2026-07-29,CU2701,,266
紫金天风,2026-07-29,CU2609,,3040
紫金天风,2026-07-28,CU2611,826,
紫金天风,2026-07-28,CU2701,,444
紫金天风,2026-07-28,CU2609,,2899
紫金天风,2026-07-27,CU2611,827,
紫金天风,2026-07-27,CU2701,,266
紫金天风,2026-07-27,CU2612,,
紫金天风,2026-07-24,CU2611,641,
紫金天风,2026-07-24,CU2701,,366
紫金天风,2026-07-23,CU2611,640,
紫金天风,2026-07-23,CU2701,,366
紫金天风,2026-07-22,CU2611,640,
紫金天风,2026-07-22,CU2701,,366
紫金天风,2026-07-21,CU2701,,366
紫金天风,2026-07-21,CU2611,,
紫金天风,2026-07-20,CU2701,,366
紫金天风,2026-07-20,CU2611,,545
紫金天风,2026-07-17,CU2701,,284
紫金天风,2026-07-17,CU2611,,547
紫金天风,2026-07-16,CU2611,,745
紫金天风,2026-07-16,CU2701,,
紫金天风,2026-07-15,CU2611,,745
紫金天风,2026-07-14,CU2611,,745
紫金天风,2026-07-13,CU2611,,745
紫金天风,2026-07-10,CU2611,,745
紫金天风,2026-07-09,CU2611,,745
紫金天风,2026-07-08,CU2611,,746
紫金天风,2026-07-07,CU2611,,746
紫金天风,2026-07-06,CU2611,,746
紫金天风,2026-07-03,CU2611,,746
紫金天风,2026-07-02,CU2611,,746
紫金天风,2026-07-01,CU2611,,745
紫金天风,2026-06-30,CU2611,,745
紫金天风,2026-06-29,CU2611,,789
紫金天风,2026-06-26,CU2611,,789
紫金天风,2026-06-25,CU2611,,789
紫金天风,2026-06-24,CU2611,,789
紫金天风,2026-06-23,CU2611,,789
紫金天风,2026-06-22,CU2611,,789
紫金天风,2026-06-18,CU2611,,789
紫金天风,2026-06-17,CU2611,,789
紫金天风,2026-06-17,CU2610,,
紫金天风,2026-06-16,CU2611,,789
紫金天风,2026-06-15,CU2611,,789
紫金天风,2026-06-12,CU2611,,799
紫金天风,2026-06-11,CU2611,,799
紫金天风,2026-06-10,CU2611,,799
紫金天风,2026-06-09,CU2611,,799
紫金天风,2026-06-08,CU2611,,799
紫金天风,2026-05-27,CU2610,,
紫金天风,2026-05-26,CU2610,,315
紫金天风,2026-05-25,CU2610,,315
紫金天风,2026-05-22,CU2610,,315
紫金天风,2026-05-21,CU2610,,315
紫金天风,2026-05-20,CU2610,,315
紫金天风,2026-05-19,CU2610,,315
紫金天风,2026-05-18,CU2610,,315
紫金天风,2026-05-15,CU2610,,315
紫金天风,2026-05-14,CU2610,,315
紫金天风,2026-05-13,CU2610,,315
紫金天风,2026-05-12,CU2610,,327
紫金天风,2026-05-11,CU2610,,327
紫金天风,2026-05-08,CU2610,,327
紫金天风,2026-05-08,CU2612,,127
紫金天风,2026-05-07,CU2610,,327
紫金天风,2026-05-07,CU2612,,127
紫金天风,2026-05-06,CU2610,,327
紫金天风,2026-05-06,CU2612,,123
紫金天风,2026-04-30,CU2610,,327
紫金天风,2026-04-30,CU2612,,123
紫金天风,2026-04-29,CU2610,,327
紫金天风,2026-04-29,CU2612,,123
紫金天风,2026-04-28,CU2612,,123
紫金天风,2026-04-27,CU2612,,114
紫金天风,2026-04-24,CU2612,,114
紫金天风,2026-04-23,CU2612,,114
紫金天风,2026-04-03,CU2609,,
紫金天风,2026-03-31,CU2609,,
紫金天风,2026-03-26,CU2609,,193
紫金天风,2026-03-24,CU2609,,297
紫金天风,2026-03-23,CU2609,,324
紫金天风,2026-03-20,CU2609,,675
紫金天风,2026-03-19,CU2609,,737
紫金天风,2026-03-18,CU2609,,685
紫金天风,2026-03-17,CU2609,,684
紫金天风,2026-03-16,CU2609,,664
紫金天风,2026-03-13,CU2609,,664
紫金天风,2026-03-12,CU2609,,664
紫金天风,2026-03-11,CU2609,,662
紫金天风,2026-03-10,CU2609,,663
紫金天风,2026-03-09,CU2609,,664
紫金天风,2026-03-06,CU2609,,687
紫金天风,2026-03-05,CU2609,,689
紫金天风,2026-03-04,CU2609,,685
紫金天风,2026-03-03,CU2609,,686
紫金天风,2026-03-02,CU2609,,688
紫金天风,2026-02-27,CU2609,,689
紫金天风,2026-02-26,CU2609,,699
紫金天风,2026-02-25,CU2609,,698
紫金天风,2026-02-24,CU2609,,700
紫金天风,2026-02-13,CU2609,,715
紫金天风,2026-02-12,CU2609,,641
紫金天风,2026-02-11,CU2609,,641
紫金天风,2026-02-10,CU2609,,641
紫金天风,2026-02-09,CU2609,,585
紫金天风,2026-02-06,CU2609,,585
紫金天风,2026-02-05,CU2609,,585
紫金天风,2026-02-04,CU2609,,584
紫金天风,2026-02-03,CU2609,,584
紫金天风,2026-02-02,CU2609,,585
紫金天风,2026-01-30,CU2609,,585
紫金天风,2026-01-29,CU2609,,584
紫金天风,2026-01-28,CU2609,,595
紫金天风,2026-01-27,CU2609,,595
紫金天风,2026-01-26,CU2609,,585
紫金天风,2026-01-23,CU2609,,585
紫金天风,2026-01-22,CU2609,,585
紫金天风,2026-01-21,CU2609,,585
紫金天风,2026-01-20,CU2609,,585
紫金天风,2026-01-19,CU2609,,585
紫金天风,2026-01-16,CU2609,,564
紫金天风,2026-01-15,CU2609,,529
紫金天风,2026-01-14,CU2609,,528
紫金天风,2026-01-13,CU2609,,528
紫金天风,2026-01-12,CU2609,,528
紫金天风,2026-01-09,CU2609,,528
紫金天风,2026-01-08,CU2609,,528
紫金天风,2026-01-07,CU2609,,118
紫金天风,2026-01-06,CU2609,,118
紫金天风,2026-01-05,CU2609,,118
紫金天风,2025-12-31,CU2609,,118
紫金天风,2025-12-30,CU2609,,118
紫金天风,2025-12-29,CU2609,,118
紫金天风,2025-12-26,CU2609,,118
紫金天风,2025-12-25,CU2609,,118
紫金天风,2025-12-24,CU2609,,118
中粮期货,2026-09-03,CU2609,4905,1910
中粮期货,2026-09-03,CU2702,698,
中粮期货,2026-09-03,CU2610,,11930
中粮期货,2026-09-03,CU2611,,2679
中粮期货,2026-09-03,CU2612,,1184
中粮期货,2026-09-02,CU2609,4805,1985
中粮期货,2026-09-02,CU2702,698,
中粮期货,2026-09-02,CU2610,,11935
中粮期货,2026-09-02,CU2611,,2556
中粮期货,2026-09-02,CU2612,,1183
中粮期货,2026-09-01,CU2609,5485,2135
中粮期货,2026-09-01,CU2702,698,
中粮期货,2026-09-01,CU2701,554,
中粮期货,2026-09-01,CU2610,,13042
中粮期货,2026-09-01,CU2611,,2382
中粮期货,2026-09-01,CU2612,,1191
中粮期货,2026-08-31,CU2609,5530,2360
中粮期货,2026-08-31,CU2702,698,
中粮期货,2026-08-31,CU2701,554,
中粮期货,2026-08-31,CU2610,,12995
中粮期货,2026-08-31,CU2612,,1187
中粮期货,2026-08-31,CU2611,,1550
中粮期货,2026-08-28,CU2609,5781,2239
中粮期货,2026-08-28,CU2702,698,
中粮期货,2026-08-28,CU2701,554,
中粮期货,2026-08-28,CU2611,1081,
中粮期货,2026-08-28,CU2610,,13885
中粮期货,2026-08-28,CU2612,,1187
中粮期货,2026-08-27,CU2609,5849,2183
中粮期货,2026-08-27,CU2702,698,
中粮期货,2026-08-27,CU2701,550,
中粮期货,2026-08-27,CU2610,,13688
中粮期货,2026-08-27,CU2612,,1183
中粮期货,2026-08-26,CU2609,5881,2209
中粮期货,2026-08-26,CU2701,553,
中粮期货,2026-08-26,CU2611,1081,
中粮期货,2026-08-26,CU2610,,13936
中粮期货,2026-08-26,CU2612,,1190
中粮期货,2026-08-25,CU2609,6327,2742
中粮期货,2026-08-25,CU2701,552,
中粮期货,2026-08-25,CU2610,,13232
中粮期货,2026-08-25,CU2612,,1184
中粮期货,2026-08-24,CU2609,6456,3415
中粮期货,2026-08-24,CU2701,542,
中粮期货,2026-08-24,CU2610,,12658
中粮期货,2026-08-24,CU2612,,1183
中粮期货,2026-08-21,CU2609,5440,3875
中粮期货,2026-08-21,CU2701,541,
中粮期货,2026-08-21,CU2610,,10965
中粮期货,2026-08-21,CU2612,,1182
中粮期货,2026-08-20,CU2609,5437,3979
中粮期货,2026-08-20,CU2701,541,
中粮期货,2026-08-20,CU2610,,10376
中粮期货,2026-08-20,CU2612,,1180
中粮期货,2026-08-19,CU2609,4866,4114
中粮期货,2026-08-19,CU2701,539,
中粮期货,2026-08-19,CU2610,,10152
中粮期货,2026-08-19,CU2612,,1180
中粮期货,2026-08-18,CU2609,5282,4054
中粮期货,2026-08-18,CU2701,542,
中粮期货,2026-08-18,CU2610,,10475
中粮期货,2026-08-18,CU2612,,1178
中粮期货,2026-08-17,CU2609,5419,4086
中粮期货,2026-08-17,CU2701,531,
中粮期货,2026-08-17,CU2610,,10656
中粮期货,2026-08-17,CU2612,,1149
中粮期货,2026-08-14,CU2609,4734,5695
中粮期货,2026-08-14,CU2701,527,
中粮期货,2026-08-14,CU2610,,8673
中粮期货,2026-08-14,CU2612,,1146
中粮期货,2026-08-13,CU2609,4615,6139
中粮期货,2026-08-13,CU2701,727,
中粮期货,2026-08-13,CU2610,,8670
中粮期货,2026-08-13,CU2612,,1146
中粮期货,2026-08-12,CU2701,730,
中粮期货,2026-08-12,CU2609,3890,6733
中粮期货,2026-08-12,CU2610,,8616
中粮期货,2026-08-12,CU2612,,1160
中粮期货,2026-08-11,CU2701,775,
中粮期货,2026-08-11,CU2609,3609,7337
中粮期货,2026-08-11,CU2610,,8058
中粮期货,2026-08-11,CU2612,,1162
中粮期货,2026-08-10,CU2701,775,
中粮期货,2026-08-10,CU2609,3122,7833
中粮期货,2026-08-10,CU2610,,7138
中粮期货,2026-08-10,CU2612,,1157
中粮期货,2026-08-07,CU2701,825,
中粮期货,2026-08-07,CU2609,2828,8051
中粮期货,2026-08-07,CU2610,,7084
中粮期货,2026-08-07,CU2612,,1173
中粮期货,2026-08-06,CU2701,1035,
中粮期货,2026-08-06,CU2610,,7044
中粮期货,2026-08-06,CU2609,,8222
中粮期货,2026-08-06,CU2612,,1180
中粮期货,2026-08-05,CU2701,1087,
中粮期货,2026-08-05,CU2610,,6926
中粮期货,2026-08-05,CU2609,,8453
中粮期货,2026-08-05,CU2612,,1183
中粮期货,2026-08-04,CU2701,1087,
中粮期货,2026-08-04,CU2610,,6769
中粮期货,2026-08-04,CU2609,,9039
中粮期货,2026-08-04,CU2612,,1180
中粮期货,2026-08-03,CU2701,1095,
中粮期货,2026-08-03,CU2609,,9140
中粮期货,2026-08-03,CU2610,,6472
中粮期货,2026-08-03,CU2612,,1180
中粮期货,2026-07-31,CU2701,1094,
中粮期货,2026-07-31,CU2610,,6139
中粮期货,2026-07-31,CU2609,,9452
中粮期货,2026-07-31,CU2612,,1182
中粮期货,2026-07-30,CU2701,1093,
中粮期货,2026-07-30,CU2609,,9081
中粮期货,2026-07-30,CU2610,,5473
中粮期货,2026-07-30,CU2612,,1190
中粮期货,2026-07-29,CU2701,760,
中粮期货,2026-07-29,CU2610,,5125
中粮期货,2026-07-29,CU2609,,8177
中粮期货,2026-07-29,CU2612,,1212
中粮期货,2026-07-28,CU2701,760,
中粮期货,2026-07-28,CU2609,,8328
中粮期货,2026-07-28,CU2610,,4663
中粮期货,2026-07-28,CU2612,,1212
中粮期货,2026-07-27,CU2609,,8265
中粮期货,2026-07-27,CU2610,,4296
中粮期货,2026-07-27,CU2612,,1211
中粮期货,2026-07-27,CU2701,,
中粮期货,2026-07-24,CU2610,,4311
中粮期货,2026-07-24,CU2609,,8046
中粮期货,2026-07-24,CU2612,,1211
中粮期货,2026-07-23,CU2610,,4250
中粮期货,2026-07-23,CU2609,,7952
中粮期货,2026-07-23,CU2612,,1234
中粮期货,2026-07-23,CU2611,,
中粮期货,2026-07-22,CU2610,,4498
中粮期货,2026-07-22,CU2609,,7702
中粮期货,2026-07-22,CU2612,,1419
中粮期货,2026-07-22,CU2611,,
中粮期货,2026-07-21,CU2611,670,
中粮期货,2026-07-21,CU2610,,4400
中粮期货,2026-07-21,CU2609,,7241
中粮期货,2026-07-21,CU2612,,1576
中粮期货,2026-07-20,CU2610,,3813
中粮期货,2026-07-20,CU2609,,5036
中粮期货,2026-07-20,CU2612,,1628
中粮期货,2026-07-17,CU2612,,1682
中粮期货,2026-07-17,CU2610,,2088
中粮期货,2026-07-17,CU2609,,4693
中粮期货,2026-07-16,CU2612,,1683
中粮期货,2026-07-16,CU2609,,5004
中粮期货,2026-07-16,CU2610,,1570
中粮期货,2026-07-15,CU2612,,1684
中粮期货,2026-07-15,CU2609,,5002
中粮期货,2026-07-15,CU2610,,1372
中粮期货,2026-07-15,CU2701,,52
中粮期货,2026-07-14,CU2612,,1684
中粮期货,2026-07-14,CU2609,,4517
中粮期货,2026-07-14,CU2701,,52
中粮期货,2026-07-13,CU2612,,1686
中粮期货,2026-07-13,CU2609,,3724
中粮期货,2026-07-13,CU2701,,50
中粮期货,2026-07-10,CU2612,,1690
中粮期货,2026-07-10,CU2609,,3578
中粮期货,2026-07-10,CU2701,,
中粮期货,2026-07-09,CU2612,,1734
中粮期货,2026-07-09,CU2609,,3302
中粮期货,2026-07-08,CU2612,,1442
中粮期货,2026-07-08,CU2609,,2364
中粮期货,2026-07-07,CU2612,,1451
中粮期货,2026-07-07,CU2609,,2363
中粮期货,2026-07-06,CU2612,,1523
中粮期货,2026-07-06,CU2609,,2362
中粮期货,2026-07-03,CU2612,,1559
中粮期货,2026-07-03,CU2609,,2382
中粮期货,2026-07-03,CU2610,,481
中粮期货,2026-07-02,CU2612,,1558
中粮期货,2026-07-02,CU2609,,2285
中粮期货,2026-07-02,CU2610,,482
中粮期货,2026-07-01,CU2612,,1558
中粮期货,2026-07-01,CU2609,,2272
中粮期货,2026-07-01,CU2610,,480
中粮期货,2026-06-30,CU2612,,1258
中粮期货,2026-06-30,CU2609,,2190
中粮期货,2026-06-30,CU2610,,479
中粮期货,2026-06-29,CU2612,,1262
中粮期货,2026-06-29,CU2609,,2184
中粮期货,2026-06-29,CU2610,,478
中粮期货,2026-06-26,CU2612,,1281
中粮期货,2026-06-26,CU2609,,2155
中粮期货,2026-06-26,CU2610,,519
中粮期货,2026-06-25,CU2612,,1288
中粮期货,2026-06-25,CU2609,,2159
中粮期货,2026-06-25,CU2610,,512
中粮期货,2026-06-24,CU2612,,1009
中粮期货,2026-06-24,CU2609,,2180
中粮期货,2026-06-24,CU2610,,499
中粮期货,2026-06-23,CU2612,,993
中粮期货,2026-06-23,CU2609,,2067
中粮期货,2026-06-23,CU2610,,437
中粮期货,2026-06-22,CU2612,,993
中粮期货,2026-06-22,CU2609,,2071
中粮期货,2026-06-22,CU2610,,437
中粮期货,2026-06-18,CU2612,,997
中粮期货,2026-06-18,CU2609,,1899
中粮期货,2026-06-18,CU2610,,452
中粮期货,2026-06-17,CU2612,,997
中粮期货,2026-06-17,CU2609,,1825
中粮期货,2026-06-17,CU2610,,450
中粮期货,2026-06-16,CU2612,,998
中粮期货,2026-06-16,CU2609,,1819
中粮期货,2026-06-16,CU2610,,450
中粮期货,2026-06-15,CU2612,,997
中粮期货,2026-06-15,CU2609,,1815
中粮期货,2026-06-15,CU2610,,451
中粮期货,2026-06-12,CU2612,,1005
中粮期货,2026-06-12,CU2609,,1811
中粮期货,2026-06-12,CU2610,,495
中粮期货,2026-06-11,CU2612,,920
中粮期货,2026-06-11,CU2609,,1808
中粮期货,2026-06-11,CU2610,,495
中粮期货,2026-06-10,CU2612,,913
中粮期货,2026-06-10,CU2609,,1810
中粮期货,2026-06-10,CU2610,,457
中粮期货,2026-06-09,CU2612,,913
中粮期货,2026-06-09,CU2609,,1807
中粮期货,2026-06-09,CU2610,,457
中粮期货,2026-06-08,CU2612,,798
中粮期货,2026-06-08,CU2609,,1810
中粮期货,2026-06-08,CU2610,,457
中粮期货,2026-06-05,CU2612,,785
中粮期货,2026-06-05,CU2609,,1809
中粮期货,2026-06-05,CU2610,,412
中粮期货,2026-06-04,CU2612,,690
中粮期货,2026-06-04,CU2609,,1811
中粮期货,2026-06-04,CU2610,,411
中粮期货,2026-06-03,CU2612,,591
中粮期货,2026-06-03,CU2609,,1813
中粮期货,2026-06-03,CU2610,,416
中粮期货,2026-06-02,CU2612,,592
中粮期货,2026-06-02,CU2609,,1812
中粮期货,2026-06-02,CU2610,,415
中粮期货,2026-06-01,CU2612,,589
中粮期货,2026-06-01,CU2609,,1807
中粮期货,2026-06-01,CU2610,,411
中粮期货,2026-05-29,CU2612,,589
中粮期货,2026-05-29,CU2609,,1811
中粮期货,2026-05-29,CU2610,,411
中粮期货,2026-05-28,CU2612,,586
中粮期货,2026-05-28,CU2609,,1810
中粮期货,2026-05-28,CU2610,,411
中粮期货,2026-05-27,CU2609,,1809
中粮期货,2026-05-27,CU2612,,586
中粮期货,2026-05-27,CU2610,,411
中粮期货,2026-05-26,CU2609,,1810
中粮期货,2026-05-26,CU2612,,588
中粮期货,2026-05-26,CU2610,,411
中粮期货,2026-05-25,CU2609,,1812
中粮期货,2026-05-25,CU2612,,587
中粮期货,2026-05-25,CU2610,,407
中粮期货,2026-05-22,CU2609,,1876
中粮期货,2026-05-22,CU2610,,421
中粮期货,2026-05-22,CU2612,,585
中粮期货,2026-05-21,CU2609,,1870
中粮期货,2026-05-21,CU2612,,585
中粮期货,2026-05-21,CU2610,,421
中粮期货,2026-05-20,CU2609,,1868
中粮期货,2026-05-20,CU2610,,421
中粮期货,2026-05-20,CU2612,,418
中粮期货,2026-05-19,CU2609,,1805
中粮期货,2026-05-19,CU2610,,407
中粮期货,2026-05-18,CU2609,,1809
中粮期货,2026-05-18,CU2610,,409
中粮期货,2026-05-15,CU2609,,1864
中粮期货,2026-05-15,CU2610,,424
中粮期货,2026-05-14,CU2609,,1829
中粮期货,2026-05-14,CU2610,,416
中粮期货,2026-05-13,CU2609,,1476
中粮期货,2026-05-13,CU2610,,406
中粮期货,2026-05-12,CU2609,,1285
中粮期货,2026-05-12,CU2610,,407
中粮期货,2026-05-11,CU2609,,1283
中粮期货,2026-05-11,CU2610,,387
中粮期货,2026-05-08,CU2609,,1283
中粮期货,2026-05-08,CU2610,,387
中粮期货,2026-05-07,CU2610,,386
中粮期货,2026-05-07,CU2609,,1282
中粮期货,2026-05-06,CU2610,,386
中粮期货,2026-05-06,CU2609,,1284
中粮期货,2026-04-30,CU2610,,386
中粮期货,2026-04-30,CU2609,,1278
中粮期货,2026-04-29,CU2610,,386
中粮期货,2026-04-29,CU2609,,917
中粮期货,2026-04-28,CU2609,,563
中粮期货,2026-04-27,CU2609,,565
中粮期货,2026-04-24,CU2609,,560
中粮期货,2026-04-23,CU2609,,560
中粮期货,2026-04-22,CU2609,,557
中粮期货,2026-04-22,CU2612,,91
中粮期货,2026-04-21,CU2609,,556
中粮期货,2026-04-21,CU2612,,90
中粮期货,2026-04-20,CU2609,,553
中粮期货,2026-04-20,CU2612,,108
中粮期货,2026-04-17,CU2609,,553
中粮期货,2026-04-17,CU2612,,110
中粮期货,2026-04-16,CU2609,,555
中粮期货,2026-04-16,CU2612,,109
中粮期货,2026-04-15,CU2612,,161
中粮期货,2026-04-15,CU2609,,553
中粮期货,2026-04-14,CU2609,,556
中粮期货,2026-04-14,CU2612,,232
中粮期货,2026-04-13,CU2612,,232
中粮期货,2026-04-13,CU2609,,554
中粮期货,2026-04-10,CU2609,,552
中粮期货,2026-04-10,CU2612,,218
中粮期货,2026-04-09,CU2609,,547
中粮期货,2026-04-09,CU2612,,213
中粮期货,2026-04-08,CU2612,,210
中粮期货,2026-04-08,CU2609,,552
中粮期货,2026-04-07,CU2612,,210
中粮期货,2026-04-07,CU2609,,548
中粮期货,2026-04-03,CU2612,,210
中粮期货,2026-04-03,CU2609,,548
中粮期货,2026-04-02,CU2609,,557
中粮期货,2026-04-02,CU2612,,114
中粮期货,2026-04-01,CU2609,,556
中粮期货,2026-03-31,CU2609,,549
中粮期货,2026-03-30,CU2609,,554
中粮期货,2026-03-27,CU2609,,553
中粮期货,2026-03-26,CU2609,,552
中粮期货,2026-03-25,CU2609,,552
中粮期货,2026-03-24,CU2609,,547
中粮期货,2026-03-23,CU2609,,548
中粮期货,2026-03-18,CU2609,,164
中粮期货,2026-03-17,CU2609,,164
中粮期货,2026-03-16,CU2609,,165
中粮期货,2026-03-13,CU2609,,163
中粮期货,2026-03-12,CU2609,,163
中粮期货,2026-03-11,CU2609,,163
中粮期货,2026-03-10,CU2609,,163
中粮期货,2026-03-09,CU2609,,162
中粮期货,2026-03-06,CU2609,,161
中粮期货,2026-03-05,CU2609,,161
中粮期货,2026-03-04,CU2609,,163
中粮期货,2026-03-03,CU2609,,164
中粮期货,2026-03-02,CU2609,,165
中粮期货,2026-02-27,CU2609,,165
中粮期货,2026-02-26,CU2609,,166
中粮期货,2026-02-25,CU2609,,168
中粮期货,2026-02-24,CU2609,,165
中粮期货,2026-02-13,CU2609,,164
中粮期货,2026-02-12,CU2609,,166
中粮期货,2026-02-11,CU2609,,168
中粮期货,2026-02-10,CU2609,,168
中粮期货,2026-02-09,CU2609,,168
中粮期货,2026-02-06,CU2609,,167
中粮期货,2026-02-05,CU2609,,167
中粮期货,2026-02-04,CU2609,,168
中粮期货,2026-02-03,CU2609,,168
中粮期货,2026-02-02,CU2609,,165
中粮期货,2026-01-30,CU2609,,164
中粮期货,2026-01-29,CU2609,,168
中粮期货,2026-01-28,CU2609,,166
中粮期货,2026-01-27,CU2609,,166
中粮期货,2026-01-26,CU2609,,167
中粮期货,2026-01-23,CU2609,,162
中粮期货,2026-01-13,CU2609,267,
中粮期货,2026-01-12,CU2609,267,
中粮期货,2026-01-09,CU2609,263,
光大期货,2026-09-03,CU2612,2330,1657
光大期货,2026-09-03,CU2610,3072,4327
光大期货,2026-09-03,CU2703,443,626
光大期货,2026-09-03,CU2702,254,825
光大期货,2026-09-03,CU2701,,1011
光大期货,2026-09-03,CU2611,,4107
光大期货,2026-09-03,CU2609,,980
光大期货,2026-09-02,CU2612,2433,1667
光大期货,2026-09-02,CU2610,3217,4174
光大期货,2026-09-02,CU2703,445,626
光大期货,2026-09-02,CU2702,,826
光大期货,2026-09-02,CU2611,,3853
光大期货,2026-09-02,CU2701,,1015
光大期货,2026-09-02,CU2609,,985
光大期货,2026-09-01,CU2612,2389,1662
光大期货,2026-09-01,CU2610,3664,4575
光大期货,2026-09-01,CU2703,452,627
光大期货,2026-09-01,CU2702,254,826
光大期货,2026-09-01,CU2701,,1012
光大期货,2026-09-01,CU2611,,3496
光大期货,2026-09-01,CU2609,,1380
光大期货,2026-08-31,CU2612,2348,1710
光大期货,2026-08-31,CU2610,3461,4467
光大期货,2026-08-31,CU2703,450,626
光大期货,2026-08-31,CU2702,254,826
光大期货,2026-08-31,CU2611,,3486
光大期货,2026-08-31,CU2701,,1011
光大期货,2026-08-31,CU2609,,1360
光大期货,2026-08-28,CU2612,2280,1714
光大期货,2026-08-28,CU2610,3428,4020
光大期货,2026-08-28,CU2703,391,626
光大期货,2026-08-28,CU2702,,826
光大期货,2026-08-28,CU2701,,1013
光大期货,2026-08-28,CU2611,,3645
光大期货,2026-08-28,CU2609,,1968
光大期货,2026-08-27,CU2612,2263,1712
光大期货,2026-08-27,CU2610,3011,4417
光大期货,2026-08-27,CU2703,380,626
光大期货,2026-08-27,CU2702,,826
光大期货,2026-08-27,CU2611,,3783
光大期货,2026-08-27,CU2701,,1013
光大期货,2026-08-27,CU2609,,1827
光大期货,2026-08-26,CU2612,2146,1725
光大期货,2026-08-26,CU2610,2998,3820
光大期货,2026-08-26,CU2703,377,362
光大期货,2026-08-26,CU2611,,3657
光大期货,2026-08-26,CU2701,,1013
光大期货,2026-08-26,CU2609,,2493
光大期货,2026-08-25,CU2612,1728,1711
光大期货,2026-08-25,CU2610,2755,4861
光大期货,2026-08-25,CU2703,380,362
光大期货,2026-08-25,CU2609,1417,2761
光大期货,2026-08-25,CU2611,,3216
光大期货,2026-08-25,CU2701,,1011
光大期货,2026-08-24,CU2612,1854,1562
光大期货,2026-08-24,CU2610,2729,4475
光大期货,2026-08-24,CU2703,381,362
光大期货,2026-08-24,CU2609,1897,3191
光大期货,2026-08-24,CU2611,,3361
光大期货,2026-08-24,CU2701,,1011
光大期货,2026-08-21,CU2612,1857,1387
光大期货,2026-08-21,CU2610,2485,6270
光大期货,2026-08-21,CU2703,384,361
光大期货,2026-08-21,CU2609,2034,2842
光大期货,2026-08-21,CU2611,,3782
光大期货,2026-08-21,CU2701,,1015
光大期货,2026-08-20,CU2612,1874,1292
光大期货,2026-08-20,CU2609,2443,2948
光大期货,2026-08-20,CU2703,386,361
光大期货,2026-08-20,CU2611,,3562
光大期货,2026-08-20,CU2701,,1016
光大期货,2026-08-20,CU2610,,6417
光大期货,2026-08-19,CU2612,1875,892
光大期货,2026-08-19,CU2703,385,361
光大期货,2026-08-19,CU2609,2538,3899
光大期货,2026-08-19,CU2611,,3168
光大期货,2026-08-19,CU2701,,1015
光大期货,2026-08-19,CU2610,,8213
光大期货,2026-08-18,CU2612,1792,892
光大期货,2026-08-18,CU2703,384,361
光大期货,2026-08-18,CU2609,2530,5150
光大期货,2026-08-18,CU2610,2216,8557
光大期货,2026-08-18,CU2611,,2993
光大期货,2026-08-18,CU2701,,1015
光大期货,2026-08-17,CU2612,1587,899
光大期货,2026-08-17,CU2610,2369,8848
光大期货,2026-08-17,CU2703,378,361
光大期货,2026-08-17,CU2609,2676,6288
光大期货,2026-08-17,CU2611,,2957
光大期货,2026-08-17,CU2701,,1021
光大期货,2026-08-14,CU2610,2352,8173
光大期货,2026-08-14,CU2612,1558,894
光大期货,2026-08-14,CU2703,379,361
光大期货,2026-08-14,CU2609,2954,6684
光大期货,2026-08-14,CU2611,,2793
光大期货,2026-08-14,CU2701,,1021
光大期货,2026-08-13,CU2610,2228,8004
光大期货,2026-08-13,CU2609,3139,6806
光大期货,2026-08-13,CU2612,1465,892
光大期货,2026-08-13,CU2703,378,361
光大期货,2026-08-13,CU2611,,2826
光大期货,2026-08-13,CU2701,,1020
光大期货,2026-08-12,CU2610,2358,8244
光大期货,2026-08-12,CU2612,1422,892
光大期货,2026-08-12,CU2703,374,361
光大期货,2026-08-12,CU2609,3299,7055
光大期货,2026-08-12,CU2611,,2831
光大期货,2026-08-12,CU2701,,1019
光大期货,2026-08-11,CU2610,2235,8203
光大期货,2026-08-11,CU2612,1324,892
光大期货,2026-08-11,CU2609,3317,6917
光大期货,2026-08-11,CU2703,374,361
光大期货,2026-08-11,CU2611,,2831
光大期货,2026-08-11,CU2701,,1018
光大期货,2026-08-10,CU2609,3494,7718
光大期货,2026-08-10,CU2610,2153,7123
光大期货,2026-08-10,CU2703,375,361
光大期货,2026-08-10,CU2612,1197,912
光大期货,2026-08-10,CU2611,,2810
光大期货,2026-08-10,CU2701,,1016
光大期货,2026-08-07,CU2609,3611,8783
光大期货,2026-08-07,CU2703,370,364
光大期货,2026-08-07,CU2612,1146,886
光大期货,2026-08-07,CU2611,,2817
光大期货,2026-08-07,CU2701,,1015
光大期货,2026-08-07,CU2610,,6229
光大期货,2026-08-06,CU2609,3667,8532
光大期货,2026-08-06,CU2612,1236,888
光大期货,2026-08-06,CU2703,372,364
光大期货,2026-08-06,CU2611,,2792
光大期货,2026-08-06,CU2701,,1015
光大期货,2026-08-06,CU2610,,6000
光大期货,2026-08-05,CU2609,3648,8285
光大期货,2026-08-05,CU2703,371,363
光大期货,2026-08-05,CU2612,1073,888
光大期货,2026-08-05,CU2611,,2755
光大期货,2026-08-05,CU2701,,1016
光大期货,2026-08-05,CU2610,,5789
光大期货,2026-08-04,CU2609,3624,8305
光大期货,2026-08-04,CU2703,373,363
光大期货,2026-08-04,CU2612,1061,888
光大期货,2026-08-04,CU2611,,2754
光大期货,2026-08-04,CU2701,,1013
光大期货,2026-08-04,CU2610,,5764
光大期货,2026-08-03,CU2609,3611,8683
光大期货,2026-08-03,CU2703,374,362
光大期货,2026-08-03,CU2612,954,1161
光大期货,2026-08-03,CU2611,,2743
光大期货,2026-08-03,CU2701,,1017
光大期货,2026-08-03,CU2610,,5644
光大期货,2026-07-31,CU2609,3811,8703
光大期货,2026-07-31,CU2703,377,362
光大期货,2026-07-31,CU2611,875,2741
光大期货,2026-07-31,CU2701,,1016
光大期货,2026-07-31,CU2610,,5576
光大期货,2026-07-31,CU2612,,1133
光大期货,2026-07-30,CU2609,3913,8229
光大期货,2026-07-30,CU2611,915,2746
光大期货,2026-07-30,CU2703,379,367
光大期货,2026-07-30,CU2701,,1025
光大期货,2026-07-30,CU2610,,5550
光大期货,2026-07-30,CU2612,,1327
光大期货,2026-07-29,CU2609,4004,8572
光大期货,2026-07-29,CU2611,906,2747
光大期货,2026-07-29,CU2703,378,367
光大期货,2026-07-29,CU2701,,1027
光大期货,2026-07-29,CU2610,,4803
光大期货,2026-07-29,CU2612,,1326
光大期货,2026-07-28,CU2609,4293,9328
光大期货,2026-07-28,CU2611,919,2732
光大期货,2026-07-28,CU2703,378,367
光大期货,2026-07-28,CU2701,,1027
光大期货,2026-07-28,CU2610,,4022
光大期货,2026-07-28,CU2612,,1324
光大期货,2026-07-27,CU2609,4390,10087
光大期货,2026-07-27,CU2611,912,2691
光大期货,2026-07-27,CU2703,377,456
光大期货,2026-07-27,CU2701,,1106
光大期货,2026-07-27,CU2612,,1332
光大期货,2026-07-27,CU2610,,3534
光大期货,2026-07-24,CU2609,4144,10195
光大期货,2026-07-24,CU2703,385,455
光大期货,2026-07-24,CU2611,787,2727
光大期货,2026-07-24,CU2612,889,1331
光大期货,2026-07-24,CU2701,,1107
光大期货,2026-07-24,CU2610,,3270
光大期货,2026-07-23,CU2609,4394,10250
光大期货,2026-07-23,CU2611,740,2753
光大期货,2026-07-23,CU2703,374,450
光大期货,2026-07-23,CU2612,907,1359
光大期货,2026-07-23,CU2701,,1107
光大期货,2026-07-23,CU2610,,3349
光大期货,2026-07-22,CU2609,4278,10127
光大期货,2026-07-22,CU2611,749,2399
光大期货,2026-07-22,CU2703,375,450
光大期货,2026-07-22,CU2612,871,1367
光大期货,2026-07-22,CU2701,,908
光大期货,2026-07-22,CU2610,,3352
光大期货,2026-07-21,CU2609,4314,9161
光大期货,2026-07-21,CU2611,760,1847
光大期货,2026-07-21,CU2703,372,450
光大期货,2026-07-21,CU2612,738,1325
光大期货,2026-07-21,CU2701,,578
光大期货,2026-07-21,CU2610,,3905
光大期货,2026-07-20,CU2609,3616,9814
光大期货,2026-07-20,CU2611,758,1834
光大期货,2026-07-20,CU2703,376,464
光大期货,2026-07-20,CU2701,284,595
光大期货,2026-07-20,CU2610,,3867
光大期货,2026-07-20,CU2612,,1350
光大期货,2026-07-17,CU2609,3134,9185
光大期货,2026-07-17,CU2611,730,1834
光大期货,2026-07-17,CU2703,379,462
光大期货,2026-07-17,CU2701,,595
光大期货,2026-07-17,CU2610,,4054
光大期货,2026-07-17,CU2612,,1349
光大期货,2026-07-16,CU2611,693,1879
光大期货,2026-07-16,CU2609,2885,9402
光大期货,2026-07-16,CU2703,376,449
光大期货,2026-07-16,CU2612,818,1319
光大期货,2026-07-16,CU2701,,578
光大期货,2026-07-16,CU2610,,4143
光大期货,2026-07-15,CU2609,2975,8709
光大期货,2026-07-15,CU2611,687,1858
光大期货,2026-07-15,CU2703,376,449
光大期货,2026-07-15,CU2701,,578
光大期货,2026-07-15,CU2610,,4156
光大期货,2026-07-15,CU2612,,1360
光大期货,2026-07-14,CU2609,2917,8292
光大期货,2026-07-14,CU2611,690,1860
光大期货,2026-07-14,CU2612,835,1321
光大期货,2026-07-14,CU2610,,4105
光大期货,2026-07-14,CU2701,,578
光大期货,2026-07-13,CU2609,2759,8110
光大期货,2026-07-13,CU2611,659,1831
光大期货,2026-07-13,CU2701,,594
光大期货,2026-07-13,CU2610,,3800
光大期货,2026-07-13,CU2612,,1140
光大期货,2026-07-10,CU2609,2604,8128
光大期货,2026-07-10,CU2611,619,1834
光大期货,2026-07-10,CU2610,,3806
光大期货,2026-07-10,CU2701,,581
光大期货,2026-07-10,CU2612,,979
光大期货,2026-07-09,CU2611,603,1830
光大期货,2026-07-09,CU2609,2292,7971
光大期货,2026-07-09,CU2610,,3788
光大期货,2026-07-09,CU2701,,580
光大期货,2026-07-09,CU2612,,934
光大期货,2026-07-08,CU2611,564,1832
光大期货,2026-07-08,CU2609,2212,7498
光大期货,2026-07-08,CU2610,,3764
光大期货,2026-07-08,CU2701,,579
光大期货,2026-07-08,CU2612,,932
光大期货,2026-07-07,CU2611,558,1833
光大期货,2026-07-07,CU2609,2183,7444
光大期货,2026-07-07,CU2610,,3756
光大期货,2026-07-07,CU2701,,490
光大期货,2026-07-07,CU2612,,931
光大期货,2026-07-06,CU2609,2116,7360
光大期货,2026-07-06,CU2611,540,1827
光大期货,2026-07-06,CU2610,,3746
光大期货,2026-07-06,CU2701,,488
光大期货,2026-07-06,CU2612,,926
光大期货,2026-07-03,CU2611,540,1833
光大期货,2026-07-03,CU2609,1880,7237
光大期货,2026-07-03,CU2610,,3725
光大期货,2026-07-03,CU2701,,494
光大期货,2026-07-03,CU2612,,937
光大期货,2026-07-02,CU2611,539,1789
光大期货,2026-07-02,CU2609,1949,7051
光大期货,2026-07-02,CU2610,,3703
光大期货,2026-07-02,CU2701,,494
光大期货,2026-07-02,CU2612,,935
光大期货,2026-07-01,CU2611,538,1788
光大期货,2026-07-01,CU2609,1936,7048
光大期货,2026-07-01,CU2612,574,936
光大期货,2026-07-01,CU2610,,3698
光大期货,2026-07-01,CU2701,,494
光大期货,2026-06-30,CU2611,488,1786
光大期货,2026-06-30,CU2609,1883,6731
光大期货,2026-06-30,CU2610,,3703
光大期货,2026-06-30,CU2701,,493
光大期货,2026-06-30,CU2612,,940
光大期货,2026-06-29,CU2609,1901,6549
光大期货,2026-06-29,CU2610,,3665
光大期货,2026-06-29,CU2611,,1766
光大期货,2026-06-29,CU2612,,918
光大期货,2026-06-26,CU2609,1946,6594
光大期货,2026-06-26,CU2610,,3616
光大期货,2026-06-26,CU2611,,1791
光大期货,2026-06-26,CU2612,,910
光大期货,2026-06-25,CU2609,1799,6541
光大期货,2026-06-25,CU2610,,3623
光大期货,2026-06-25,CU2611,,1546
光大期货,2026-06-25,CU2612,,905
光大期货,2026-06-24,CU2609,1736,6109
光大期货,2026-06-24,CU2611,261,1513
光大期货,2026-06-24,CU2612,578,881
光大期货,2026-06-24,CU2610,,3634
光大期货,2026-06-23,CU2609,1902,5891
光大期货,2026-06-23,CU2612,527,883
光大期货,2026-06-23,CU2610,,3456
光大期货,2026-06-23,CU2611,,1292
光大期货,2026-06-22,CU2609,1788,5342
光大期货,2026-06-22,CU2611,259,934
光大期货,2026-06-22,CU2612,583,883
光大期货,2026-06-22,CU2610,,3448
光大期货,2026-06-18,CU2609,1706,5337
光大期货,2026-06-18,CU2611,264,909
光大期货,2026-06-18,CU2612,527,837
光大期货,2026-06-18,CU2610,,3427
光大期货,2026-06-17,CU2609,1702,5313
光大期货,2026-06-17,CU2612,662,832
光大期货,2026-06-17,CU2611,264,910
光大期货,2026-06-17,CU2610,,3347
光大期货,2026-06-16,CU2609,1771,5318
光大期货,2026-06-16,CU2612,663,832
光大期货,2026-06-16,CU2611,264,910
光大期货,2026-06-16,CU2610,,3347
光大期货,2026-06-15,CU2609,1737,5156
光大期货,2026-06-15,CU2612,660,833
光大期货,2026-06-15,CU2611,264,909
光大期货,2026-06-15,CU2610,,3004
光大期货,2026-06-12,CU2609,1953,4887
光大期货,2026-06-12,CU2612,661,784
光大期货,2026-06-12,CU2611,263,926
光大期货,2026-06-12,CU2610,,2527
光大期货,2026-06-11,CU2609,1873,4182
光大期货,2026-06-11,CU2612,727,782
光大期货,2026-06-11,CU2611,263,942
光大期货,2026-06-11,CU2610,,1779
光大期货,2026-06-10,CU2609,1813,4136
光大期货,2026-06-10,CU2612,758,781
光大期货,2026-06-10,CU2611,264,910
光大期货,2026-06-10,CU2610,,1769
光大期货,2026-06-09,CU2609,1636,4138
光大期货,2026-06-09,CU2612,752,729
光大期货,2026-06-09,CU2611,263,731
光大期货,2026-06-09,CU2610,,1764
光大期货,2026-06-08,CU2609,1707,3955
光大期货,2026-06-08,CU2612,752,729
光大期货,2026-06-08,CU2611,262,553
光大期货,2026-06-08,CU2610,,1770
光大期货,2026-06-05,CU2612,859,730
光大期货,2026-06-05,CU2609,1734,3578
光大期货,2026-06-05,CU2610,,1766
光大期货,2026-06-04,CU2612,851,690
光大期货,2026-06-04,CU2609,1741,3581
光大期货,2026-06-04,CU2610,,1765
光大期货,2026-06-03,CU2612,829,671
光大期货,2026-06-03,CU2609,1659,3662
光大期货,2026-06-03,CU2610,,1767
光大期货,2026-06-02,CU2612,830,677
光大期货,2026-06-02,CU2609,1647,3667
光大期货,2026-06-02,CU2610,,1778
光大期货,2026-06-01,CU2609,1850,3655
光大期货,2026-06-01,CU2612,839,997
光大期货,2026-06-01,CU2610,,1799
光大期货,2026-05-29,CU2609,1847,3653
光大期货,2026-05-29,CU2612,840,982
光大期货,2026-05-29,CU2610,,1787
光大期货,2026-05-28,CU2609,1769,3668
光大期货,2026-05-28,CU2612,758,980
光大期货,2026-05-28,CU2610,,1803
光大期货,2026-05-27,CU2612,917,1016
光大期货,2026-05-27,CU2609,1663,3899
光大期货,2026-05-27,CU2610,,1793
光大期货,2026-05-26,CU2612,953,935
光大期货,2026-05-26,CU2609,1652,3897
光大期货,2026-05-26,CU2610,,1793
光大期货,2026-05-25,CU2612,950,935
光大期货,2026-05-25,CU2609,1621,3853
光大期货,2026-05-25,CU2610,,1332
光大期货,2026-05-22,CU2612,889,935
光大期货,2026-05-22,CU2609,1624,3040
光大期货,2026-05-22,CU2610,,1106
光大期货,2026-05-21,CU2609,1648,2996
光大期货,2026-05-21,CU2612,864,934
光大期货,2026-05-21,CU2610,,1106
光大期货,2026-05-20,CU2609,1640,3079
光大期货,2026-05-20,CU2612,758,948
光大期货,2026-05-20,CU2610,,1106
光大期货,2026-05-19,CU2609,1625,3116
光大期货,2026-05-19,CU2612,765,926
光大期货,2026-05-19,CU2610,,1104
光大期货,2026-05-18,CU2609,1625,3095
光大期货,2026-05-18,CU2612,814,926
光大期货,2026-05-18,CU2610,,1104
光大期货,2026-05-15,CU2609,1629,2971
光大期货,2026-05-15,CU2612,797,1072
光大期货,2026-05-15,CU2610,,1106
光大期货,2026-05-14,CU2609,1582,2978
光大期货,2026-05-14,CU2612,764,1250
光大期货,2026-05-14,CU2610,,1139
光大期货,2026-05-13,CU2609,1496,3254
光大期货,2026-05-13,CU2612,788,2142
光大期货,2026-05-13,CU2610,,1486
光大期货,2026-05-12,CU2609,1465,3283
光大期货,2026-05-12,CU2612,756,2142
光大期货,2026-05-12,CU2610,,1485
光大期货,2026-05-11,CU2609,1402,3177
光大期货,2026-05-11,CU2612,774,2141
光大期货,2026-05-11,CU2610,,1485
光大期货,2026-05-08,CU2609,1368,3186
光大期货,2026-05-08,CU2612,711,2062
光大期货,2026-05-08,CU2610,,1492
光大期货,2026-05-07,CU2609,1381,3133
光大期货,2026-05-07,CU2612,712,2052
光大期货,2026-05-07,CU2610,,1506
光大期货,2026-05-06,CU2609,1343,3205
光大期货,2026-05-06,CU2612,711,2052
光大期货,2026-05-06,CU2610,192,1490
光大期货,2026-04-30,CU2609,1440,3202
光大期货,2026-04-30,CU2612,443,2052
光大期货,2026-04-30,CU2610,207,1506
光大期货,2026-04-29,CU2609,1685,3203
光大期货,2026-04-29,CU2612,443,2052
光大期货,2026-04-29,CU2610,205,1503
光大期货,2026-04-28,CU2609,1672,3056
光大期货,2026-04-28,CU2612,442,2000
光大期货,2026-04-27,CU2609,1641,3079
光大期货,2026-04-27,CU2612,465,1854
光大期货,2026-04-24,CU2609,1675,3071
光大期货,2026-04-24,CU2612,480,1867
光大期货,2026-04-23,CU2609,1458,3065
光大期货,2026-04-23,CU2612,400,1862
光大期货,2026-04-22,CU2609,1363,3071
光大期货,2026-04-22,CU2612,420,1927
光大期货,2026-04-21,CU2609,1408,3043
光大期货,2026-04-21,CU2612,391,1927
光大期货,2026-04-20,CU2609,1398,2913
光大期货,2026-04-20,CU2612,388,1927
光大期货,2026-04-17,CU2609,1379,2895
光大期货,2026-04-17,CU2612,384,1926
光大期货,2026-04-16,CU2609,1354,2892
光大期货,2026-04-16,CU2612,380,1922
光大期货,2026-04-15,CU2609,1344,2901
光大期货,2026-04-15,CU2612,384,1925
光大期货,2026-04-14,CU2609,1287,2830
光大期货,2026-04-14,CU2612,383,1768
光大期货,2026-04-13,CU2609,1122,2819
光大期货,2026-04-13,CU2612,375,1711
光大期货,2026-04-10,CU2609,1093,2863
光大期货,2026-04-10,CU2612,,1704
光大期货,2026-04-09,CU2609,1033,2845
光大期货,2026-04-09,CU2612,,1698
光大期货,2026-04-08,CU2609,1012,2848
光大期货,2026-04-08,CU2612,,1689
光大期货,2026-04-07,CU2609,998,2866
光大期货,2026-04-07,CU2612,,1684
光大期货,2026-04-03,CU2609,1001,2870
光大期货,2026-04-03,CU2612,,1684
光大期货,2026-04-02,CU2609,1023,2905
光大期货,2026-04-02,CU2612,,1685
光大期货,2026-04-01,CU2609,1047,2893
光大期货,2026-04-01,CU2612,384,1612
光大期货,2026-03-31,CU2609,1018,2940
光大期货,2026-03-31,CU2612,,1609
光大期货,2026-03-30,CU2609,1004,2932
光大期货,2026-03-30,CU2612,389,1633
光大期货,2026-03-27,CU2609,1006,2949
光大期货,2026-03-27,CU2612,397,1641
光大期货,2026-03-26,CU2609,1020,2958
光大期货,2026-03-26,CU2612,405,1649
光大期货,2026-03-25,CU2609,1005,3246
光大期货,2026-03-25,CU2612,377,1318
光大期货,2026-03-24,CU2609,1022,3269
光大期货,2026-03-24,CU2612,382,1325
光大期货,2026-03-23,CU2609,1027,3318
光大期货,2026-03-23,CU2612,421,1359
光大期货,2026-03-20,CU2609,971,2883
光大期货,2026-03-20,CU2612,383,1325
光大期货,2026-03-19,CU2609,809,2663
光大期货,2026-03-19,CU2612,384,1326
光大期货,2026-03-18,CU2609,809,2628
光大期货,2026-03-18,CU2612,354,1291
光大期货,2026-03-17,CU2612,353,1293
光大期货,2026-03-17,CU2609,677,2569
光大期货,2026-03-16,CU2612,360,1305
光大期货,2026-03-16,CU2609,690,2520
光大期货,2026-03-13,CU2612,334,1292
光大期货,2026-03-13,CU2609,680,2512
光大期货,2026-03-12,CU2609,670,2510
光大期货,2026-03-11,CU2609,670,2511
光大期货,2026-03-10,CU2609,664,2511
光大期货,2026-03-09,CU2609,664,2510
光大期货,2026-03-06,CU2609,664,2516
光大期货,2026-03-05,CU2609,683,2605
光大期货,2026-03-04,CU2609,685,2591
光大期货,2026-03-03,CU2609,679,2591
光大期货,2026-03-02,CU2609,654,2504
光大期货,2026-02-27,CU2609,651,2505
光大期货,2026-02-26,CU2609,636,2506
光大期货,2026-02-25,CU2609,640,2509
光大期货,2026-02-24,CU2609,570,2477
光大期货,2026-02-13,CU2609,569,2476
光大期货,2026-02-12,CU2609,600,2641
光大期货,2026-02-11,CU2609,612,2647
光大期货,2026-02-10,CU2609,612,2667
光大期货,2026-02-09,CU2609,580,2666
光大期货,2026-02-06,CU2609,517,2660
光大期货,2026-02-05,CU2609,657,2661
光大期货,2026-02-04,CU2609,642,2664
光大期货,2026-02-03,CU2609,646,2662
光大期货,2026-02-02,CU2609,780,2660
光大期货,2026-01-30,CU2609,811,2720
光大期货,2026-01-29,CU2609,670,2733
光大期货,2026-01-28,CU2609,615,2678
光大期货,2026-01-27,CU2609,623,2675
光大期货,2026-01-26,CU2609,636,2693
光大期货,2026-01-23,CU2609,612,2676
光大期货,2026-01-22,CU2609,626,2703
光大期货,2026-01-21,CU2609,628,2714
光大期货,2026-01-20,CU2609,612,2697
光大期货,2026-01-19,CU2609,631,2695
光大期货,2026-01-16,CU2609,635,2701
光大期货,2026-01-15,CU2609,647,2703
光大期货,2026-01-14,CU2609,658,2690
光大期货,2026-01-13,CU2609,669,2697
光大期货,2026-01-12,CU2609,646,2700
光大期货,2026-01-09,CU2609,601,2677
光大期货,2026-01-08,CU2609,592,2684
光大期货,2026-01-07,CU2609,504,2842
光大期货,2026-01-06,CU2609,432,2832
光大期货,2026-01-05,CU2609,496,2837
光大期货,2025-12-31,CU2609,454,2826
光大期货,2025-12-30,CU2609,468,2830
光大期货,2025-12-29,CU2609,460,2350
光大期货,2025-12-26,CU2609,458,2349
光大期货,2025-12-25,CU2609,504,2340
光大期货,2025-12-24,CU2609,495,2436
